cluster_id,asset_id,distinct_alarm_count,total_events,alarms_in_cluster,start_time,end_time
0,P-0300,2,3,"P-0300.PDI_HI,P-0300.PI_LO",2025-01-02 20:32:16,2025-01-02 20:45:52
1,P-0300,2,2,"P-0300.PDI_HI,P-0300.PI_HI",2025-01-03 08:26:38,2025-01-03 08:30:42
2,P-0300,2,2,"P-0300.SI_LO,P-0300.PDI_HI",2025-01-05 09:24:14,2025-01-05 09:39:12
3,P-0300,2,2,"P-0300.II_HI,P-0300.SI_LO",2025-01-05 13:09:57,2025-01-05 13:10:01
4,P-0300,2,2,"P-0300.TI_HI,P-0300.VI_HI",2025-01-09 15:43:42,2025-01-09 15:45:10
5,P-0300,2,2,"P-0300.FI_LO,P-0300.II_HI",2025-01-10 14:30:06,2025-01-10 14:31:34
6,P-0300,2,2,"P-0300.PI_HI,P-0300.FI_LO",2025-01-10 22:48:43,2025-01-10 23:17:52
7,P-0300,2,2,"P-0300.TI_HI,P-0300.PDI_HI",2025-01-11 08:17:15,2025-01-11 08:46:25
8,P-0300,2,3,"P-0300.II_HI,P-0300.TI_HI",2025-01-13 12:15:26,2025-01-13 12:40:55
9,P-0300,2,2,"P-0300.II_HI,P-0300.TI_HI",2025-01-13 14:04:17,2025-01-13 14:28:17
10,P-0300,2,2,"P-0300.PI_LO,P-0300.TI_HI",2025-01-14 11:24:04,2025-01-14 11:47:22
11,P-0300,2,2,"P-0300.PI_HI,P-0300.FI_LO",2025-01-15 04:18:13,2025-01-15 04:33:29
12,P-0300,5,5,"P-0300.PI_LO,P-0300.FI_LO,P-0300.VI_HI,P-0300.PDI_HI,P-0300.TI_HI",2025-01-16 14:22:30,2025-01-16 14:24:10
13,P-0300,2,2,"P-0300.TI_HI,P-0300.PDI_HI",2025-01-17 12:16:55,2025-01-17 12:18:49
14,P-0300,2,2,"P-0300.SI_LO,P-0300.FI_LO",2025-01-17 23:10:09,2025-01-17 23:13:28
15,P-0300,2,2,"P-0300.PI_LO,P-0300.PDI_HI",2025-01-18 07:04:07,2025-01-18 07:05:34
16,P-0300,2,2,"P-0300.PDI_HI,P-0300.PI_LO",2025-01-26 17:52:43,2025-01-26 18:01:10
17,P-0300,2,2,"P-0300.FI_LO,P-0300.II_HI",2025-01-31 09:34:41,2025-01-31 09:41:55
18,P-0300,2,2,"P-0300.PDI_HI,P-0300.PI_LO",2025-02-01 16:04:00,2025-02-01 16:16:48
19,P-0300,3,3,"P-0300.VI_HI,P-0300.FI_LO,P-0300.SI_LO",2025-02-02 12:28:12,2025-02-02 13:06:46
20,P-0300,2,2,"P-0300.PI_HI,P-0300.II_HI",2025-02-02 16:25:12,2025-02-02 16:36:50
21,P-0300,2,2,"P-0300.PDI_HI,P-0300.II_HI",2025-02-07 15:25:47,2025-02-07 15:30:09
22,P-0300,2,2,"P-0300.VI_HI,P-0300.FI_LO",2025-02-11 23:00:30,2025-02-11 23:21:29
23,P-0300,2,3,"P-0300.SI_LO,P-0300.PI_LO",2025-02-13 10:36:54,2025-02-13 10:49:29
24,P-0300,2,2,"P-0300.PDI_HI,P-0300.PI_LO",2025-02-15 12:41:04,2025-02-15 13:00:50
25,P-0300,2,2,"P-0300.II_HI,P-0300.FI_LO",2025-02-16 11:22:36,2025-02-16 11:24:52
26,P-0300,2,2,"P-0300.SI_LO,P-0300.TI_HI",2025-02-16 14:44:09,2025-02-16 15:11:08
27,P-0300,2,2,"P-0300.SI_LO,P-0300.PDI_HI",2025-02-18 09:04:25,2025-02-18 09:12:14
28,P-0300,2,2,"P-0300.VI_HI,P-0300.FI_LO",2025-02-19 00:42:03,2025-02-19 00:54:31
29,P-0300,2,2,"P-0300.PDI_HI,P-0300.PI_LO",2025-02-20 11:05:56,2025-02-20 11:25:45
30,P-0300,2,2,"P-0300.PI_LO,P-0300.VI_HI",2025-02-20 16:08:00,2025-02-20 16:25:16
31,P-0300,2,2,"P-0300.II_HI,P-0300.PI_HI",2025-02-21 19:24:59,2025-02-21 19:37:07
32,P-0300,2,2,"P-0300.PDI_HI,P-0300.PI_HI",2025-02-22 00:13:51,2025-02-22 00:42:54
33,P-0300,2,2,"P-0300.VI_HI,P-0300.SI_LO",2025-02-24 15:50:36,2025-02-24 15:56:23
34,P-0300,2,2,"P-0300.PI_LO,P-0300.PDI_HI",2025-02-26 08:51:25,2025-02-26 09:10:25
35,P-0300,2,2,"P-0300.PI_HI,P-0300.FI_LO",2025-02-28 23:30:41,2025-02-28 23:45:06
36,P-0300,2,2,"P-0300.II_HI,P-0300.VI_HI",2025-03-01 14:41:50,2025-03-01 14:42:42
37,P-0300,2,2,"P-0300.VI_HI,P-0300.II_HI",2025-03-01 18:51:08,2025-03-01 19:07:35
38,P-0300,2,2,"P-0300.PI_LO,P-0300.II_HI",2025-03-02 14:53:05,2025-03-02 15:12:25
39,P-0300,2,2,"P-0300.II_HI,P-0300.PI_HI",2025-03-03 16:00:03,2025-03-03 16:11:01
40,P-0300,2,3,"P-0300.VI_HI,P-0300.II_HI",2025-03-06 14:01:06,2025-03-06 14:37:55
41,P-0300,2,2,"P-0300.FI_LO,P-0300.PI_LO",2025-03-11 16:51:58,2025-03-11 16:56:33
42,P-0300,2,2,"P-0300.II_HI,P-0300.PDI_HI",2025-03-12 14:06:12,2025-03-12 14:14:09
43,P-0300,2,2,"P-0300.PI_HI,P-0300.SI_LO",2025-03-12 20:46:08,2025-03-12 20:51:55
44,P-0300,2,2,"P-0300.PI_HI,P-0300.PDI_HI",2025-03-14 23:44:09,2025-03-14 23:53:55
45,P-0300,3,3,"P-0300.TI_HI,P-0300.VI_HI,P-0300.PI_HI",2025-03-16 15:55:56,2025-03-16 16:41:08
46,P-0300,3,3,"P-0300.FI_LO,P-0300.PI_HI,P-0300.VI_HI",2025-03-16 17:12:47,2025-03-16 17:23:42
47,P-0300,2,2,"P-0300.VI_HI,P-0300.PDI_HI",2025-03-17 05:17:10,2025-03-17 05:37:51
48,P-0300,2,2,"P-0300.SI_LO,P-0300.II_HI",2025-03-17 23:43:14,2025-03-17 23:54:20
49,P-0300,2,2,"P-0300.VI_HI,P-0300.PI_LO",2025-03-20 12:52:26,2025-03-20 13:12:55
50,P-0300,2,2,"P-0300.PDI_HI,P-0300.SI_LO",2025-03-21 15:52:05,2025-03-21 16:04:26
51,P-0300,2,2,"P-0300.II_HI,P-0300.TI_HI",2025-03-24 17:10:56,2025-03-24 17:14:54
52,P-0300,2,2,"P-0300.FI_LO,P-0300.SI_LO",2025-03-25 13:13:07,2025-03-25 13:16:24
53,P-0300,2,2,"P-0300.TI_HI,P-0300.SI_LO",2025-03-26 12:30:05,2025-03-26 12:33:18
54,P-0300,2,2,"P-0300.VI_HI,P-0300.TI_HI",2025-03-26 14:07:44,2025-03-26 14:22:55
55,P-0300,2,2,"P-0300.II_HI,P-0300.SI_LO",2025-03-30 14:40:01,2025-03-30 14:54:02
56,P-0300,2,2,"P-0300.TI_HI,P-0300.PI_HI",2025-04-02 10:44:12,2025-04-02 11:00:57
57,P-0300,2,2,"P-0300.TI_HI,P-0300.FI_LO",2025-04-03 10:27:51,2025-04-03 10:35:58
58,P-0300,2,3,"P-0300.II_HI,P-0300.PDI_HI",2025-04-04 10:17:25,2025-04-04 10:52:12
59,P-0300,2,2,"P-0300.II_HI,P-0300.TI_HI",2025-04-06 10:00:26,2025-04-06 10:04:12
60,P-0300,2,2,"P-0300.PI_LO,P-0300.SI_LO",2025-04-06 10:46:59,2025-04-06 10:56:46
61,P-0300,2,2,"P-0300.SI_LO,P-0300.PI_LO",2025-04-07 17:14:59,2025-04-07 17:44:59
62,P-0300,2,3,"P-0300.II_HI,P-0300.PI_LO",2025-04-08 16:52:52,2025-04-08 17:36:26
63,P-0300,3,4,"P-0300.FI_LO,P-0300.TI_HI,P-0300.PI_LO",2025-04-09 13:13:20,2025-04-09 13:41:52
64,P-0300,2,2,"P-0300.TI_HI,P-0300.PI_HI",2025-04-09 20:43:19,2025-04-09 21:02:47
65,P-0300,2,2,"P-0300.VI_HI,P-0300.SI_LO",2025-04-10 16:36:24,2025-04-10 17:03:15
66,P-0300,2,2,"P-0300.TI_HI,P-0300.VI_HI",2025-04-11 12:17:58,2025-04-11 12:32:27
67,P-0300,2,2,"P-0300.PDI_HI,P-0300.FI_LO",2025-04-12 08:56:58,2025-04-12 09:23:40
68,P-0300,2,2,"P-0300.PI_HI,P-0300.FI_LO",2025-04-12 10:21:55,2025-04-12 10:28:03
69,P-0300,3,3,"P-0300.SI_LO,P-0300.FI_LO,P-0300.TI_HI",2025-04-13 10:22:56,2025-04-13 11:08:31
70,P-0300,2,3,"P-0300.FI_LO,P-0300.PDI_HI",2025-04-15 12:01:25,2025-04-15 12:34:31
71,P-0300,2,2,"P-0300.PI_HI,P-0300.PDI_HI",2025-04-16 16:26:34,2025-04-16 16:32:02
72,P-0300,3,3,"P-0300.TI_HI,P-0300.PI_LO,P-0300.PDI_HI",2025-04-18 10:27:49,2025-04-18 10:49:35
73,P-0300,2,2,"P-0300.FI_LO,P-0300.PI_HI",2025-04-22 12:21:07,2025-04-22 12:43:32
74,P-0300,2,2,"P-0300.PI_HI,P-0300.II_HI",2025-04-23 09:06:27,2025-04-23 09:11:24
75,P-0300,2,2,"P-0300.PI_HI,P-0300.VI_HI",2025-04-23 13:19:46,2025-04-23 13:45:19
76,P-0300,2,2,"P-0300.TI_HI,P-0300.PI_LO",2025-04-23 15:50:30,2025-04-23 15:51:36
77,P-0300,2,2,"P-0300.PI_HI,P-0300.FI_LO",2025-04-27 11:36:50,2025-04-27 11:53:53
78,P-0300,2,2,"P-0300.PI_HI,P-0300.PI_LO",2025-04-28 13:21:18,2025-04-28 13:46:37
79,P-0300,2,2,"P-0300.PI_LO,P-0300.PDI_HI",2025-04-30 23:27:59,2025-04-30 23:46:03
80,P-0300,2,2,"P-0300.PI_HI,P-0300.PI_LO",2025-05-03 11:11:26,2025-05-03 11:18:27
81,P-0300,2,2,"P-0300.PI_HI,P-0300.PI_LO",2025-05-03 18:05:35,2025-05-03 18:19:11
82,P-0300,2,2,"P-0300.PI_LO,P-0300.PDI_HI",2025-05-06 16:06:39,2025-05-06 16:12:56
83,P-0300,2,2,"P-0300.VI_HI,P-0300.FI_LO",2025-05-06 19:30:58,2025-05-06 19:44:45
84,P-0300,3,3,"P-0300.VI_HI,P-0300.SI_LO,P-0300.PDI_HI",2025-05-09 22:25:46,2025-05-09 22:38:48
85,P-0300,2,3,"P-0300.PI_HI,P-0300.FI_LO",2025-05-16 15:26:05,2025-05-16 15:41:24
86,P-0300,2,2,"P-0300.PI_LO,P-0300.TI_HI",2025-05-18 13:47:24,2025-05-18 13:52:56
87,P-0300,2,2,"P-0300.PI_LO,P-0300.PI_HI",2025-05-18 14:40:12,2025-05-18 14:58:46
88,P-0300,2,2,"P-0300.II_HI,P-0300.PDI_HI",2025-05-20 18:23:43,2025-05-20 18:28:52
89,P-0300,2,2,"P-0300.PI_LO,P-0300.PDI_HI",2025-05-23 17:46:03,2025-05-23 17:52:49
90,P-0300,2,2,"P-0300.PI_HI,P-0300.II_HI",2025-05-24 18:44:48,2025-05-24 18:45:13
91,P-0300,3,3,"P-0300.TI_HI,P-0300.FI_LO,P-0300.PI_HI",2025-05-26 09:31:06,2025-05-26 10:20:46
92,P-0300,2,2,"P-0300.TI_HI,P-0300.VI_HI",2025-05-27 09:15:36,2025-05-27 09:17:00
93,P-0300,2,2,"P-0300.SI_LO,P-0300.PI_HI",2025-05-27 10:03:40,2025-05-27 10:17:25
94,P-0300,2,2,"P-0300.TI_HI,P-0300.PI_LO",2025-05-28 07:04:34,2025-05-28 07:32:32
95,P-0300,2,2,"P-0300.SI_LO,P-0300.FI_LO",2025-05-28 21:27:09,2025-05-28 21:27:13
96,P-0300,2,2,"P-0300.FI_LO,P-0300.PI_HI",2025-05-28 22:24:27,2025-05-28 22:44:19
97,P-0300,2,2,"P-0300.PI_HI,P-0300.PI_LO",2025-05-28 23:14:22,2025-05-28 23:25:15
98,P-0300,2,2,"P-0300.PI_HI,P-0300.PI_LO",2025-05-29 23:40:56,2025-05-29 23:48:56
99,P-0300,2,2,"P-0300.PDI_HI,P-0300.PI_LO",2025-05-31 12:24:35,2025-05-31 12:49:50
100,P-0300,2,2,"P-0300.VI_HI,P-0300.SI_LO",2025-05-31 15:24:54,2025-05-31 15:43:32
101,P-0300,2,2,"P-0300.PDI_HI,P-0300.SI_LO",2025-05-31 16:48:34,2025-05-31 16:54:53
102,P-0300,2,2,"P-0300.SI_LO,P-0300.PI_LO",2025-05-31 23:37:57,2025-05-31 23:54:18
103,P-0300,2,2,"P-0300.TI_HI,P-0300.VI_HI",2025-06-01 16:21:26,2025-06-01 16:46:25
104,P-0300,2,2,"P-0300.VI_HI,P-0300.TI_HI",2025-06-01 18:18:45,2025-06-01 18:25:26
105,P-0300,2,2,"P-0300.II_HI,P-0300.PDI_HI",2025-06-04 18:52:45,2025-06-04 18:56:37
106,P-0300,2,3,"P-0300.PI_HI,P-0300.TI_HI",2025-06-05 19:16:22,2025-06-05 20:01:02
107,P-0300,2,2,"P-0300.PI_LO,P-0300.PI_HI",2025-06-07 12:17:55,2025-06-07 12:22:14
108,P-0300,2,2,"P-0300.TI_HI,P-0300.PDI_HI",2025-06-07 14:48:15,2025-06-07 14:53:47
109,P-0300,2,2,"P-0300.II_HI,P-0300.PI_LO",2025-06-08 08:47:21,2025-06-08 09:00:46
110,P-0300,2,2,"P-0300.PDI_HI,P-0300.TI_HI",2025-06-10 17:00:38,2025-06-10 17:03:07
111,P-0300,2,2,"P-0300.VI_HI,P-0300.SI_LO",2025-06-11 13:29:59,2025-06-11 13:56:03
112,P-0300,2,2,"P-0300.PDI_HI,P-0300.SI_LO",2025-06-11 15:17:42,2025-06-11 15:26:40
113,P-0300,2,2,"P-0300.PI_LO,P-0300.PI_HI",2025-06-13 17:23:25,2025-06-13 17:35:58
114,P-0300,2,2,"P-0300.PI_LO,P-0300.PI_HI",2025-06-14 11:40:17,2025-06-14 11:42:53
115,P-0300,2,3,"P-0300.TI_HI,P-0300.PI_HI",2025-06-15 09:47:49,2025-06-15 10:36:12
116,P-0300,2,2,"P-0300.SI_LO,P-0300.II_HI",2025-06-15 11:46:51,2025-06-15 12:14:31
117,P-0300,2,2,"P-0300.SI_LO,P-0300.TI_HI",2025-06-16 11:49:59,2025-06-16 11:52:24
118,P-0300,2,2,"P-0300.PI_HI,P-0300.TI_HI",2025-06-17 11:48:47,2025-06-17 12:18:13
119,P-0300,2,2,"P-0300.PI_HI,P-0300.FI_LO",2025-06-17 13:47:22,2025-06-17 14:16:31
120,P-0300,2,2,"P-0300.PDI_HI,P-0300.TI_HI",2025-06-17 14:52:24,2025-06-17 15:04:02
121,P-0300,2,2,"P-0300.VI_HI,P-0300.PI_LO",2025-06-22 21:26:19,2025-06-22 21:47:39
122,P-0300,2,2,"P-0300.II_HI,P-0300.PI_HI",2025-06-25 00:48:48,2025-06-25 01:10:08
123,P-0300,2,2,"P-0300.PI_LO,P-0300.PDI_HI",2025-06-26 11:13:14,2025-06-26 11:29:01
124,P-0300,3,3,"P-0300.PDI_HI,P-0300.FI_LO,P-0300.PI_HI",2025-06-28 10:39:54,2025-06-28 11:01:53
125,P-0300,2,2,"P-0300.PI_HI,P-0300.PDI_HI",2025-06-28 14:24:52,2025-06-28 14:32:33
126,P-0300,2,2,"P-0300.TI_HI,P-0300.PDI_HI",2025-06-28 23:10:36,2025-06-28 23:25:20
127,P-0300,2,2,"P-0300.VI_HI,P-0300.PDI_HI",2025-06-29 22:04:59,2025-06-29 22:22:06
128,P-0300,2,2,"P-0300.PDI_HI,P-0300.PI_HI",2025-07-03 14:34:48,2025-07-03 14:53:14
129,P-0300,2,2,"P-0300.VI_HI,P-0300.FI_LO",2025-07-05 10:50:16,2025-07-05 10:53:39
130,P-0300,2,2,"P-0300.PI_LO,P-0300.FI_LO",2025-07-07 01:31:14,2025-07-07 02:00:16
131,P-0300,2,2,"P-0300.VI_HI,P-0300.PI_HI",2025-07-11 12:25:09,2025-07-11 12:38:03
132,P-0300,5,6,"P-0300.FI_LO,P-0300.SI_LO,P-0300.II_HI,P-0300.PI_HI,P-0300.PDI_HI",2025-07-13 06:08:38,2025-07-13 07:32:20
133,P-0300,2,2,"P-0300.PDI_HI,P-0300.VI_HI",2025-07-13 09:51:29,2025-07-13 10:07:30
134,P-0300,2,2,"P-0300.II_HI,P-0300.PDI_HI",2025-07-13 15:34:35,2025-07-13 15:47:22
135,P-0300,2,2,"P-0300.TI_HI,P-0300.SI_LO",2025-07-13 23:56:53,2025-07-14 00:14:09
136,P-0300,2,2,"P-0300.PDI_HI,P-0300.II_HI",2025-07-14 17:32:44,2025-07-14 17:58:36
137,P-0300,2,2,"P-0300.VI_HI,P-0300.II_HI",2025-07-15 14:54:16,2025-07-15 15:05:15
138,P-0300,2,3,"P-0300.FI_LO,P-0300.VI_HI",2025-07-18 14:03:50,2025-07-18 14:44:24
139,P-0300,2,2,"P-0300.SI_LO,P-0300.VI_HI",2025-07-19 16:16:02,2025-07-19 16:37:24
140,P-0300,2,2,"P-0300.II_HI,P-0300.SI_LO",2025-07-19 18:31:45,2025-07-19 19:01:27
141,P-0300,2,2,"P-0300.PDI_HI,P-0300.SI_LO",2025-07-21 10:18:30,2025-07-21 10:29:03
142,P-0300,2,2,"P-0300.VI_HI,P-0300.FI_LO",2025-07-22 13:23:30,2025-07-22 13:37:08
143,P-0300,2,2,"P-0300.SI_LO,P-0300.PI_HI",2025-07-23 04:05:15,2025-07-23 04:19:13
144,P-0300,2,2,"P-0300.FI_LO,P-0300.PDI_HI",2025-07-24 17:14:27,2025-07-24 17:41:02
145,P-0300,2,2,"P-0300.II_HI,P-0300.PDI_HI",2025-07-25 12:15:58,2025-07-25 12:17:18
146,P-0300,2,2,"P-0300.VI_HI,P-0300.SI_LO",2025-07-26 10:44:58,2025-07-26 10:45:01
147,P-0300,4,5,"P-0300.PI_HI,P-0300.PDI_HI,P-0300.II_HI,P-0300.PI_LO",2025-07-26 16:48:36,2025-07-26 17:28:23
148,P-0300,2,2,"P-0300.FI_LO,P-0300.PI_LO",2025-07-27 09:50:44,2025-07-27 10:17:13
149,P-0300,2,2,"P-0300.II_HI,P-0300.PDI_HI",2025-07-27 14:29:58,2025-07-27 14:45:50
150,P-0300,2,3,"P-0300.FI_LO,P-0300.VI_HI",2025-07-28 09:13:34,2025-07-28 09:23:39
151,P-0300,2,2,"P-0300.PI_HI,P-0300.SI_LO",2025-07-28 14:56:32,2025-07-28 15:00:23
152,P-0300,2,2,"P-0300.II_HI,P-0300.PI_LO",2025-07-29 10:45:34,2025-07-29 11:13:13
153,P-0300,2,2,"P-0300.PI_HI,P-0300.SI_LO",2025-07-29 16:02:50,2025-07-29 16:04:10
154,P-0300,2,2,"P-0300.FI_LO,P-0300.PI_LO",2025-07-29 18:39:53,2025-07-29 19:04:21
155,P-0300,2,2,"P-0300.FI_LO,P-0300.PI_LO",2025-07-30 07:16:00,2025-07-30 07:34:24
156,P-0300,2,2,"P-0300.TI_HI,P-0300.PI_HI",2025-07-31 06:51:12,2025-07-31 07:14:56
157,P-0300,2,2,"P-0300.PI_LO,P-0300.FI_LO",2025-07-31 08:03:38,2025-07-31 08:33:28
158,P-0300,3,3,"P-0300.SI_LO,P-0300.II_HI,P-0300.PDI_HI",2025-07-31 17:13:13,2025-07-31 17:51:07
159,P-0300,2,3,"P-0300.PI_HI,P-0300.PDI_HI",2025-08-01 07:55:20,2025-08-01 08:24:02
160,P-0300,2,2,"P-0300.FI_LO,P-0300.PI_HI",2025-08-01 09:12:23,2025-08-01 09:29:15
161,P-0300,2,2,"P-0300.FI_LO,P-0300.PDI_HI",2025-08-01 10:01:57,2025-08-01 10:17:27
162,P-0300,2,2,"P-0300.PDI_HI,P-0300.SI_LO",2025-08-02 08:56:28,2025-08-02 09:21:59
163,P-0300,3,3,"P-0300.II_HI,P-0300.PI_LO,P-0300.PDI_HI",2025-08-02 16:54:15,2025-08-02 17:13:04
164,P-0300,2,2,"P-0300.PDI_HI,P-0300.SI_LO",2025-08-03 14:05:53,2025-08-03 14:26:11
165,P-0300,3,3,"P-0300.II_HI,P-0300.PDI_HI,P-0300.PI_HI",2025-08-03 18:38:02,2025-08-03 18:42:12
166,P-0300,2,2,"P-0300.PDI_HI,P-0300.PI_LO",2025-08-03 21:07:56,2025-08-03 21:21:37
167,P-0300,2,2,"P-0300.PI_LO,P-0300.VI_HI",2025-08-04 09:11:44,2025-08-04 09:25:34
168,P-0300,2,2,"P-0300.PI_LO,P-0300.SI_LO",2025-08-04 15:21:57,2025-08-04 15:22:42
169,P-0300,2,3,"P-0300.PDI_HI,P-0300.FI_LO",2025-08-06 03:47:04,2025-08-06 04:07:03
170,P-0300,3,3,"P-0300.PI_HI,P-0300.PI_LO,P-0300.SI_LO",2025-08-06 13:49:20,2025-08-06 14:31:15
171,P-0300,2,2,"P-0300.VI_HI,P-0300.II_HI",2025-08-06 22:57:11,2025-08-06 23:12:57
172,P-0300,2,2,"P-0300.PI_LO,P-0300.FI_LO",2025-08-07 05:10:48,2025-08-07 05:15:57
173,P-0300,2,2,"P-0300.PDI_HI,P-0300.FI_LO",2025-08-07 09:15:58,2025-08-07 09:32:36
174,P-0300,5,6,"P-0300.PI_HI,P-0300.PI_LO,P-0300.FI_LO,P-0300.PDI_HI,P-0300.SI_LO",2025-08-07 11:48:48,2025-08-07 12:56:30
175,P-0300,3,5,"P-0300.VI_HI,P-0300.FI_LO,P-0300.PDI_HI",2025-08-07 13:38:51,2025-08-07 14:41:57
176,P-0300,3,3,"P-0300.PI_HI,P-0300.SI_LO,P-0300.PDI_HI",2025-08-09 06:54:27,2025-08-09 07:29:41
177,P-0300,2,2,"P-0300.PI_HI,P-0300.PDI_HI",2025-08-09 08:44:56,2025-08-09 09:05:28
178,P-0300,2,2,"P-0300.II_HI,P-0300.PI_HI",2025-08-09 16:49:29,2025-08-09 16:49:52
179,P-0300,2,2,"P-0300.TI_HI,P-0300.PI_LO",2025-08-09 17:47:40,2025-08-09 18:02:06
180,P-0300,2,2,"P-0300.PDI_HI,P-0300.PI_LO",2025-08-10 10:12:12,2025-08-10 10:36:25
181,P-0300,3,3,"P-0300.TI_HI,P-0300.PI_HI,P-0300.PI_LO",2025-08-10 12:48:15,2025-08-10 13:27:09
182,P-0300,2,2,"P-0300.PI_LO,P-0300.PI_HI",2025-08-10 19:27:10,2025-08-10 19:32:48
183,P-0300,2,2,"P-0300.FI_LO,P-0300.PI_LO",2025-08-11 10:58:22,2025-08-11 11:18:50
184,P-0300,2,2,"P-0300.PDI_HI,P-0300.PI_LO",2025-08-11 16:44:57,2025-08-11 17:10:25
185,P-0300,2,2,"P-0300.PDI_HI,P-0300.PI_LO",2025-08-12 05:09:54,2025-08-12 05:11:54
186,P-0300,2,2,"P-0300.II_HI,P-0300.FI_LO",2025-08-12 14:07:08,2025-08-12 14:35:54
187,P-0300,2,2,"P-0300.PI_LO,P-0300.PI_HI",2025-08-12 19:48:05,2025-08-12 20:00:47
188,P-0300,2,2,"P-0300.FI_LO,P-0300.PDI_HI",2025-08-13 08:24:48,2025-08-13 08:34:10
189,P-0300,2,2,"P-0300.II_HI,P-0300.PI_HI",2025-08-13 17:02:22,2025-08-13 17:10:55
190,P-0300,3,3,"P-0300.SI_LO,P-0300.PI_LO,P-0300.PI_HI",2025-08-14 13:26:42,2025-08-14 14:00:32
191,P-0300,2,2,"P-0300.FI_LO,P-0300.PDI_HI",2025-08-14 15:48:47,2025-08-14 15:55:05
192,P-0300,2,2,"P-0300.II_HI,P-0300.PDI_HI",2025-08-14 16:43:08,2025-08-14 16:48:47
193,P-0300,2,2,"P-0300.PI_HI,P-0300.PDI_HI",2025-08-15 10:08:05,2025-08-15 10:27:13
194,P-0300,2,2,"P-0300.PI_LO,P-0300.FI_LO",2025-08-15 11:42:25,2025-08-15 12:11:48
195,P-0300,2,2,"P-0300.FI_LO,P-0300.PI_LO",2025-08-15 13:11:14,2025-08-15 13:32:52
196,P-0300,4,5,"P-0300.PI_LO,P-0300.PDI_HI,P-0300.II_HI,P-0300.PI_HI",2025-08-15 14:13:01,2025-08-15 15:52:05
197,P-0300,2,2,"P-0300.FI_LO,P-0300.PI_LO",2025-08-16 10:31:20,2025-08-16 10:48:07
198,P-0300,2,2,"P-0300.PI_LO,P-0300.PDI_HI",2025-08-16 12:04:35,2025-08-16 12:34:03
199,P-0300,3,3,"P-0300.FI_LO,P-0300.PDI_HI,P-0300.PI_LO",2025-08-16 14:48:29,2025-08-16 15:32:37
200,P-0300,4,4,"P-0300.FI_LO,P-0300.PDI_HI,P-0300.PI_HI,P-0300.PI_LO",2025-08-17 11:02:11,2025-08-17 11:40:56
201,P-0300,3,3,"P-0300.PDI_HI,P-0300.PI_HI,P-0300.PI_LO",2025-08-17 13:57:41,2025-08-17 14:21:58
202,P-0300,2,3,"P-0300.PDI_HI,P-0300.PI_HI",2025-08-17 14:56:52,2025-08-17 15:21:04
203,P-0300,2,2,"P-0300.PI_LO,P-0300.FI_LO",2025-08-17 18:42:42,2025-08-17 19:04:10
204,P-0300,3,3,"P-0300.PDI_HI,P-0300.FI_LO,P-0300.PI_LO",2025-08-18 02:02:05,2025-08-18 02:16:24
205,P-0300,2,2,"P-0300.PI_LO,P-0300.FI_LO",2025-08-18 08:02:46,2025-08-18 08:06:12
206,P-0300,3,3,"P-0300.FI_LO,P-0300.VI_HI,P-0300.PI_LO",2025-08-18 11:08:48,2025-08-18 11:40:41
207,P-0300,3,4,"P-0300.PI_HI,P-0300.PDI_HI,P-0300.SI_LO",2025-08-18 12:24:03,2025-08-18 12:45:09
208,P-0300,2,2,"P-0300.VI_HI,P-0300.TI_HI",2025-08-19 11:46:17,2025-08-19 12:02:12
209,P-0300,2,2,"P-0300.PI_LO,P-0300.PI_HI",2025-08-19 12:50:38,2025-08-19 12:51:15
210,P-0300,2,2,"P-0300.PDI_HI,P-0300.PI_LO",2025-08-19 13:30:00,2025-08-19 13:50:21
211,P-0300,2,2,"P-0300.FI_LO,P-0300.PI_HI",2025-08-19 18:13:17,2025-08-19 18:28:46
212,P-0300,2,2,"P-0300.FI_LO,P-0300.PI_LO",2025-08-20 09:44:14,2025-08-20 10:11:12
213,P-0300,2,4,"P-0300.PDI_HI,P-0300.FI_LO",2025-08-20 13:28:04,2025-08-20 13:58:11
214,P-0300,2,2,"P-0300.FI_LO,P-0300.PDI_HI",2025-08-20 17:25:31,2025-08-20 17:51:51
215,P-0300,2,3,"P-0300.PI_LO,P-0300.FI_LO",2025-08-20 23:02:57,2025-08-20 23:08:57
216,P-0300,2,2,"P-0300.PI_LO,P-0300.PDI_HI",2025-08-21 05:18:30,2025-08-21 05:34:45
217,P-0300,2,2,"P-0300.PI_HI,P-0300.PDI_HI",2025-08-21 12:26:32,2025-08-21 12:52:30
218,P-0300,3,5,"P-0300.PDI_HI,P-0300.PI_HI,P-0300.FI_LO",2025-08-21 13:58:30,2025-08-21 14:34:57
219,P-0300,2,2,"P-0300.PI_LO,P-0300.SI_LO",2025-08-21 17:11:51,2025-08-21 17:15:32
220,P-0300,3,3,"P-0300.PDI_HI,P-0300.SI_LO,P-0300.II_HI",2025-08-21 21:56:34,2025-08-21 22:42:58
221,P-0300,5,7,"P-0300.FI_LO,P-0300.PI_LO,P-0300.SI_LO,P-0300.PI_HI,P-0300.PDI_HI",2025-08-22 08:48:17,2025-08-22 10:13:55
222,P-0300,2,3,"P-0300.FI_LO,P-0300.PI_HI",2025-08-22 14:25:37,2025-08-22 14:31:23
223,P-0300,2,2,"P-0300.TI_HI,P-0300.SI_LO",2025-08-22 15:36:28,2025-08-22 15:57:09
224,P-0300,2,2,"P-0300.SI_LO,P-0300.PI_HI",2025-08-22 18:34:59,2025-08-22 18:58:01
225,P-0300,2,2,"P-0300.FI_LO,P-0300.PDI_HI",2025-08-22 19:32:32,2025-08-22 19:56:43
226,P-0300,2,2,"P-0300.PI_HI,P-0300.FI_LO",2025-08-23 08:07:07,2025-08-23 08:10:23
227,P-0300,3,3,"P-0300.PDI_HI,P-0300.VI_HI,P-0300.PI_LO",2025-08-23 10:00:51,2025-08-23 10:39:29
228,P-0300,2,2,"P-0300.VI_HI,P-0300.PI_HI",2025-08-23 12:31:04,2025-08-23 12:57:33
229,P-0300,3,3,"P-0300.PI_LO,P-0300.FI_LO,P-0300.PI_HI",2025-08-23 15:18:26,2025-08-23 15:51:54
230,P-0300,2,2,"P-0300.PI_HI,P-0300.PI_LO",2025-08-24 03:37:55,2025-08-24 03:51:13
231,P-0300,2,2,"P-0300.II_HI,P-0300.FI_LO",2025-08-24 05:16:07,2025-08-24 05:31:16
232,P-0300,2,4,"P-0300.PI_HI,P-0300.PDI_HI",2025-08-24 07:54:45,2025-08-24 08:58:18
233,P-0300,2,5,"P-0300.PI_LO,P-0300.FI_LO",2025-08-25 06:48:31,2025-08-25 07:31:58
234,P-0300,2,2,"P-0300.II_HI,P-0300.FI_LO",2025-08-25 09:40:11,2025-08-25 09:55:49
235,P-0300,2,4,"P-0300.FI_LO,P-0300.II_HI",2025-08-25 12:11:56,2025-08-25 12:45:58
236,P-0300,2,3,"P-0300.PDI_HI,P-0300.PI_HI",2025-08-25 14:47:17,2025-08-25 15:33:27
237,P-0300,2,2,"P-0300.FI_LO,P-0300.PI_HI",2025-08-25 18:31:24,2025-08-25 18:47:22
238,P-0300,4,4,"P-0300.PI_HI,P-0300.TI_HI,P-0300.PI_LO,P-0300.II_HI",2025-08-26 05:40:30,2025-08-26 06:31:45
239,P-0300,3,3,"P-0300.PI_LO,P-0300.PI_HI,P-0300.FI_LO",2025-08-26 11:14:10,2025-08-26 11:38:34
240,P-0300,4,4,"P-0300.PI_LO,P-0300.PDI_HI,P-0300.FI_LO,P-0300.SI_LO",2025-08-26 13:17:26,2025-08-26 13:55:39
241,P-0300,3,3,"P-0300.PDI_HI,P-0300.PI_HI,P-0300.TI_HI",2025-08-26 14:48:25,2025-08-26 15:14:16
242,P-0300,2,2,"P-0300.II_HI,P-0300.PI_HI",2025-08-26 16:30:59,2025-08-26 16:56:16
243,P-0300,2,2,"P-0300.PI_HI,P-0300.PDI_HI",2025-08-27 00:39:16,2025-08-27 00:55:18
244,P-0300,2,2,"P-0300.FI_LO,P-0300.TI_HI",2025-08-27 07:58:25,2025-08-27 08:02:46
245,P-0300,5,9,"P-0300.PI_LO,P-0300.PDI_HI,P-0300.TI_HI,P-0300.VI_HI,P-0300.PI_HI",2025-08-27 12:03:35,2025-08-27 13:46:47
246,P-0300,2,2,"P-0300.II_HI,P-0300.PI_HI",2025-08-27 23:19:22,2025-08-27 23:38:44
247,P-0300,2,2,"P-0300.TI_HI,P-0300.PI_LO",2025-08-28 06:20:21,2025-08-28 06:31:47
248,P-0300,2,2,"P-0300.PDI_HI,P-0300.II_HI",2025-08-28 07:32:17,2025-08-28 07:37:45
249,P-0300,3,5,"P-0300.FI_LO,P-0300.PDI_HI,P-0300.PI_HI",2025-08-28 09:35:40,2025-08-28 10:13:29
250,P-0300,3,3,"P-0300.FI_LO,P-0300.PDI_HI,P-0300.PI_LO",2025-08-28 10:46:08,2025-08-28 11:07:40
251,P-0300,3,3,"P-0300.PI_LO,P-0300.PDI_HI,P-0300.PI_HI",2025-08-28 15:46:23,2025-08-28 16:05:51
252,P-0300,3,5,"P-0300.FI_LO,P-0300.VI_HI,P-0300.PI_LO",2025-08-29 09:00:14,2025-08-29 09:40:56
253,P-0300,2,2,"P-0300.FI_LO,P-0300.PDI_HI",2025-08-29 10:47:35,2025-08-29 10:54:12
254,P-0300,2,3,"P-0300.PI_HI,P-0300.FI_LO",2025-08-29 12:05:26,2025-08-29 12:42:04
255,P-0300,2,3,"P-0300.TI_HI,P-0300.PI_HI",2025-08-29 16:17:54,2025-08-29 16:57:54
256,P-0300,3,3,"P-0300.PI_LO,P-0300.PDI_HI,P-0300.FI_LO",2025-08-30 07:03:28,2025-08-30 07:23:47
257,P-0300,2,3,"P-0300.SI_LO,P-0300.FI_LO",2025-08-30 08:51:23,2025-08-30 09:24:15
258,P-0300,2,3,"P-0300.PI_HI,P-0300.TI_HI",2025-08-30 10:36:22,2025-08-30 11:10:40
259,P-0300,3,5,"P-0300.PDI_HI,P-0300.PI_LO,P-0300.PI_HI",2025-08-30 12:58:23,2025-08-30 13:17:44
260,P-0300,2,2,"P-0300.PDI_HI,P-0300.PI_LO",2025-08-30 19:27:51,2025-08-30 19:43:47
261,P-0300,3,3,"P-0300.FI_LO,P-0300.PI_LO,P-0300.PDI_HI",2025-08-31 09:06:39,2025-08-31 09:22:55
262,P-0300,4,8,"P-0300.PI_HI,P-0300.PDI_HI,P-0300.FI_LO,P-0300.SI_LO",2025-08-31 10:23:09,2025-08-31 12:13:56
263,P-0300,2,2,"P-0300.PDI_HI,P-0300.PI_HI",2025-09-01 07:25:32,2025-09-01 07:36:08
264,P-0300,4,9,"P-0300.PDI_HI,P-0300.PI_HI,P-0300.FI_LO,P-0300.PI_LO",2025-09-01 12:38:47,2025-09-01 14:43:43
265,P-0300,2,2,"P-0300.PI_HI,P-0300.PI_LO",2025-09-02 09:54:49,2025-09-02 10:00:25
266,P-0300,5,10,"P-0300.FI_LO,P-0300.SI_LO,P-0300.PI_LO,P-0300.PI_HI,P-0300.PDI_HI",2025-09-02 10:34:27,2025-09-02 12:41:45
267,P-0300,4,4,"P-0300.SI_LO,P-0300.FI_LO,P-0300.PI_HI,P-0300.PDI_HI",2025-09-02 13:49:47,2025-09-02 14:46:37
268,P-0300,4,4,"P-0300.PDI_HI,P-0300.TI_HI,P-0300.FI_LO,P-0300.PI_HI",2025-09-02 19:13:51,2025-09-02 20:32:54
269,P-0300,2,2,"P-0300.PDI_HI,P-0300.PI_HI",2025-09-03 02:08:02,2025-09-03 02:09:27
270,P-0300,2,3,"P-0300.FI_LO,P-0300.PI_LO",2025-09-03 06:52:26,2025-09-03 07:21:47
271,P-0300,3,3,"P-0300.PDI_HI,P-0300.PI_LO,P-0300.PI_HI",2025-09-03 08:17:11,2025-09-03 08:53:46
272,P-0300,3,3,"P-0300.PDI_HI,P-0300.FI_LO,P-0300.PI_LO",2025-09-03 09:55:18,2025-09-03 10:23:58
273,P-0300,3,3,"P-0300.SI_LO,P-0300.PI_HI,P-0300.PDI_HI",2025-09-03 14:52:41,2025-09-03 15:38:38
274,P-0300,2,2,"P-0300.PI_LO,P-0300.FI_LO",2025-09-03 16:30:15,2025-09-03 16:44:51
275,P-0300,3,3,"P-0300.PDI_HI,P-0300.PI_HI,P-0300.PI_LO",2025-09-03 22:01:52,2025-09-03 22:35:08
276,P-0300,2,2,"P-0300.PI_HI,P-0300.FI_LO",2025-09-04 07:46:21,2025-09-04 07:49:17
277,P-0300,4,5,"P-0300.PI_LO,P-0300.VI_HI,P-0300.II_HI,P-0300.PI_HI",2025-09-04 08:41:47,2025-09-04 09:42:25
278,P-0300,2,3,"P-0300.PDI_HI,P-0300.PI_HI",2025-09-04 12:34:06,2025-09-04 13:01:55
279,P-0300,5,6,"P-0300.PI_HI,P-0300.PI_LO,P-0300.FI_LO,P-0300.II_HI,P-0300.PDI_HI",2025-09-04 14:10:12,2025-09-04 14:41:15
280,P-0300,3,3,"P-0300.VI_HI,P-0300.FI_LO,P-0300.PI_LO",2025-09-05 06:29:53,2025-09-05 06:51:50
281,P-0300,2,2,"P-0300.PI_HI,P-0300.PI_LO",2025-09-05 08:53:53,2025-09-05 08:53:59
282,P-0300,3,4,"P-0300.PI_HI,P-0300.PDI_HI,P-0300.FI_LO",2025-09-05 09:44:39,2025-09-05 10:33:28
283,P-0300,4,5,"P-0300.FI_LO,P-0300.PDI_HI,P-0300.PI_LO,P-0300.PI_HI",2025-09-05 12:06:28,2025-09-05 13:19:59
284,P-0300,2,3,"P-0300.PI_LO,P-0300.PDI_HI",2025-09-05 14:57:01,2025-09-05 15:37:08
285,P-0300,3,3,"P-0300.PDI_HI,P-0300.FI_LO,P-0300.SI_LO",2025-09-05 17:35:23,2025-09-05 18:11:38
286,P-0300,2,2,"P-0300.PI_HI,P-0300.PI_LO",2025-09-06 04:46:12,2025-09-06 05:14:43
287,P-0300,2,3,"P-0300.PI_HI,P-0300.PI_LO",2025-09-06 08:21:52,2025-09-06 08:31:48
288,P-0300,2,2,"P-0300.PI_HI,P-0300.PDI_HI",2025-09-06 09:37:39,2025-09-06 10:07:01
289,P-0300,3,3,"P-0300.FI_LO,P-0300.PI_LO,P-0300.PDI_HI",2025-09-06 11:39:15,2025-09-06 12:12:58
290,P-0300,2,2,"P-0300.PI_LO,P-0300.VI_HI",2025-09-06 14:41:34,2025-09-06 14:43:25
291,P-0300,2,2,"P-0300.TI_HI,P-0300.PDI_HI",2025-09-06 16:22:40,2025-09-06 16:47:16
292,P-0300,2,2,"P-0300.FI_LO,P-0300.PI_HI",2025-09-07 05:08:00,2025-09-07 05:36:01
293,P-0300,3,3,"P-0300.FI_LO,P-0300.VI_HI,P-0300.PDI_HI",2025-09-07 08:07:14,2025-09-07 08:57:25
294,P-0300,2,2,"P-0300.FI_LO,P-0300.PI_HI",2025-09-07 10:27:27,2025-09-07 10:42:42
295,P-0300,2,6,"P-0300.PI_HI,P-0300.PDI_HI",2025-09-07 11:16:23,2025-09-07 12:37:41
296,P-0300,2,2,"P-0300.PDI_HI,P-0300.PI_LO",2025-09-07 14:27:45,2025-09-07 14:34:43
297,P-0300,2,2,"P-0300.PDI_HI,P-0300.PI_HI",2025-09-07 16:06:15,2025-09-07 16:18:35
298,P-0300,2,2,"P-0300.SI_LO,P-0300.PI_HI",2025-09-08 08:29:02,2025-09-08 08:49:48
299,P-0300,3,4,"P-0300.PDI_HI,P-0300.II_HI,P-0300.PI_LO",2025-09-08 11:58:10,2025-09-08 12:23:50
300,P-0300,4,4,"P-0300.FI_LO,P-0300.II_HI,P-0300.PI_HI,P-0300.PDI_HI",2025-09-08 13:53:08,2025-09-08 14:38:23
301,P-0300,2,2,"P-0300.FI_LO,P-0300.PI_HI",2025-09-08 15:25:41,2025-09-08 15:40:46
302,P-0300,2,2,"P-0300.PI_HI,P-0300.PI_LO",2025-09-08 16:14:48,2025-09-08 16:20:37
303,P-0300,3,3,"P-0300.PI_LO,P-0300.PDI_HI,P-0300.TI_HI",2025-09-08 20:40:33,2025-09-08 20:54:45
304,P-0300,4,4,"P-0300.FI_LO,P-0300.PDI_HI,P-0300.PI_LO,P-0300.PI_HI",2025-09-09 06:32:45,2025-09-09 06:55:33
305,P-0300,2,3,"P-0300.PI_LO,P-0300.PDI_HI",2025-09-09 09:12:36,2025-09-09 09:24:58
306,P-0300,2,2,"P-0300.PDI_HI,P-0300.PI_LO",2025-09-09 12:14:03,2025-09-09 12:25:24
307,P-0300,3,4,"P-0300.PI_HI,P-0300.PI_LO,P-0300.FI_LO",2025-09-09 12:55:48,2025-09-09 13:24:36
308,P-0300,2,3,"P-0300.FI_LO,P-0300.PDI_HI",2025-09-09 16:06:22,2025-09-09 16:27:08
309,P-0300,4,4,"P-0300.II_HI,P-0300.FI_LO,P-0300.PDI_HI,P-0300.TI_HI",2025-09-09 17:21:41,2025-09-09 18:21:15
310,P-0300,3,3,"P-0300.FI_LO,P-0300.PDI_HI,P-0300.PI_HI",2025-09-09 20:24:32,2025-09-09 20:50:09
311,P-0300,4,4,"P-0300.PI_LO,P-0300.SI_LO,P-0300.TI_HI,P-0300.PDI_HI",2025-09-10 07:06:55,2025-09-10 07:36:39
312,P-0300,2,2,"P-0300.PDI_HI,P-0300.II_HI",2025-09-10 08:15:55,2025-09-10 08:35:20
313,P-0300,2,2,"P-0300.PI_LO,P-0300.FI_LO",2025-09-10 09:32:13,2025-09-10 09:42:44
314,P-0300,4,5,"P-0300.PI_LO,P-0300.FI_LO,P-0300.PDI_HI,P-0300.PI_HI",2025-09-10 10:44:48,2025-09-10 11:49:48
315,P-0300,2,2,"P-0300.PI_LO,P-0300.PDI_HI",2025-09-11 03:33:29,2025-09-11 03:50:37
316,P-0300,2,2,"P-0300.PI_LO,P-0300.PI_HI",2025-09-11 08:44:58,2025-09-11 09:11:35
317,P-0300,3,3,"P-0300.PI_HI,P-0300.PDI_HI,P-0300.PI_LO",2025-09-11 10:49:45,2025-09-11 11:14:12
318,P-0300,3,6,"P-0300.PI_HI,P-0300.PI_LO,P-0300.FI_LO",2025-09-11 13:08:31,2025-09-11 14:06:45
319,P-0300,2,3,"P-0300.FI_LO,P-0300.PI_LO",2025-09-11 17:15:39,2025-09-11 17:42:47
320,P-0300,2,3,"P-0300.PI_LO,P-0300.FI_LO",2025-09-12 05:31:50,2025-09-12 06:08:46
321,P-0300,3,4,"P-0300.PI_LO,P-0300.PI_HI,P-0300.PDI_HI",2025-09-12 08:44:46,2025-09-12 09:08:29
322,P-0300,4,6,"P-0300.FI_LO,P-0300.PI_HI,P-0300.PDI_HI,P-0300.PI_LO",2025-09-12 10:20:09,2025-09-12 12:03:56
323,P-0300,2,2,"P-0300.II_HI,P-0300.PI_HI",2025-09-12 13:31:12,2025-09-12 13:52:15
324,P-0300,3,3,"P-0300.PDI_HI,P-0300.II_HI,P-0300.TI_HI",2025-09-12 14:30:21,2025-09-12 14:47:56
325,P-0300,2,2,"P-0300.PI_HI,P-0300.PDI_HI",2025-09-12 15:19:59,2025-09-12 15:39:00
326,P-0300,3,4,"P-0300.PDI_HI,P-0300.FI_LO,P-0300.PI_LO",2025-09-13 04:40:33,2025-09-13 05:11:34
327,P-0300,2,3,"P-0300.PI_LO,P-0300.FI_LO",2025-09-13 07:35:19,2025-09-13 08:14:35
328,P-0300,2,2,"P-0300.FI_LO,P-0300.PDI_HI",2025-09-13 10:18:26,2025-09-13 10:36:50
329,P-0300,3,5,"P-0300.PDI_HI,P-0300.PI_LO,P-0300.PI_HI",2025-09-13 11:24:38,2025-09-13 12:16:05
330,P-0300,2,3,"P-0300.II_HI,P-0300.FI_LO",2025-09-13 15:57:13,2025-09-13 16:25:15
331,P-0300,3,5,"P-0300.FI_LO,P-0300.PI_HI,P-0300.PI_LO",2025-09-14 09:46:44,2025-09-14 10:36:35
332,P-0300,2,2,"P-0300.PDI_HI,P-0300.PI_HI",2025-09-14 11:08:00,2025-09-14 11:13:48
333,P-0300,2,2,"P-0300.FI_LO,P-0300.II_HI",2025-09-14 11:46:05,2025-09-14 11:55:43
334,P-0300,2,3,"P-0300.FI_LO,P-0300.PDI_HI",2025-09-14 12:51:14,2025-09-14 13:16:01
335,P-0300,2,5,"P-0300.PDI_HI,P-0300.PI_LO",2025-09-14 14:55:43,2025-09-14 15:57:28
336,P-0300,2,2,"P-0300.VI_HI,P-0300.PI_LO",2025-09-14 23:47:39,2025-09-15 00:04:58
337,P-0300,5,10,"P-0300.TI_HI,P-0300.FI_LO,P-0300.PDI_HI,P-0300.PI_LO,P-0300.PI_HI",2025-09-15 08:27:37,2025-09-15 10:27:26
338,P-0300,2,2,"P-0300.PDI_HI,P-0300.FI_LO",2025-09-15 11:56:05,2025-09-15 12:13:31
339,P-0300,5,5,"P-0300.PI_LO,P-0300.SI_LO,P-0300.PDI_HI,P-0300.VI_HI,P-0300.PI_HI",2025-09-15 13:56:38,2025-09-15 14:47:13
340,P-0300,2,3,"P-0300.VI_HI,P-0300.PDI_HI",2025-09-15 15:40:38,2025-09-15 15:48:29
341,P-0300,2,4,"P-0300.PI_LO,P-0300.PDI_HI",2025-09-15 16:46:43,2025-09-15 17:40:15
342,P-0300,2,3,"P-0300.PDI_HI,P-0300.PI_LO",2025-09-15 18:20:40,2025-09-15 18:53:43
343,P-0300,2,3,"P-0300.PI_HI,P-0300.FI_LO",2025-09-15 21:04:36,2025-09-15 21:43:36
344,P-0300,3,3,"P-0300.PI_HI,P-0300.FI_LO,P-0300.PI_LO",2025-09-16 10:32:33,2025-09-16 10:37:24
345,P-0300,3,7,"P-0300.PI_HI,P-0300.PI_LO,P-0300.PDI_HI",2025-09-16 11:57:43,2025-09-16 13:30:34
346,P-0300,2,2,"P-0300.FI_LO,P-0300.PDI_HI",2025-09-16 17:22:35,2025-09-16 17:43:25
347,P-0300,2,2,"P-0300.PI_HI,P-0300.PDI_HI",2025-09-16 22:32:24,2025-09-16 22:44:08
348,P-0300,3,3,"P-0300.FI_LO,P-0300.PI_HI,P-0300.PDI_HI",2025-09-17 07:01:28,2025-09-17 07:18:02
349,P-0300,2,2,"P-0300.PI_LO,P-0300.FI_LO",2025-09-17 08:56:24,2025-09-17 09:14:36
350,P-0300,2,2,"P-0300.PI_HI,P-0300.PDI_HI",2025-09-17 10:19:52,2025-09-17 10:45:47
351,P-0300,2,3,"P-0300.PDI_HI,P-0300.FI_LO",2025-09-17 12:54:02,2025-09-17 12:58:51
352,P-0300,6,9,"P-0300.PDI_HI,P-0300.SI_LO,P-0300.PI_LO,P-0300.TI_HI,P-0300.PI_HI,P-0300.FI_LO",2025-09-17 13:46:56,2025-09-17 15:29:31
353,P-0300,2,2,"P-0300.PI_HI,P-0300.FI_LO",2025-09-17 16:53:51,2025-09-17 17:00:39
354,P-0300,2,2,"P-0300.PI_HI,P-0300.FI_LO",2025-09-17 17:38:08,2025-09-17 17:39:40
355,P-0300,2,2,"P-0300.FI_LO,P-0300.PI_LO",2025-09-23 02:29:37,2025-09-23 02:41:16
356,P-0300,2,2,"P-0300.FI_LO,P-0300.PI_HI",2025-09-27 11:51:58,2025-09-27 11:52:03
357,P-0300,2,2,"P-0300.VI_HI,P-0300.PI_LO",2025-09-27 16:39:45,2025-09-27 16:47:33
358,P-0300,2,2,"P-0300.VI_HI,P-0300.FI_LO",2025-09-27 19:43:47,2025-09-27 19:57:03
359,P-0300,2,2,"P-0300.PI_LO,P-0300.FI_LO",2025-09-29 12:27:01,2025-09-29 12:46:55
360,P-0300,2,2,"P-0300.FI_LO,P-0300.PI_HI",2025-10-01 19:43:08,2025-10-01 20:08:35
361,P-0300,2,2,"P-0300.VI_HI,P-0300.PI_HI",2025-10-02 21:17:08,2025-10-02 21:25:59
362,P-0300,2,2,"P-0300.TI_HI,P-0300.FI_LO",2025-10-07 11:40:25,2025-10-07 12:05:01
363,P-0300,2,2,"P-0300.PDI_HI,P-0300.II_HI",2025-10-09 15:22:28,2025-10-09 15:34:28
364,P-0300,2,2,"P-0300.II_HI,P-0300.PDI_HI",2025-10-10 13:06:51,2025-10-10 13:28:47
365,P-0300,2,2,"P-0300.VI_HI,P-0300.PDI_HI",2025-10-12 11:27:09,2025-10-12 11:49:42
366,P-0300,2,2,"P-0300.PDI_HI,P-0300.TI_HI",2025-10-15 13:45:47,2025-10-15 14:05:06
367,P-0300,2,2,"P-0300.II_HI,P-0300.SI_LO",2025-10-15 18:45:01,2025-10-15 19:05:24
368,P-0300,2,2,"P-0300.FI_LO,P-0300.VI_HI",2025-10-19 20:12:31,2025-10-19 20:13:16
369,P-0300,2,2,"P-0300.II_HI,P-0300.FI_LO",2025-10-21 11:11:23,2025-10-21 11:30:14
370,P-0300,3,3,"P-0300.TI_HI,P-0300.SI_LO,P-0300.II_HI",2025-10-21 12:51:18,2025-10-21 13:19:51
371,P-0300,2,2,"P-0300.SI_LO,P-0300.VI_HI",2025-10-21 17:56:18,2025-10-21 18:20:32
372,P-0300,2,2,"P-0300.PDI_HI,P-0300.II_HI",2025-10-21 20:53:46,2025-10-21 21:12:08
373,P-0300,2,2,"P-0300.TI_HI,P-0300.SI_LO",2025-10-25 16:16:40,2025-10-25 16:38:25
374,P-0300,2,2,"P-0300.PI_LO,P-0300.FI_LO",2025-10-26 12:52:28,2025-10-26 13:15:23
375,P-0300,2,2,"P-0300.FI_LO,P-0300.PI_HI",2025-10-27 10:39:03,2025-10-27 11:02:22
376,P-0300,2,2,"P-0300.SI_LO,P-0300.PDI_HI",2025-10-30 11:23:12,2025-10-30 11:38:13
377,P-0300,3,3,"P-0300.VI_HI,P-0300.PDI_HI,P-0300.II_HI",2025-10-31 13:05:28,2025-10-31 13:54:31
378,P-0300,2,2,"P-0300.VI_HI,P-0300.PI_LO",2025-10-31 17:25:39,2025-10-31 17:40:21
379,P-0300,2,2,"P-0300.SI_LO,P-0300.TI_HI",2025-11-01 09:55:16,2025-11-01 10:20:53
380,P-0300,2,2,"P-0300.PDI_HI,P-0300.FI_LO",2025-11-01 21:18:11,2025-11-01 21:45:44
381,P-0300,2,3,"P-0300.PDI_HI,P-0300.PI_LO",2025-11-02 14:50:59,2025-11-02 15:15:13
382,P-0300,2,2,"P-0300.II_HI,P-0300.TI_HI",2025-11-03 18:15:33,2025-11-03 18:36:09
383,P-0300,2,2,"P-0300.VI_HI,P-0300.SI_LO",2025-11-06 15:17:18,2025-11-06 15:45:34
384,P-0300,2,2,"P-0300.II_HI,P-0300.FI_LO",2025-11-07 13:58:50,2025-11-07 14:01:32
385,P-0300,2,2,"P-0300.FI_LO,P-0300.PDI_HI",2025-11-10 11:18:38,2025-11-10 11:36:18
386,P-0300,2,2,"P-0300.PI_HI,P-0300.II_HI",2025-11-11 15:03:28,2025-11-11 15:06:18
387,P-0300,3,3,"P-0300.PI_LO,P-0300.FI_LO,P-0300.TI_HI",2025-11-12 11:16:15,2025-11-12 11:35:34
388,P-0300,2,2,"P-0300.VI_HI,P-0300.FI_LO",2025-11-13 19:21:55,2025-11-13 19:41:36
389,P-0300,2,2,"P-0300.TI_HI,P-0300.II_HI",2025-11-13 21:13:45,2025-11-13 21:16:45
390,P-0300,2,2,"P-0300.VI_HI,P-0300.SI_LO",2025-11-18 17:10:05,2025-11-18 17:25:53
391,P-0300,2,2,"P-0300.SI_LO,P-0300.II_HI",2025-11-19 15:00:32,2025-11-19 15:20:00
392,P-0300,2,2,"P-0300.PI_HI,P-0300.PDI_HI",2025-11-20 06:54:31,2025-11-20 07:14:18
393,P-0300,2,2,"P-0300.PDI_HI,P-0300.FI_LO",2025-11-21 17:29:47,2025-11-21 17:54:47
394,P-0300,2,2,"P-0300.FI_LO,P-0300.PI_LO",2025-11-22 08:49:45,2025-11-22 09:09:39
395,P-0300,2,2,"P-0300.PI_HI,P-0300.PI_LO",2025-11-22 12:46:33,2025-11-22 13:00:11
396,P-0300,2,2,"P-0300.TI_HI,P-0300.PDI_HI",2025-11-23 09:11:21,2025-11-23 09:32:56
397,P-0300,2,2,"P-0300.SI_LO,P-0300.TI_HI",2025-11-24 18:03:08,2025-11-24 18:31:57
398,P-0300,3,3,"P-0300.PI_HI,P-0300.SI_LO,P-0300.VI_HI",2025-11-26 13:44:22,2025-11-26 14:16:31
399,P-0300,2,2,"P-0300.II_HI,P-0300.FI_LO",2025-12-03 05:14:07,2025-12-03 05:30:21
400,P-0300,2,2,"P-0300.VI_HI,P-0300.PDI_HI",2025-12-03 11:50:52,2025-12-03 12:16:08
401,P-0300,2,2,"P-0300.TI_HI,P-0300.FI_LO",2025-12-05 18:54:11,2025-12-05 18:57:23
402,P-0300,3,3,"P-0300.VI_HI,P-0300.FI_LO,P-0300.PI_LO",2025-12-06 14:29:00,2025-12-06 15:05:13
403,P-0300,2,2,"P-0300.PI_LO,P-0300.II_HI",2025-12-10 19:47:21,2025-12-10 20:03:55
404,P-0300,2,2,"P-0300.SI_LO,P-0300.II_HI",2025-12-12 07:11:34,2025-12-12 07:21:11
405,P-0300,2,2,"P-0300.VI_HI,P-0300.II_HI",2025-12-12 13:23:21,2025-12-12 13:26:14
406,P-0300,2,2,"P-0300.SI_LO,P-0300.FI_LO",2025-12-13 08:52:51,2025-12-13 08:58:45
407,P-0300,2,2,"P-0300.FI_LO,P-0300.VI_HI",2025-12-14 09:40:46,2025-12-14 09:43:06
408,P-0300,2,2,"P-0300.FI_LO,P-0300.PI_HI",2025-12-14 15:14:54,2025-12-14 15:27:37
409,P-0300,2,2,"P-0300.II_HI,P-0300.PI_HI",2025-12-15 10:17:50,2025-12-15 10:41:09
410,P-0300,2,2,"P-0300.PI_HI,P-0300.PI_LO",2025-12-17 06:54:11,2025-12-17 07:21:22
411,P-0300,3,3,"P-0300.II_HI,P-0300.TI_HI,P-0300.SI_LO",2025-12-18 07:26:18,2025-12-18 08:18:32
412,P-0300,2,2,"P-0300.FI_LO,P-0300.TI_HI",2025-12-22 10:09:03,2025-12-22 10:09:04
413,P-0300,2,2,"P-0300.PI_HI,P-0300.PDI_HI",2025-12-23 12:39:34,2025-12-23 13:09:01
414,P-0300,2,2,"P-0300.VI_HI,P-0300.SI_LO",2025-12-27 06:29:13,2025-12-27 06:54:13
415,P-0300,2,2,"P-0300.FI_LO,P-0300.SI_LO",2025-12-27 16:32:57,2025-12-27 16:33:03
416,P-0300,2,2,"P-0300.PI_HI,P-0300.PI_LO",2025-12-29 11:06:22,2025-12-29 11:23:07
417,P-0700,2,2,"P-0700.PI_HI,P-0700.VI_HI",2025-01-04 12:34:45,2025-01-04 12:38:46
418,P-0700,2,2,"P-0700.PI_LO,P-0700.SI_LO",2025-01-04 22:19:27,2025-01-04 22:21:53
419,P-0700,2,3,"P-0700.TI_HI,P-0700.VI_HI",2025-01-09 09:40:29,2025-01-09 09:52:39
420,P-0700,2,2,"P-0700.TI_HI,P-0700.FI_LO",2025-01-12 12:53:52,2025-01-12 13:14:56
421,P-0700,2,2,"P-0700.TI_HI,P-0700.FI_LO",2025-01-14 11:03:11,2025-01-14 11:24:54
422,P-0700,2,2,"P-0700.II_HI,P-0700.FI_LO",2025-01-15 14:29:19,2025-01-15 14:42:03
423,P-0700,2,2,"P-0700.PDI_HI,P-0700.II_HI",2025-01-18 11:44:35,2025-01-18 11:53:33
424,P-0700,4,4,"P-0700.PDI_HI,P-0700.VI_HI,P-0700.FI_LO,P-0700.PI_HI",2025-01-20 12:49:23,2025-01-20 13:34:42
425,P-0700,2,2,"P-0700.TI_HI,P-0700.PI_HI",2025-01-22 11:31:36,2025-01-22 11:39:06
426,P-0700,2,2,"P-0700.PI_HI,P-0700.TI_HI",2025-01-23 23:09:58,2025-01-23 23:18:59
427,P-0700,2,2,"P-0700.TI_HI,P-0700.PI_HI",2025-01-24 06:44:54,2025-01-24 07:07:50
428,P-0700,2,2,"P-0700.II_HI,P-0700.SI_LO",2025-01-24 23:33:24,2025-01-24 23:34:44
429,P-0700,2,2,"P-0700.VI_HI,P-0700.FI_LO",2025-01-26 13:09:21,2025-01-26 13:28:03
430,P-0700,2,2,"P-0700.II_HI,P-0700.FI_LO",2025-01-26 17:08:08,2025-01-26 17:19:47
431,P-0700,2,2,"P-0700.SI_LO,P-0700.PDI_HI",2025-01-27 17:41:47,2025-01-27 17:57:21
432,P-0700,2,2,"P-0700.FI_LO,P-0700.TI_HI",2025-01-27 21:12:31,2025-01-27 21:40:56
433,P-0700,2,2,"P-0700.VI_HI,P-0700.FI_LO",2025-01-31 05:51:38,2025-01-31 06:14:43
434,P-0700,2,2,"P-0700.SI_LO,P-0700.FI_LO",2025-02-02 23:19:04,2025-02-02 23:24:49
435,P-0700,2,2,"P-0700.II_HI,P-0700.PDI_HI",2025-02-03 08:34:52,2025-02-03 08:48:52
436,P-0700,2,2,"P-0700.SI_LO,P-0700.II_HI",2025-02-03 14:36:48,2025-02-03 15:03:04
437,P-0700,2,2,"P-0700.FI_LO,P-0700.PDI_HI",2025-02-03 17:35:36,2025-02-03 17:36:46
438,P-0700,2,2,"P-0700.PDI_HI,P-0700.SI_LO",2025-02-04 12:21:43,2025-02-04 12:39:34
439,P-0700,2,2,"P-0700.PI_HI,P-0700.II_HI",2025-02-10 09:33:20,2025-02-10 09:36:07
440,P-0700,2,2,"P-0700.VI_HI,P-0700.PI_HI",2025-02-11 14:00:38,2025-02-11 14:07:42
441,P-0700,2,2,"P-0700.II_HI,P-0700.PI_LO",2025-02-12 19:50:22,2025-02-12 20:11:03
442,P-0700,2,2,"P-0700.TI_HI,P-0700.FI_LO",2025-02-13 18:01:30,2025-02-13 18:10:25
443,P-0700,2,2,"P-0700.PI_HI,P-0700.SI_LO",2025-02-14 14:37:07,2025-02-14 14:42:23
444,P-0700,2,2,"P-0700.PDI_HI,P-0700.PI_LO",2025-02-14 16:45:46,2025-02-14 17:01:36
445,P-0700,2,2,"P-0700.II_HI,P-0700.PI_HI",2025-02-16 08:13:40,2025-02-16 08:15:48
446,P-0700,2,2,"P-0700.PDI_HI,P-0700.TI_HI",2025-02-17 18:24:41,2025-02-17 18:41:07
447,P-0700,2,2,"P-0700.PI_LO,P-0700.TI_HI",2025-02-18 16:02:12,2025-02-18 16:21:37
448,P-0700,2,2,"P-0700.PI_LO,P-0700.VI_HI",2025-02-19 15:48:20,2025-02-19 15:58:54
449,P-0700,2,2,"P-0700.VI_HI,P-0700.SI_LO",2025-02-21 23:18:44,2025-02-21 23:46:15
450,P-0700,2,2,"P-0700.PDI_HI,P-0700.SI_LO",2025-02-22 19:46:00,2025-02-22 19:47:43
451,P-0700,3,3,"P-0700.SI_LO,P-0700.VI_HI,P-0700.PI_LO",2025-02-24 15:52:37,2025-02-24 16:14:12
452,P-0700,2,2,"P-0700.VI_HI,P-0700.II_HI",2025-02-25 14:24:03,2025-02-25 14:27:01
453,P-0700,3,4,"P-0700.PDI_HI,P-0700.VI_HI,P-0700.FI_LO",2025-02-25 18:02:12,2025-02-25 18:27:45
454,P-0700,2,2,"P-0700.PDI_HI,P-0700.PI_HI",2025-03-01 16:43:16,2025-03-01 16:58:42
455,P-0700,2,2,"P-0700.PDI_HI,P-0700.PI_HI",2025-03-05 16:12:04,2025-03-05 16:37:36
456,P-0700,2,2,"P-0700.II_HI,P-0700.SI_LO",2025-03-06 13:03:18,2025-03-06 13:10:02
457,P-0700,2,2,"P-0700.PI_HI,P-0700.FI_LO",2025-03-07 13:06:47,2025-03-07 13:22:32
458,P-0700,2,2,"P-0700.II_HI,P-0700.SI_LO",2025-03-08 07:21:47,2025-03-08 07:22:01
459,P-0700,2,3,"P-0700.VI_HI,P-0700.PI_LO",2025-03-08 10:00:27,2025-03-08 10:30:25
460,P-0700,3,3,"P-0700.PI_LO,P-0700.SI_LO,P-0700.PI_HI",2025-03-12 15:41:57,2025-03-12 16:11:24
461,P-0700,3,3,"P-0700.TI_HI,P-0700.VI_HI,P-0700.PI_HI",2025-03-13 13:08:14,2025-03-13 13:26:37
462,P-0700,3,3,"P-0700.VI_HI,P-0700.PI_HI,P-0700.PI_LO",2025-03-13 17:27:31,2025-03-13 18:08:28
463,P-0700,3,3,"P-0700.FI_LO,P-0700.VI_HI,P-0700.PDI_HI",2025-03-14 17:22:23,2025-03-14 17:56:12
464,P-0700,3,3,"P-0700.FI_LO,P-0700.TI_HI,P-0700.VI_HI",2025-03-16 17:06:23,2025-03-16 17:31:10
465,P-0700,2,2,"P-0700.FI_LO,P-0700.VI_HI",2025-03-17 08:26:33,2025-03-17 08:36:11
466,P-0700,2,2,"P-0700.VI_HI,P-0700.FI_LO",2025-03-17 15:33:42,2025-03-17 15:53:22
467,P-0700,2,2,"P-0700.PI_LO,P-0700.II_HI",2025-03-19 08:15:29,2025-03-19 08:27:29
468,P-0700,2,2,"P-0700.VI_HI,P-0700.II_HI",2025-03-19 12:48:27,2025-03-19 12:55:44
469,P-0700,2,2,"P-0700.PI_LO,P-0700.PDI_HI",2025-03-19 20:42:52,2025-03-19 20:47:30
470,P-0700,2,2,"P-0700.VI_HI,P-0700.PDI_HI",2025-03-20 11:07:24,2025-03-20 11:09:07
471,P-0700,2,2,"P-0700.PI_HI,P-0700.SI_LO",2025-03-20 15:10:46,2025-03-20 15:18:00
472,P-0700,2,2,"P-0700.FI_LO,P-0700.VI_HI",2025-03-21 14:24:57,2025-03-21 14:40:20
473,P-0700,4,4,"P-0700.II_HI,P-0700.FI_LO,P-0700.PDI_HI,P-0700.PI_LO",2025-03-24 08:02:23,2025-03-24 08:35:45
474,P-0700,2,2,"P-0700.TI_HI,P-0700.FI_LO",2025-03-26 04:10:04,2025-03-26 04:14:53
475,P-0700,2,2,"P-0700.TI_HI,P-0700.FI_LO",2025-03-27 14:11:31,2025-03-27 14:31:00
476,P-0700,2,2,"P-0700.VI_HI,P-0700.TI_HI",2025-03-30 14:12:22,2025-03-30 14:17:45
477,P-0700,2,2,"P-0700.PI_LO,P-0700.II_HI",2025-04-02 08:02:02,2025-04-02 08:06:06
478,P-0700,2,2,"P-0700.FI_LO,P-0700.PDI_HI",2025-04-03 07:46:00,2025-04-03 08:09:08
479,P-0700,2,3,"P-0700.SI_LO,P-0700.II_HI",2025-04-06 09:47:53,2025-04-06 10:08:45
480,P-0700,2,2,"P-0700.VI_HI,P-0700.TI_HI",2025-04-08 15:01:33,2025-04-08 15:26:15
481,P-0700,2,2,"P-0700.PI_LO,P-0700.FI_LO",2025-04-09 14:09:21,2025-04-09 14:13:39
482,P-0700,2,2,"P-0700.II_HI,P-0700.PI_HI",2025-04-10 08:00:13,2025-04-10 08:16:33
483,P-0700,2,2,"P-0700.TI_HI,P-0700.VI_HI",2025-04-14 09:34:12,2025-04-14 09:40:44
484,P-0700,2,2,"P-0700.VI_HI,P-0700.PDI_HI",2025-04-14 14:17:19,2025-04-14 14:28:26
485,P-0700,2,2,"P-0700.PI_LO,P-0700.TI_HI",2025-04-14 23:52:02,2025-04-14 23:58:46
486,P-0700,3,3,"P-0700.VI_HI,P-0700.PI_LO,P-0700.SI_LO",2025-04-17 14:00:09,2025-04-17 14:29:09
487,P-0700,2,2,"P-0700.SI_LO,P-0700.PDI_HI",2025-04-17 15:11:33,2025-04-17 15:26:18
488,P-0700,3,3,"P-0700.VI_HI,P-0700.PI_HI,P-0700.FI_LO",2025-04-18 07:25:23,2025-04-18 08:06:08
489,P-0700,2,2,"P-0700.FI_LO,P-0700.PI_HI",2025-04-19 16:04:54,2025-04-19 16:23:21
490,P-0700,2,3,"P-0700.PI_LO,P-0700.II_HI",2025-04-20 14:26:57,2025-04-20 14:58:03
491,P-0700,2,2,"P-0700.PI_HI,P-0700.TI_HI",2025-04-22 12:10:07,2025-04-22 12:29:32
492,P-0700,2,2,"P-0700.VI_HI,P-0700.SI_LO",2025-04-22 22:09:44,2025-04-22 22:17:56
493,P-0700,2,2,"P-0700.PI_LO,P-0700.II_HI",2025-04-23 08:27:25,2025-04-23 08:43:04
494,P-0700,2,2,"P-0700.PI_LO,P-0700.TI_HI",2025-04-26 13:06:55,2025-04-26 13:18:15
495,P-0700,2,2,"P-0700.VI_HI,P-0700.II_HI",2025-04-29 06:33:54,2025-04-29 06:55:32
496,P-0700,2,2,"P-0700.TI_HI,P-0700.PI_HI",2025-04-29 10:43:53,2025-04-29 10:50:38
497,P-0700,2,2,"P-0700.PI_LO,P-0700.FI_LO",2025-04-29 17:38:19,2025-04-29 17:49:16
498,P-0700,2,2,"P-0700.SI_LO,P-0700.PDI_HI",2025-04-30 20:36:48,2025-04-30 20:58:03
499,P-0700,3,4,"P-0700.II_HI,P-0700.SI_LO,P-0700.FI_LO",2025-05-01 11:10:32,2025-05-01 12:09:43
500,P-0700,2,2,"P-0700.PI_LO,P-0700.PI_HI",2025-05-01 16:45:33,2025-05-01 17:06:18
501,P-0700,2,2,"P-0700.TI_HI,P-0700.VI_HI",2025-05-02 19:22:42,2025-05-02 19:25:36
502,P-0700,2,2,"P-0700.VI_HI,P-0700.SI_LO",2025-05-02 23:09:49,2025-05-02 23:10:46
503,P-0700,2,2,"P-0700.FI_LO,P-0700.VI_HI",2025-05-04 14:45:32,2025-05-04 15:05:09
504,P-0700,2,2,"P-0700.SI_LO,P-0700.PI_LO",2025-05-06 19:40:01,2025-05-06 19:53:58
505,P-0700,2,2,"P-0700.PI_HI,P-0700.VI_HI",2025-05-07 12:42:15,2025-05-07 13:02:24
506,P-0700,2,2,"P-0700.TI_HI,P-0700.II_HI",2025-05-10 11:14:38,2025-05-10 11:31:27
507,P-0700,2,2,"P-0700.PI_LO,P-0700.VI_HI",2025-05-24 18:31:09,2025-05-24 18:56:38
508,P-0700,2,2,"P-0700.FI_LO,P-0700.PDI_HI",2025-05-25 16:13:20,2025-05-25 16:42:00
509,P-0700,2,2,"P-0700.TI_HI,P-0700.II_HI",2025-05-26 09:33:38,2025-05-26 09:41:45
510,P-0700,2,2,"P-0700.PDI_HI,P-0700.II_HI",2025-05-26 17:58:10,2025-05-26 18:09:07
511,P-0700,2,2,"P-0700.SI_LO,P-0700.PI_HI",2025-05-28 11:00:39,2025-05-28 11:06:35
512,P-0700,2,2,"P-0700.TI_HI,P-0700.PDI_HI",2025-05-29 16:36:23,2025-05-29 16:53:42
513,P-0700,2,2,"P-0700.FI_LO,P-0700.II_HI",2025-05-31 18:51:39,2025-05-31 18:57:35
514,P-0700,2,2,"P-0700.PI_LO,P-0700.FI_LO",2025-06-03 14:18:31,2025-06-03 14:37:49
515,P-0700,2,2,"P-0700.PDI_HI,P-0700.PI_HI",2025-06-08 14:29:41,2025-06-08 14:39:56
516,P-0700,2,2,"P-0700.SI_LO,P-0700.PDI_HI",2025-06-09 15:00:12,2025-06-09 15:06:10
517,P-0700,2,2,"P-0700.PI_HI,P-0700.PI_LO",2025-06-12 04:48:33,2025-06-12 04:49:57
518,P-0700,2,2,"P-0700.II_HI,P-0700.PI_LO",2025-06-13 13:57:05,2025-06-13 14:09:15
519,P-0700,2,2,"P-0700.PI_LO,P-0700.TI_HI",2025-06-14 05:26:37,2025-06-14 05:27:55
520,P-0700,2,2,"P-0700.SI_LO,P-0700.VI_HI",2025-06-15 09:15:00,2025-06-15 09:30:03
521,P-0700,2,3,"P-0700.II_HI,P-0700.TI_HI",2025-06-15 10:04:34,2025-06-15 10:33:24
522,P-0700,2,2,"P-0700.II_HI,P-0700.SI_LO",2025-06-15 14:13:59,2025-06-15 14:16:46
523,P-0700,2,2,"P-0700.SI_LO,P-0700.PI_LO",2025-06-19 10:29:54,2025-06-19 10:42:37
524,P-0700,2,2,"P-0700.II_HI,P-0700.TI_HI",2025-06-21 10:26:20,2025-06-21 10:54:04
525,P-0700,2,2,"P-0700.VI_HI,P-0700.II_HI",2025-06-23 06:31:14,2025-06-23 06:45:18
526,P-0700,2,2,"P-0700.VI_HI,P-0700.PDI_HI",2025-06-23 16:40:23,2025-06-23 16:43:02
527,P-0700,2,2,"P-0700.II_HI,P-0700.FI_LO",2025-06-24 11:07:36,2025-06-24 11:25:44
528,P-0700,3,3,"P-0700.VI_HI,P-0700.PI_LO,P-0700.II_HI",2025-06-24 12:14:47,2025-06-24 12:38:13
529,P-0700,2,2,"P-0700.VI_HI,P-0700.PI_HI",2025-06-24 19:14:18,2025-06-24 19:24:29
530,P-0700,2,2,"P-0700.VI_HI,P-0700.SI_LO",2025-06-26 14:45:01,2025-06-26 14:54:47
531,P-0700,2,2,"P-0700.FI_LO,P-0700.PI_HI",2025-06-28 23:09:41,2025-06-28 23:11:07
532,P-0700,2,2,"P-0700.SI_LO,P-0700.PDI_HI",2025-06-29 10:14:55,2025-06-29 10:17:27
533,P-0700,2,2,"P-0700.PDI_HI,P-0700.PI_HI",2025-06-29 12:56:18,2025-06-29 13:21:47
534,P-0700,2,2,"P-0700.FI_LO,P-0700.SI_LO",2025-06-29 23:46:28,2025-06-29 23:56:58
535,P-0700,3,3,"P-0700.II_HI,P-0700.SI_LO,P-0700.PDI_HI",2025-06-30 13:03:00,2025-06-30 13:14:50
536,P-0700,2,2,"P-0700.TI_HI,P-0700.SI_LO",2025-07-01 13:39:37,2025-07-01 14:00:26
537,P-0700,2,2,"P-0700.II_HI,P-0700.SI_LO",2025-07-02 16:46:48,2025-07-02 16:47:26
538,P-0700,2,2,"P-0700.PDI_HI,P-0700.PI_HI",2025-07-06 17:53:54,2025-07-06 18:17:39
539,P-0700,2,2,"P-0700.PI_LO,P-0700.PI_HI",2025-07-07 10:07:05,2025-07-07 10:19:47
540,P-0700,2,2,"P-0700.VI_HI,P-0700.TI_HI",2025-07-08 09:58:03,2025-07-08 10:12:44
541,P-0700,2,3,"P-0700.VI_HI,P-0700.PI_LO",2025-07-10 21:02:28,2025-07-10 21:17:09
542,P-0700,2,2,"P-0700.PDI_HI,P-0700.FI_LO",2025-07-10 21:58:19,2025-07-10 22:21:41
543,P-0700,3,3,"P-0700.SI_LO,P-0700.PI_HI,P-0700.PDI_HI",2025-07-11 12:43:27,2025-07-11 13:17:12
544,P-0700,2,2,"P-0700.II_HI,P-0700.FI_LO",2025-07-12 10:36:29,2025-07-12 10:55:24
545,P-0700,2,2,"P-0700.PDI_HI,P-0700.SI_LO",2025-07-13 11:51:19,2025-07-13 12:06:54
546,P-0700,2,2,"P-0700.TI_HI,P-0700.SI_LO",2025-07-23 06:28:57,2025-07-23 06:33:27
547,P-0700,2,2,"P-0700.PI_LO,P-0700.SI_LO",2025-07-23 18:53:04,2025-07-23 19:12:59
548,P-0700,2,2,"P-0700.SI_LO,P-0700.VI_HI",2025-07-24 04:33:53,2025-07-24 05:03:12
549,P-0700,2,2,"P-0700.VI_HI,P-0700.SI_LO",2025-07-25 11:02:04,2025-07-25 11:13:35
550,P-0700,2,2,"P-0700.PI_LO,P-0700.VI_HI",2025-07-26 20:05:25,2025-07-26 20:24:59
551,P-0700,2,2,"P-0700.FI_LO,P-0700.SI_LO",2025-07-29 17:23:11,2025-07-29 17:44:30
552,P-0700,2,2,"P-0700.VI_HI,P-0700.PI_LO",2025-07-29 23:09:55,2025-07-29 23:09:59
553,P-0700,2,2,"P-0700.SI_LO,P-0700.TI_HI",2025-07-30 13:01:49,2025-07-30 13:18:27
554,P-0700,2,2,"P-0700.SI_LO,P-0700.FI_LO",2025-07-31 05:11:10,2025-07-31 05:28:22
555,P-0700,2,3,"P-0700.SI_LO,P-0700.TI_HI",2025-08-04 09:22:49,2025-08-04 10:12:01
556,P-0700,2,2,"P-0700.TI_HI,P-0700.PI_LO",2025-08-04 16:22:10,2025-08-04 16:45:25
557,P-0700,2,2,"P-0700.SI_LO,P-0700.FI_LO",2025-08-05 21:22:10,2025-08-05 21:28:06
558,P-0700,3,3,"P-0700.PDI_HI,P-0700.TI_HI,P-0700.PI_HI",2025-08-11 16:40:37,2025-08-11 17:07:02
559,P-0700,2,2,"P-0700.II_HI,P-0700.VI_HI",2025-08-13 14:16:21,2025-08-13 14:31:54
560,P-0700,2,2,"P-0700.PI_HI,P-0700.II_HI",2025-08-14 15:55:54,2025-08-14 16:09:04
561,P-0700,2,2,"P-0700.II_HI,P-0700.TI_HI",2025-08-16 12:39:22,2025-08-16 12:44:08
562,P-0700,2,2,"P-0700.FI_LO,P-0700.PI_LO",2025-08-20 11:55:52,2025-08-20 12:16:23
563,P-0700,2,3,"P-0700.TI_HI,P-0700.II_HI",2025-08-20 14:28:24,2025-08-20 15:06:19
564,P-0700,2,2,"P-0700.II_HI,P-0700.PI_HI",2025-08-20 17:26:11,2025-08-20 17:31:55
565,P-0700,2,2,"P-0700.II_HI,P-0700.FI_LO",2025-08-20 18:38:48,2025-08-20 19:04:00
566,P-0700,2,2,"P-0700.TI_HI,P-0700.VI_HI",2025-08-23 05:31:08,2025-08-23 05:50:36
567,P-0700,3,3,"P-0700.PI_HI,P-0700.VI_HI,P-0700.PDI_HI",2025-08-23 08:23:33,2025-08-23 08:26:09
568,P-0700,2,2,"P-0700.PI_LO,P-0700.TI_HI",2025-08-23 18:44:53,2025-08-23 19:04:29
569,P-0700,4,4,"P-0700.SI_LO,P-0700.TI_HI,P-0700.PI_HI,P-0700.VI_HI",2025-08-25 15:16:01,2025-08-25 16:04:36
570,P-0700,2,2,"P-0700.FI_LO,P-0700.TI_HI",2025-08-29 15:41:08,2025-08-29 15:55:14
571,P-0700,2,2,"P-0700.PDI_HI,P-0700.PI_LO",2025-08-30 14:12:53,2025-08-30 14:37:13
572,P-0700,2,3,"P-0700.FI_LO,P-0700.PDI_HI",2025-08-31 15:40:27,2025-08-31 16:22:01
573,P-0700,2,2,"P-0700.FI_LO,P-0700.TI_HI",2025-09-05 09:56:12,2025-09-05 10:25:54
574,P-0700,2,2,"P-0700.TI_HI,P-0700.VI_HI",2025-09-06 10:26:49,2025-09-06 10:45:03
575,P-0700,2,2,"P-0700.II_HI,P-0700.FI_LO",2025-09-06 17:00:59,2025-09-06 17:02:43
576,P-0700,2,2,"P-0700.II_HI,P-0700.PDI_HI",2025-09-06 21:29:38,2025-09-06 21:43:57
577,P-0700,2,3,"P-0700.II_HI,P-0700.FI_LO",2025-09-07 13:25:09,2025-09-07 13:49:53
578,P-0700,2,2,"P-0700.FI_LO,P-0700.VI_HI",2025-09-08 07:21:04,2025-09-08 07:32:28
579,P-0700,3,3,"P-0700.TI_HI,P-0700.FI_LO,P-0700.PI_HI",2025-09-09 16:41:31,2025-09-09 16:47:22
580,P-0700,2,2,"P-0700.PI_HI,P-0700.PI_LO",2025-09-10 13:15:39,2025-09-10 13:36:49
581,P-0700,2,2,"P-0700.TI_HI,P-0700.SI_LO",2025-09-12 14:58:41,2025-09-12 15:03:11
582,P-0700,2,2,"P-0700.PI_HI,P-0700.FI_LO",2025-09-13 23:07:19,2025-09-13 23:24:27
583,P-0700,2,3,"P-0700.PI_LO,P-0700.SI_LO",2025-09-15 09:09:46,2025-09-15 09:17:23
584,P-0700,2,2,"P-0700.PI_LO,P-0700.FI_LO",2025-09-15 14:46:07,2025-09-15 15:07:19
585,P-0700,3,5,"P-0700.II_HI,P-0700.SI_LO,P-0700.VI_HI",2025-09-16 17:14:32,2025-09-16 18:34:22
586,P-0700,2,2,"P-0700.TI_HI,P-0700.FI_LO",2025-09-20 11:25:29,2025-09-20 11:52:43
587,P-0700,2,2,"P-0700.PI_LO,P-0700.II_HI",2025-09-21 08:50:09,2025-09-21 09:03:49
588,P-0700,2,2,"P-0700.FI_LO,P-0700.VI_HI",2025-09-23 14:22:24,2025-09-23 14:23:05
589,P-0700,3,3,"P-0700.PI_HI,P-0700.TI_HI,P-0700.PI_LO",2025-09-24 23:20:04,2025-09-24 23:51:02
590,P-0700,2,2,"P-0700.FI_LO,P-0700.VI_HI",2025-09-26 14:15:29,2025-09-26 14:32:36
591,P-0700,2,2,"P-0700.FI_LO,P-0700.II_HI",2025-09-29 13:25:25,2025-09-29 13:51:06
592,P-0700,2,2,"P-0700.PDI_HI,P-0700.VI_HI",2025-09-30 06:27:04,2025-09-30 06:56:55
593,P-0700,2,2,"P-0700.SI_LO,P-0700.FI_LO",2025-10-01 15:06:19,2025-10-01 15:13:54
594,P-0700,2,2,"P-0700.PI_HI,P-0700.PI_LO",2025-10-02 08:20:24,2025-10-02 08:45:37
595,P-0700,2,3,"P-0700.PI_LO,P-0700.SI_LO",2025-10-02 12:26:43,2025-10-02 12:36:52
596,P-0700,3,3,"P-0700.PDI_HI,P-0700.PI_LO,P-0700.VI_HI",2025-10-03 23:11:29,2025-10-03 23:38:25
597,P-0700,2,2,"P-0700.VI_HI,P-0700.II_HI",2025-10-05 13:39:11,2025-10-05 13:40:06
598,P-0700,2,3,"P-0700.PDI_HI,P-0700.FI_LO",2025-10-05 18:18:06,2025-10-05 18:42:22
599,P-0700,2,2,"P-0700.FI_LO,P-0700.SI_LO",2025-10-06 14:48:09,2025-10-06 14:56:12
600,P-0700,2,2,"P-0700.PI_HI,P-0700.TI_HI",2025-10-06 17:58:53,2025-10-06 18:28:24
601,P-0700,2,2,"P-0700.FI_LO,P-0700.SI_LO",2025-10-07 16:05:29,2025-10-07 16:21:13
602,P-0700,2,2,"P-0700.II_HI,P-0700.FI_LO",2025-10-08 09:04:27,2025-10-08 09:14:50
603,P-0700,2,2,"P-0700.FI_LO,P-0700.PI_LO",2025-10-08 14:01:39,2025-10-08 14:11:02
604,P-0700,2,2,"P-0700.PDI_HI,P-0700.PI_LO",2025-10-09 23:32:10,2025-10-10 00:00:10
605,P-0700,2,2,"P-0700.PI_HI,P-0700.PI_LO",2025-10-12 12:14:37,2025-10-12 12:36:09
606,P-0700,2,2,"P-0700.VI_HI,P-0700.PI_LO",2025-10-13 12:51:27,2025-10-13 13:13:18
607,P-0700,2,3,"P-0700.FI_LO,P-0700.PI_LO",2025-10-15 10:58:21,2025-10-15 11:12:26
608,P-0700,2,2,"P-0700.VI_HI,P-0700.FI_LO",2025-10-15 15:01:51,2025-10-15 15:16:01
609,P-0700,2,2,"P-0700.VI_HI,P-0700.FI_LO",2025-10-16 17:16:15,2025-10-16 17:34:53
610,P-0700,2,2,"P-0700.FI_LO,P-0700.PI_HI",2025-10-17 14:46:17,2025-10-17 14:52:57
611,P-0700,2,2,"P-0700.TI_HI,P-0700.PDI_HI",2025-10-20 14:00:40,2025-10-20 14:07:34
612,P-0700,2,2,"P-0700.PDI_HI,P-0700.PI_LO",2025-10-20 23:10:38,2025-10-20 23:24:22
613,P-0700,2,2,"P-0700.VI_HI,P-0700.TI_HI",2025-10-21 15:20:21,2025-10-21 15:26:23
614,P-0700,2,2,"P-0700.PDI_HI,P-0700.II_HI",2025-10-22 12:45:14,2025-10-22 12:48:52
615,P-0700,3,3,"P-0700.TI_HI,P-0700.SI_LO,P-0700.VI_HI",2025-10-22 15:01:50,2025-10-22 15:20:24
616,P-0700,2,2,"P-0700.SI_LO,P-0700.PI_HI",2025-10-25 20:43:20,2025-10-25 21:05:03
617,P-0700,2,2,"P-0700.PDI_HI,P-0700.PI_LO",2025-10-26 16:39:33,2025-10-26 17:09:13
618,P-0700,2,2,"P-0700.II_HI,P-0700.SI_LO",2025-10-27 14:43:24,2025-10-27 14:55:33
619,P-0700,2,2,"P-0700.PDI_HI,P-0700.VI_HI",2025-10-29 09:53:49,2025-10-29 10:05:45
620,P-0700,2,2,"P-0700.TI_HI,P-0700.PDI_HI",2025-10-31 10:37:30,2025-10-31 10:46:08
621,P-0700,3,3,"P-0700.FI_LO,P-0700.SI_LO,P-0700.PI_HI",2025-11-01 17:06:04,2025-11-01 17:46:02
622,P-0700,2,2,"P-0700.VI_HI,P-0700.II_HI",2025-11-03 11:11:50,2025-11-03 11:36:55
623,P-0700,2,2,"P-0700.II_HI,P-0700.VI_HI",2025-11-05 14:55:42,2025-11-05 14:58:03
624,P-0700,2,2,"P-0700.FI_LO,P-0700.VI_HI",2025-11-05 18:38:05,2025-11-05 19:04:52
625,P-0700,2,2,"P-0700.PDI_HI,P-0700.VI_HI",2025-11-10 09:11:34,2025-11-10 09:33:05
626,P-0700,2,3,"P-0700.PI_LO,P-0700.PDI_HI",2025-11-16 15:43:42,2025-11-16 15:58:45
627,P-0700,2,2,"P-0700.PDI_HI,P-0700.II_HI",2025-11-20 16:16:16,2025-11-20 16:20:38
628,P-0700,3,3,"P-0700.PI_LO,P-0700.II_HI,P-0700.PDI_HI",2025-11-23 07:26:06,2025-11-23 08:02:28
629,P-0700,2,2,"P-0700.PI_LO,P-0700.PI_HI",2025-11-23 13:15:24,2025-11-23 13:38:07
630,P-0700,2,2,"P-0700.VI_HI,P-0700.FI_LO",2025-11-24 16:10:40,2025-11-24 16:24:38
631,P-0700,2,2,"P-0700.II_HI,P-0700.VI_HI",2025-11-24 17:20:20,2025-11-24 17:36:46
632,P-0700,2,2,"P-0700.PI_HI,P-0700.FI_LO",2025-11-25 13:30:15,2025-11-25 13:52:02
633,P-0700,2,2,"P-0700.SI_LO,P-0700.PI_HI",2025-11-26 13:21:35,2025-11-26 13:47:39
634,P-0700,2,2,"P-0700.SI_LO,P-0700.VI_HI",2025-11-30 23:19:44,2025-11-30 23:24:59
635,P-0700,2,2,"P-0700.FI_LO,P-0700.TI_HI",2025-12-02 05:24:15,2025-12-02 05:51:43
636,P-0700,2,2,"P-0700.SI_LO,P-0700.TI_HI",2025-12-03 11:20:50,2025-12-03 11:25:26
637,P-0700,2,2,"P-0700.VI_HI,P-0700.II_HI",2025-12-03 18:58:23,2025-12-03 19:01:41
638,P-0700,2,2,"P-0700.FI_LO,P-0700.II_HI",2025-12-04 12:17:38,2025-12-04 12:33:54
639,P-0700,4,4,"P-0700.FI_LO,P-0700.PI_HI,P-0700.PI_LO,P-0700.SI_LO",2025-12-04 15:51:32,2025-12-04 16:33:10
640,P-0700,2,2,"P-0700.FI_LO,P-0700.PDI_HI",2025-12-06 18:50:46,2025-12-06 19:10:18
641,P-0700,2,2,"P-0700.FI_LO,P-0700.SI_LO",2025-12-08 22:12:14,2025-12-08 22:39:00
642,P-0700,2,2,"P-0700.II_HI,P-0700.FI_LO",2025-12-10 11:40:47,2025-12-10 12:03:33
643,P-0700,2,2,"P-0700.PI_LO,P-0700.FI_LO",2025-12-11 13:21:23,2025-12-11 13:32:43
644,P-0700,2,2,"P-0700.FI_LO,P-0700.II_HI",2025-12-13 16:31:48,2025-12-13 16:40:03
645,P-0700,3,4,"P-0700.SI_LO,P-0700.TI_HI,P-0700.VI_HI",2025-12-14 19:27:51,2025-12-14 20:07:47
646,P-0700,2,2,"P-0700.PI_HI,P-0700.FI_LO",2025-12-16 14:00:03,2025-12-16 14:16:20
647,P-0700,2,2,"P-0700.PI_LO,P-0700.FI_LO",2025-12-18 15:24:58,2025-12-18 15:32:02
648,P-0700,2,2,"P-0700.PI_HI,P-0700.SI_LO",2025-12-20 09:12:47,2025-12-20 09:13:43
649,P-0700,2,2,"P-0700.PI_LO,P-0700.TI_HI",2025-12-21 16:12:13,2025-12-21 16:32:15
650,P-0700,2,2,"P-0700.PI_HI,P-0700.PI_LO",2025-12-21 17:28:45,2025-12-21 17:57:12
651,P-0700,2,2,"P-0700.PDI_HI,P-0700.VI_HI",2025-12-22 16:24:28,2025-12-22 16:47:21
652,P-0700,2,2,"P-0700.PI_LO,P-0700.TI_HI",2025-12-22 17:20:25,2025-12-22 17:36:29
653,P-0700,3,3,"P-0700.VI_HI,P-0700.PDI_HI,P-0700.PI_LO",2025-12-23 09:57:52,2025-12-23 10:25:18
654,P-0700,2,2,"P-0700.PI_HI,P-0700.PI_LO",2025-12-23 15:29:53,2025-12-23 15:54:17
655,P-0700,2,2,"P-0700.SI_LO,P-0700.TI_HI",2025-12-23 16:49:29,2025-12-23 16:50:47
656,P-0700,3,3,"P-0700.VI_HI,P-0700.FI_LO,P-0700.PI_LO",2025-12-24 07:48:10,2025-12-24 08:24:00
657,P-0700,2,2,"P-0700.FI_LO,P-0700.SI_LO",2025-12-25 00:27:57,2025-12-25 00:45:51
658,P-0700,2,2,"P-0700.TI_HI,P-0700.VI_HI",2025-12-26 06:47:40,2025-12-26 06:47:46
659,P-0700,2,2,"P-0700.PI_LO,P-0700.II_HI",2025-12-29 15:52:01,2025-12-29 15:52:33
660,P-0100,2,2,"P-0100.II_HI,P-0100.TI_HI",2025-01-02 17:01:12,2025-01-02 17:04:54
661,P-0100,3,3,"P-0100.TI_HI,P-0100.PDI_HI,P-0100.SI_LO",2025-01-03 23:08:43,2025-01-03 23:39:15
662,P-0100,2,2,"P-0100.TI_HI,P-0100.FI_LO",2025-01-05 11:00:41,2025-01-05 11:04:19
663,P-0100,2,2,"P-0100.II_HI,P-0100.PI_LO",2025-01-06 23:17:54,2025-01-06 23:42:27
664,P-0100,2,2,"P-0100.PDI_HI,P-0100.II_HI",2025-01-07 16:32:01,2025-01-07 16:37:03
665,P-0100,2,2,"P-0100.SI_LO,P-0100.PI_LO",2025-01-07 19:32:47,2025-01-07 19:55:13
666,P-0100,2,2,"P-0100.PI_HI,P-0100.FI_LO",2025-01-10 15:48:43,2025-01-10 15:52:28
667,P-0100,2,2,"P-0100.PI_HI,P-0100.FI_LO",2025-01-13 11:38:03,2025-01-13 11:39:50
668,P-0100,3,3,"P-0100.II_HI,P-0100.TI_HI,P-0100.FI_LO",2025-01-15 15:17:42,2025-01-15 16:13:10
669,P-0100,2,2,"P-0100.SI_LO,P-0100.PI_LO",2025-01-15 23:33:34,2025-01-15 23:45:29
670,P-0100,3,3,"P-0100.FI_LO,P-0100.PDI_HI,P-0100.PI_HI",2025-01-17 18:57:39,2025-01-17 19:19:09
671,P-0100,2,2,"P-0100.PI_LO,P-0100.PI_HI",2025-01-20 14:35:31,2025-01-20 14:43:08
672,P-0100,2,2,"P-0100.II_HI,P-0100.FI_LO",2025-01-22 11:49:00,2025-01-22 11:53:32
673,P-0100,2,2,"P-0100.PDI_HI,P-0100.FI_LO",2025-01-25 15:54:48,2025-01-25 16:13:51
674,P-0100,2,2,"P-0100.FI_LO,P-0100.II_HI",2025-01-25 23:21:31,2025-01-25 23:28:24
675,P-0100,2,2,"P-0100.SI_LO,P-0100.PI_LO",2025-01-30 15:04:31,2025-01-30 15:28:18
676,P-0100,3,3,"P-0100.II_HI,P-0100.PI_LO,P-0100.SI_LO",2025-01-31 17:04:05,2025-01-31 17:18:47
677,P-0100,2,2,"P-0100.PI_HI,P-0100.VI_HI",2025-02-07 04:27:02,2025-02-07 04:28:10
678,P-0100,2,2,"P-0100.FI_LO,P-0100.PDI_HI",2025-02-11 08:37:26,2025-02-11 08:44:32
679,P-0100,2,2,"P-0100.II_HI,P-0100.PI_LO",2025-02-13 15:21:20,2025-02-13 15:26:26
680,P-0100,2,2,"P-0100.SI_LO,P-0100.PDI_HI",2025-02-14 15:52:14,2025-02-14 16:18:08
681,P-0100,2,2,"P-0100.II_HI,P-0100.SI_LO",2025-02-16 14:25:33,2025-02-16 14:38:38
682,P-0100,2,2,"P-0100.VI_HI,P-0100.SI_LO",2025-02-18 07:27:58,2025-02-18 07:33:21
683,P-0100,2,2,"P-0100.II_HI,P-0100.VI_HI",2025-02-19 23:00:20,2025-02-19 23:28:28
684,P-0100,2,2,"P-0100.II_HI,P-0100.FI_LO",2025-02-22 12:34:17,2025-02-22 12:43:34
685,P-0100,3,3,"P-0100.PDI_HI,P-0100.FI_LO,P-0100.PI_HI",2025-02-26 10:02:13,2025-02-26 10:52:16
686,P-0100,2,2,"P-0100.FI_LO,P-0100.PI_HI",2025-02-27 12:06:25,2025-02-27 12:28:34
687,P-0100,2,2,"P-0100.II_HI,P-0100.PI_HI",2025-02-28 12:42:38,2025-02-28 12:54:28
688,P-0100,2,2,"P-0100.PI_HI,P-0100.II_HI",2025-03-01 12:47:08,2025-03-01 13:05:25
689,P-0100,2,2,"P-0100.PI_HI,P-0100.PDI_HI",2025-03-02 21:38:07,2025-03-02 22:01:57
690,P-0100,2,2,"P-0100.PI_HI,P-0100.VI_HI",2025-03-04 14:38:49,2025-03-04 14:39:56
691,P-0100,2,3,"P-0100.VI_HI,P-0100.PI_HI",2025-03-04 17:31:11,2025-03-04 17:41:33
692,P-0100,2,2,"P-0100.VI_HI,P-0100.SI_LO",2025-03-06 05:54:39,2025-03-06 06:01:23
693,P-0100,2,2,"P-0100.PI_LO,P-0100.SI_LO",2025-03-07 23:50:27,2025-03-08 00:09:42
694,P-0100,2,2,"P-0100.SI_LO,P-0100.PI_LO",2025-03-08 20:07:36,2025-03-08 20:32:45
695,P-0100,2,2,"P-0100.VI_HI,P-0100.PDI_HI",2025-03-09 23:09:38,2025-03-09 23:14:02
696,P-0100,2,2,"P-0100.FI_LO,P-0100.TI_HI",2025-03-10 12:54:11,2025-03-10 13:21:24
697,P-0100,2,2,"P-0100.PDI_HI,P-0100.VI_HI",2025-03-12 07:11:20,2025-03-12 07:16:17
698,P-0100,2,2,"P-0100.TI_HI,P-0100.PI_HI",2025-03-13 08:13:27,2025-03-13 08:30:12
699,P-0100,2,2,"P-0100.SI_LO,P-0100.II_HI",2025-03-16 11:21:23,2025-03-16 11:38:16
700,P-0100,2,2,"P-0100.PI_LO,P-0100.PI_HI",2025-03-17 08:32:33,2025-03-17 08:42:24
701,P-0100,2,2,"P-0100.SI_LO,P-0100.FI_LO",2025-03-17 10:17:11,2025-03-17 10:19:11
702,P-0100,2,2,"P-0100.FI_LO,P-0100.PI_LO",2025-03-17 23:38:54,2025-03-17 23:54:17
703,P-0100,4,4,"P-0100.VI_HI,P-0100.PI_HI,P-0100.II_HI,P-0100.FI_LO",2025-03-18 10:24:07,2025-03-18 11:18:57
704,P-0100,2,2,"P-0100.SI_LO,P-0100.PI_LO",2025-03-18 16:51:01,2025-03-18 16:57:23
705,P-0100,2,2,"P-0100.PDI_HI,P-0100.PI_HI",2025-03-19 14:05:03,2025-03-19 14:19:46
706,P-0100,2,2,"P-0100.TI_HI,P-0100.PI_HI",2025-03-20 11:28:22,2025-03-20 11:48:07
707,P-0100,2,2,"P-0100.PI_LO,P-0100.PDI_HI",2025-03-21 14:18:29,2025-03-21 14:27:46
708,P-0100,2,2,"P-0100.PI_LO,P-0100.PDI_HI",2025-03-23 09:37:13,2025-03-23 10:05:34
709,P-0100,3,3,"P-0100.TI_HI,P-0100.PI_LO,P-0100.FI_LO",2025-03-28 13:15:26,2025-03-28 13:46:37
710,P-0100,2,2,"P-0100.PI_HI,P-0100.TI_HI",2025-03-29 15:13:50,2025-03-29 15:33:12
711,P-0100,3,3,"P-0100.FI_LO,P-0100.VI_HI,P-0100.PI_HI",2025-03-29 20:38:54,2025-03-29 21:08:58
712,P-0100,2,2,"P-0100.VI_HI,P-0100.II_HI",2025-04-01 18:11:29,2025-04-01 18:28:31
713,P-0100,2,2,"P-0100.SI_LO,P-0100.FI_LO",2025-04-02 16:46:07,2025-04-02 17:03:43
714,P-0100,2,2,"P-0100.FI_LO,P-0100.II_HI",2025-04-03 20:05:59,2025-04-03 20:31:52
715,P-0100,2,2,"P-0100.II_HI,P-0100.PI_LO",2025-04-04 06:49:08,2025-04-04 07:03:37
716,P-0100,2,2,"P-0100.PI_LO,P-0100.II_HI",2025-04-05 14:58:31,2025-04-05 15:00:57
717,P-0100,2,2,"P-0100.FI_LO,P-0100.PI_LO",2025-04-06 08:20:34,2025-04-06 08:33:08
718,P-0100,2,2,"P-0100.VI_HI,P-0100.PI_LO",2025-04-06 14:44:40,2025-04-06 14:47:33
719,P-0100,2,2,"P-0100.TI_HI,P-0100.SI_LO",2025-04-06 23:33:51,2025-04-06 23:40:56
720,P-0100,2,2,"P-0100.VI_HI,P-0100.TI_HI",2025-04-07 11:36:00,2025-04-07 12:03:08
721,P-0100,3,3,"P-0100.VI_HI,P-0100.PI_LO,P-0100.PI_HI",2025-04-08 14:57:15,2025-04-08 15:20:52
722,P-0100,3,3,"P-0100.PI_HI,P-0100.PI_LO,P-0100.VI_HI",2025-04-09 06:49:40,2025-04-09 07:16:09
723,P-0100,2,2,"P-0100.PI_LO,P-0100.PDI_HI",2025-04-09 13:07:27,2025-04-09 13:35:44
724,P-0100,2,2,"P-0100.VI_HI,P-0100.FI_LO",2025-04-09 20:26:43,2025-04-09 20:50:18
725,P-0100,2,2,"P-0100.TI_HI,P-0100.PDI_HI",2025-04-10 11:51:47,2025-04-10 11:55:18
726,P-0100,2,2,"P-0100.VI_HI,P-0100.FI_LO",2025-04-10 13:14:39,2025-04-10 13:22:30
727,P-0100,2,2,"P-0100.PI_HI,P-0100.FI_LO",2025-04-12 13:14:56,2025-04-12 13:35:27
728,P-0100,2,3,"P-0100.TI_HI,P-0100.SI_LO",2025-04-16 11:24:28,2025-04-16 12:10:34
729,P-0100,2,2,"P-0100.PI_HI,P-0100.VI_HI",2025-04-16 16:19:45,2025-04-16 16:45:25
730,P-0100,3,3,"P-0100.PI_LO,P-0100.VI_HI,P-0100.II_HI",2025-04-17 11:33:05,2025-04-17 12:17:22
731,P-0100,2,2,"P-0100.II_HI,P-0100.TI_HI",2025-04-18 14:52:28,2025-04-18 14:58:02
732,P-0100,2,2,"P-0100.TI_HI,P-0100.PI_LO",2025-04-20 16:32:16,2025-04-20 16:52:58
733,P-0100,2,2,"P-0100.TI_HI,P-0100.VI_HI",2025-04-20 20:37:30,2025-04-20 20:50:21
734,P-0100,2,2,"P-0100.VI_HI,P-0100.PI_HI",2025-04-21 15:45:52,2025-04-21 16:05:22
735,P-0100,2,3,"P-0100.VI_HI,P-0100.SI_LO",2025-04-22 14:22:35,2025-04-22 15:01:43
736,P-0100,2,2,"P-0100.VI_HI,P-0100.PDI_HI",2025-04-22 15:52:31,2025-04-22 15:55:21
737,P-0100,2,2,"P-0100.PDI_HI,P-0100.TI_HI",2025-04-23 11:29:32,2025-04-23 11:33:07
738,P-0100,2,2,"P-0100.FI_LO,P-0100.SI_LO",2025-04-23 23:06:33,2025-04-23 23:11:10
739,P-0100,2,2,"P-0100.II_HI,P-0100.VI_HI",2025-04-25 13:52:59,2025-04-25 13:58:08
740,P-0100,2,2,"P-0100.PDI_HI,P-0100.FI_LO",2025-04-25 23:31:24,2025-04-25 23:41:41
741,P-0100,2,2,"P-0100.VI_HI,P-0100.TI_HI",2025-04-27 02:14:32,2025-04-27 02:39:38
742,P-0100,3,3,"P-0100.VI_HI,P-0100.PI_HI,P-0100.TI_HI",2025-04-27 10:15:51,2025-04-27 11:00:41
743,P-0100,2,2,"P-0100.FI_LO,P-0100.TI_HI",2025-04-28 12:23:48,2025-04-28 12:39:03
744,P-0100,2,3,"P-0100.TI_HI,P-0100.SI_LO",2025-04-28 16:03:02,2025-04-28 16:33:34
745,P-0100,2,2,"P-0100.VI_HI,P-0100.TI_HI",2025-04-29 18:36:59,2025-04-29 18:52:54
746,P-0100,2,2,"P-0100.SI_LO,P-0100.VI_HI",2025-04-30 08:16:29,2025-04-30 08:20:26
747,P-0100,2,2,"P-0100.PI_HI,P-0100.PDI_HI",2025-04-30 23:36:56,2025-04-30 23:38:52
748,P-0100,3,3,"P-0100.PDI_HI,P-0100.PI_HI,P-0100.II_HI",2025-05-01 06:06:48,2025-05-01 06:36:53
749,P-0100,2,2,"P-0100.TI_HI,P-0100.SI_LO",2025-05-01 07:34:14,2025-05-01 07:47:09
750,P-0100,2,2,"P-0100.PI_HI,P-0100.VI_HI",2025-05-01 10:34:37,2025-05-01 10:47:53
751,P-0100,2,2,"P-0100.VI_HI,P-0100.FI_LO",2025-05-03 16:09:34,2025-05-03 16:38:43
752,P-0100,2,2,"P-0100.VI_HI,P-0100.SI_LO",2025-05-05 13:38:52,2025-05-05 13:39:28
753,P-0100,2,2,"P-0100.VI_HI,P-0100.FI_LO",2025-05-05 18:29:29,2025-05-05 18:53:03
754,P-0100,2,2,"P-0100.VI_HI,P-0100.SI_LO",2025-05-06 04:13:40,2025-05-06 04:13:55
755,P-0100,3,4,"P-0100.VI_HI,P-0100.TI_HI,P-0100.II_HI",2025-05-07 13:10:22,2025-05-07 13:33:58
756,P-0100,2,2,"P-0100.VI_HI,P-0100.PDI_HI",2025-05-07 23:04:54,2025-05-07 23:21:20
757,P-0100,2,2,"P-0100.TI_HI,P-0100.PI_HI",2025-05-08 15:17:31,2025-05-08 15:21:15
758,P-0100,2,2,"P-0100.PI_LO,P-0100.PDI_HI",2025-05-08 18:32:47,2025-05-08 18:43:59
759,P-0100,2,2,"P-0100.FI_LO,P-0100.VI_HI",2025-05-08 23:30:47,2025-05-08 23:35:55
760,P-0100,2,3,"P-0100.TI_HI,P-0100.II_HI",2025-05-09 13:57:09,2025-05-09 14:31:12
761,P-0100,2,2,"P-0100.PI_LO,P-0100.PDI_HI",2025-05-09 19:41:45,2025-05-09 20:04:18
762,P-0100,2,2,"P-0100.VI_HI,P-0100.PI_LO",2025-05-11 10:23:38,2025-05-11 10:33:50
763,P-0100,2,2,"P-0100.PI_HI,P-0100.FI_LO",2025-05-11 13:43:26,2025-05-11 13:58:05
764,P-0100,3,3,"P-0100.SI_LO,P-0100.TI_HI,P-0100.PI_LO",2025-05-11 15:31:12,2025-05-11 16:19:53
765,P-0100,3,4,"P-0100.VI_HI,P-0100.TI_HI,P-0100.PI_LO",2025-05-12 22:56:56,2025-05-12 23:43:55
766,P-0100,2,2,"P-0100.VI_HI,P-0100.II_HI",2025-05-13 12:20:16,2025-05-13 12:45:42
767,P-0100,2,2,"P-0100.VI_HI,P-0100.TI_HI",2025-05-14 12:20:34,2025-05-14 12:24:56
768,P-0100,2,2,"P-0100.VI_HI,P-0100.PDI_HI",2025-05-14 17:01:27,2025-05-14 17:16:05
769,P-0100,2,3,"P-0100.TI_HI,P-0100.VI_HI",2025-05-15 09:45:08,2025-05-15 10:05:18
770,P-0100,2,3,"P-0100.TI_HI,P-0100.VI_HI",2025-05-17 13:42:08,2025-05-17 14:08:23
771,P-0100,2,2,"P-0100.SI_LO,P-0100.PDI_HI",2025-05-17 23:04:13,2025-05-17 23:21:23
772,P-0100,3,3,"P-0100.SI_LO,P-0100.FI_LO,P-0100.TI_HI",2025-05-18 16:19:53,2025-05-18 16:52:54
773,P-0100,2,2,"P-0100.TI_HI,P-0100.II_HI",2025-05-18 17:28:32,2025-05-18 17:58:19
774,P-0100,2,2,"P-0100.TI_HI,P-0100.II_HI",2025-05-19 03:09:11,2025-05-19 03:16:58
775,P-0100,2,3,"P-0100.VI_HI,P-0100.PI_HI",2025-05-19 10:30:09,2025-05-19 10:54:34
776,P-0100,2,2,"P-0100.PDI_HI,P-0100.TI_HI",2025-05-19 14:24:50,2025-05-19 14:44:43
777,P-0100,2,2,"P-0100.PI_HI,P-0100.VI_HI",2025-05-20 04:25:35,2025-05-20 04:44:46
778,P-0100,2,3,"P-0100.VI_HI,P-0100.TI_HI",2025-05-20 08:07:42,2025-05-20 08:32:20
779,P-0100,2,2,"P-0100.FI_LO,P-0100.TI_HI",2025-05-20 14:17:49,2025-05-20 14:47:06
780,P-0100,3,3,"P-0100.PDI_HI,P-0100.TI_HI,P-0100.SI_LO",2025-05-20 15:51:54,2025-05-20 16:18:28
781,P-0100,2,2,"P-0100.TI_HI,P-0100.VI_HI",2025-05-20 18:29:07,2025-05-20 18:46:21
782,P-0100,2,2,"P-0100.VI_HI,P-0100.II_HI",2025-05-22 03:47:57,2025-05-22 04:02:35
783,P-0100,2,2,"P-0100.SI_LO,P-0100.TI_HI",2025-05-22 10:01:29,2025-05-22 10:24:07
784,P-0100,2,2,"P-0100.PDI_HI,P-0100.TI_HI",2025-05-22 11:10:19,2025-05-22 11:15:22
785,P-0100,3,4,"P-0100.TI_HI,P-0100.VI_HI,P-0100.SI_LO",2025-05-22 13:51:40,2025-05-22 14:37:39
786,P-0100,2,2,"P-0100.VI_HI,P-0100.PI_LO",2025-05-22 15:54:54,2025-05-22 16:07:40
787,P-0100,2,2,"P-0100.VI_HI,P-0100.TI_HI",2025-05-23 13:49:47,2025-05-23 14:17:07
788,P-0100,2,2,"P-0100.VI_HI,P-0100.PI_HI",2025-05-24 15:17:50,2025-05-24 15:29:14
789,P-0100,2,2,"P-0100.PDI_HI,P-0100.VI_HI",2025-05-25 14:17:09,2025-05-25 14:45:14
790,P-0100,2,3,"P-0100.TI_HI,P-0100.VI_HI",2025-05-25 15:57:33,2025-05-25 16:22:34
791,P-0100,2,2,"P-0100.II_HI,P-0100.PI_HI",2025-05-25 18:20:33,2025-05-25 18:20:36
792,P-0100,3,3,"P-0100.II_HI,P-0100.TI_HI,P-0100.VI_HI",2025-05-26 10:42:03,2025-05-26 11:05:51
793,P-0100,2,2,"P-0100.II_HI,P-0100.PDI_HI",2025-05-26 14:22:50,2025-05-26 14:32:19
794,P-0100,2,2,"P-0100.TI_HI,P-0100.PDI_HI",2025-05-27 10:28:49,2025-05-27 10:55:03
795,P-0100,2,2,"P-0100.VI_HI,P-0100.FI_LO",2025-05-28 10:26:51,2025-05-28 10:55:10
796,P-0100,2,2,"P-0100.TI_HI,P-0100.VI_HI",2025-05-28 16:56:24,2025-05-28 17:04:04
797,P-0100,2,2,"P-0100.VI_HI,P-0100.SI_LO",2025-05-29 09:02:24,2025-05-29 09:04:07
798,P-0100,2,2,"P-0100.VI_HI,P-0100.PI_LO",2025-05-29 09:38:52,2025-05-29 09:39:38
799,P-0100,4,4,"P-0100.SI_LO,P-0100.FI_LO,P-0100.II_HI,P-0100.TI_HI",2025-05-29 13:20:22,2025-05-29 14:14:03
800,P-0100,4,6,"P-0100.PDI_HI,P-0100.VI_HI,P-0100.TI_HI,P-0100.II_HI",2025-05-29 15:32:45,2025-05-29 16:33:10
801,P-0100,2,2,"P-0100.PI_LO,P-0100.FI_LO",2025-05-29 18:04:35,2025-05-29 18:12:47
802,P-0100,2,2,"P-0100.TI_HI,P-0100.VI_HI",2025-05-30 09:30:29,2025-05-30 09:52:51
803,P-0100,2,2,"P-0100.VI_HI,P-0100.TI_HI",2025-05-31 14:11:33,2025-05-31 14:25:30
804,P-0100,2,2,"P-0100.FI_LO,P-0100.TI_HI",2025-06-01 08:41:25,2025-06-01 08:47:46
805,P-0100,3,3,"P-0100.TI_HI,P-0100.PI_LO,P-0100.VI_HI",2025-06-01 13:27:45,2025-06-01 13:36:15
806,P-0100,2,2,"P-0100.FI_LO,P-0100.VI_HI",2025-06-01 15:11:19,2025-06-01 15:13:03
807,P-0100,2,2,"P-0100.TI_HI,P-0100.II_HI",2025-06-01 16:46:03,2025-06-01 16:47:31
808,P-0100,2,2,"P-0100.VI_HI,P-0100.II_HI",2025-06-02 13:01:16,2025-06-02 13:13:05
809,P-0100,2,4,"P-0100.VI_HI,P-0100.TI_HI",2025-06-02 13:49:52,2025-06-02 14:41:20
810,P-0100,2,2,"P-0100.PI_LO,P-0100.TI_HI",2025-06-02 15:17:49,2025-06-02 15:23:54
811,P-0100,3,4,"P-0100.SI_LO,P-0100.VI_HI,P-0100.TI_HI",2025-06-04 13:39:44,2025-06-04 13:53:00
812,P-0100,3,5,"P-0100.VI_HI,P-0100.TI_HI,P-0100.PDI_HI",2025-06-04 14:48:25,2025-06-04 15:47:11
813,P-0100,2,2,"P-0100.VI_HI,P-0100.TI_HI",2025-06-05 09:40:36,2025-06-05 10:05:49
814,P-0100,3,3,"P-0100.VI_HI,P-0100.TI_HI,P-0100.PDI_HI",2025-06-05 11:30:56,2025-06-05 11:46:39
815,P-0100,4,4,"P-0100.SI_LO,P-0100.TI_HI,P-0100.VI_HI,P-0100.PI_HI",2025-06-05 13:49:31,2025-06-05 14:06:07
816,P-0100,2,2,"P-0100.VI_HI,P-0100.TI_HI",2025-06-06 07:09:03,2025-06-06 07:19:17
817,P-0100,2,2,"P-0100.VI_HI,P-0100.PI_HI",2025-06-06 14:45:58,2025-06-06 15:09:27
818,P-0100,2,2,"P-0100.VI_HI,P-0100.PI_LO",2025-06-07 05:27:14,2025-06-07 05:31:48
819,P-0100,2,2,"P-0100.VI_HI,P-0100.TI_HI",2025-06-07 13:13:23,2025-06-07 13:14:51
820,P-0100,2,2,"P-0100.FI_LO,P-0100.TI_HI",2025-06-08 09:14:19,2025-06-08 09:19:19
821,P-0100,2,3,"P-0100.TI_HI,P-0100.VI_HI",2025-06-08 10:12:41,2025-06-08 10:57:13
822,P-0100,2,2,"P-0100.VI_HI,P-0100.TI_HI",2025-06-09 11:31:50,2025-06-09 11:37:38
823,P-0100,2,2,"P-0100.TI_HI,P-0100.PI_HI",2025-06-09 18:22:17,2025-06-09 18:27:58
824,P-0100,2,2,"P-0100.VI_HI,P-0100.TI_HI",2025-06-09 19:16:37,2025-06-09 19:36:17
825,P-0100,2,3,"P-0100.TI_HI,P-0100.VI_HI",2025-06-10 12:46:10,2025-06-10 13:14:49
826,P-0100,2,2,"P-0100.TI_HI,P-0100.SI_LO",2025-06-10 16:13:21,2025-06-10 16:24:54
827,P-0100,2,3,"P-0100.VI_HI,P-0100.TI_HI",2025-06-11 11:33:19,2025-06-11 11:55:07
828,P-0100,3,6,"P-0100.VI_HI,P-0100.TI_HI,P-0100.PI_HI",2025-06-12 06:55:13,2025-06-12 08:35:39
829,P-0100,2,3,"P-0100.TI_HI,P-0100.VI_HI",2025-06-12 10:39:08,2025-06-12 11:03:57
830,P-0100,2,2,"P-0100.TI_HI,P-0100.VI_HI",2025-06-12 17:45:32,2025-06-12 18:14:21
831,P-0100,2,2,"P-0100.VI_HI,P-0100.PDI_HI",2025-06-13 10:02:31,2025-06-13 10:17:42
832,P-0100,2,3,"P-0100.TI_HI,P-0100.VI_HI",2025-06-13 15:26:09,2025-06-13 15:54:33
833,P-0100,2,2,"P-0100.PI_HI,P-0100.TI_HI",2025-06-13 19:06:34,2025-06-13 19:33:38
834,P-0100,3,3,"P-0100.VI_HI,P-0100.TI_HI,P-0100.PDI_HI",2025-06-14 07:16:32,2025-06-14 07:49:36
835,P-0100,2,3,"P-0100.VI_HI,P-0100.TI_HI",2025-06-14 09:27:19,2025-06-14 09:49:42
836,P-0100,3,3,"P-0100.FI_LO,P-0100.TI_HI,P-0100.VI_HI",2025-06-14 14:06:06,2025-06-14 14:36:38
837,P-0100,2,2,"P-0100.TI_HI,P-0100.VI_HI",2025-06-15 06:20:04,2025-06-15 06:41:19
838,P-0100,2,3,"P-0100.II_HI,P-0100.TI_HI",2025-06-16 09:19:08,2025-06-16 09:33:29
839,P-0100,3,3,"P-0100.TI_HI,P-0100.II_HI,P-0100.VI_HI",2025-06-16 12:28:35,2025-06-16 13:09:07
840,P-0100,2,2,"P-0100.FI_LO,P-0100.TI_HI",2025-06-16 15:22:06,2025-06-16 15:24:22
841,P-0100,2,2,"P-0100.VI_HI,P-0100.TI_HI",2025-06-17 12:27:29,2025-06-17 12:38:42
842,P-0100,2,2,"P-0100.TI_HI,P-0100.VI_HI",2025-06-17 15:24:03,2025-06-17 15:46:14
843,P-0100,2,2,"P-0100.PDI_HI,P-0100.TI_HI",2025-06-17 17:36:08,2025-06-17 17:55:45
844,P-0100,2,2,"P-0100.VI_HI,P-0100.TI_HI",2025-06-18 10:24:33,2025-06-18 10:40:20
845,P-0100,2,2,"P-0100.TI_HI,P-0100.SI_LO",2025-06-18 11:56:29,2025-06-18 12:01:19
846,P-0100,2,3,"P-0100.TI_HI,P-0100.VI_HI",2025-06-18 15:58:14,2025-06-18 16:00:15
847,P-0100,2,2,"P-0100.VI_HI,P-0100.FI_LO",2025-06-18 17:08:35,2025-06-18 17:28:45
848,P-0100,2,2,"P-0100.VI_HI,P-0100.SI_LO",2025-06-19 05:01:34,2025-06-19 05:01:43
849,P-0100,3,3,"P-0100.VI_HI,P-0100.TI_HI,P-0100.PI_HI",2025-06-19 12:14:20,2025-06-19 12:35:23
850,P-0100,2,2,"P-0100.TI_HI,P-0100.FI_LO",2025-06-19 20:37:18,2025-06-19 20:43:21
851,P-0100,2,3,"P-0100.TI_HI,P-0100.VI_HI",2025-06-20 17:16:22,2025-06-20 17:24:05
852,P-0100,3,3,"P-0100.FI_LO,P-0100.PDI_HI,P-0100.PI_HI",2025-06-20 23:25:57,2025-06-20 23:54:18
853,P-0100,3,3,"P-0100.PI_LO,P-0100.VI_HI,P-0100.II_HI",2025-06-21 07:06:11,2025-06-21 07:18:09
854,P-0100,3,3,"P-0100.FI_LO,P-0100.PI_HI,P-0100.TI_HI",2025-06-21 11:44:19,2025-06-21 11:51:08
855,P-0100,2,2,"P-0100.SI_LO,P-0100.TI_HI",2025-06-22 07:31:25,2025-06-22 07:39:38
856,P-0100,2,2,"P-0100.VI_HI,P-0100.TI_HI",2025-06-22 10:47:14,2025-06-22 11:08:53
857,P-0100,3,3,"P-0100.TI_HI,P-0100.PDI_HI,P-0100.PI_LO",2025-06-22 19:02:33,2025-06-22 19:46:23
858,P-0100,3,4,"P-0100.TI_HI,P-0100.PI_HI,P-0100.II_HI",2025-06-23 13:41:02,2025-06-23 14:18:54
859,P-0100,2,4,"P-0100.TI_HI,P-0100.VI_HI",2025-06-23 16:40:37,2025-06-23 17:20:20
860,P-0100,2,2,"P-0100.PI_LO,P-0100.TI_HI",2025-06-24 12:15:35,2025-06-24 12:15:39
861,P-0100,2,2,"P-0100.TI_HI,P-0100.PI_LO",2025-06-24 14:16:53,2025-06-24 14:37:42
862,P-0100,2,2,"P-0100.TI_HI,P-0100.FI_LO",2025-06-25 06:24:30,2025-06-25 06:28:21
863,P-0100,2,2,"P-0100.VI_HI,P-0100.TI_HI",2025-06-25 08:29:55,2025-06-25 08:53:53
864,P-0100,2,2,"P-0100.PDI_HI,P-0100.TI_HI",2025-06-26 06:18:17,2025-06-26 06:34:00
865,P-0100,2,2,"P-0100.VI_HI,P-0100.PI_LO",2025-06-26 07:45:15,2025-06-26 08:03:21
866,P-0100,2,2,"P-0100.VI_HI,P-0100.PI_HI",2025-06-26 13:02:27,2025-06-26 13:12:50
867,P-0100,2,3,"P-0100.FI_LO,P-0100.VI_HI",2025-06-26 15:41:24,2025-06-26 15:55:53
868,P-0100,4,4,"P-0100.II_HI,P-0100.FI_LO,P-0100.SI_LO,P-0100.PI_HI",2025-06-26 22:50:49,2025-06-26 23:33:14
869,P-0100,2,2,"P-0100.FI_LO,P-0100.VI_HI",2025-06-28 09:22:02,2025-06-28 09:50:00
870,P-0100,2,3,"P-0100.VI_HI,P-0100.TI_HI",2025-06-28 10:46:58,2025-06-28 11:23:43
871,P-0100,2,3,"P-0100.VI_HI,P-0100.TI_HI",2025-06-28 13:48:16,2025-06-28 14:03:32
872,P-0100,2,2,"P-0100.FI_LO,P-0100.TI_HI",2025-06-29 08:13:35,2025-06-29 08:24:01
873,P-0100,2,4,"P-0100.TI_HI,P-0100.VI_HI",2025-06-29 10:28:45,2025-06-29 11:09:33
874,P-0100,2,3,"P-0100.VI_HI,P-0100.FI_LO",2025-06-29 13:05:16,2025-06-29 13:19:53
875,P-0100,3,5,"P-0100.PDI_HI,P-0100.II_HI,P-0100.VI_HI",2025-07-01 12:21:58,2025-07-01 13:05:48
876,P-0100,2,2,"P-0100.PI_HI,P-0100.VI_HI",2025-07-01 14:24:56,2025-07-01 14:29:18
877,P-0100,2,4,"P-0100.VI_HI,P-0100.FI_LO",2025-07-01 16:26:33,2025-07-01 17:07:40
878,P-0100,2,3,"P-0100.VI_HI,P-0100.TI_HI",2025-07-02 13:10:38,2025-07-02 13:33:44
879,P-0100,4,5,"P-0100.II_HI,P-0100.VI_HI,P-0100.TI_HI,P-0100.PDI_HI",2025-07-02 16:02:13,2025-07-02 16:47:06
880,P-0100,2,2,"P-0100.FI_LO,P-0100.TI_HI",2025-07-03 08:28:08,2025-07-03 08:33:00
881,P-0100,3,3,"P-0100.TI_HI,P-0100.PDI_HI,P-0100.PI_HI",2025-07-03 09:09:05,2025-07-03 09:18:40
882,P-0100,2,3,"P-0100.TI_HI,P-0100.SI_LO",2025-07-03 10:42:32,2025-07-03 11:14:59
883,P-0100,2,2,"P-0100.PI_HI,P-0100.VI_HI",2025-07-03 14:12:16,2025-07-03 14:21:51
884,P-0100,2,2,"P-0100.VI_HI,P-0100.PI_HI",2025-07-03 18:44:32,2025-07-03 19:04:56
885,P-0100,3,5,"P-0100.VI_HI,P-0100.TI_HI,P-0100.SI_LO",2025-07-04 13:17:26,2025-07-04 14:19:18
886,P-0100,2,3,"P-0100.VI_HI,P-0100.TI_HI",2025-07-04 16:29:38,2025-07-04 16:54:25
887,P-0100,2,2,"P-0100.TI_HI,P-0100.VI_HI",2025-07-05 03:48:25,2025-07-05 04:17:43
888,P-0100,2,2,"P-0100.VI_HI,P-0100.TI_HI",2025-07-05 11:06:32,2025-07-05 11:34:26
889,P-0100,2,3,"P-0100.SI_LO,P-0100.TI_HI",2025-07-05 13:11:25,2025-07-05 13:56:33
890,P-0100,2,2,"P-0100.TI_HI,P-0100.VI_HI",2025-07-06 12:43:07,2025-07-06 12:51:32
891,P-0100,2,2,"P-0100.VI_HI,P-0100.II_HI",2025-07-06 16:42:42,2025-07-06 17:02:52
892,P-0100,2,2,"P-0100.VI_HI,P-0100.TI_HI",2025-07-07 04:30:06,2025-07-07 04:54:15
893,P-0100,2,4,"P-0100.TI_HI,P-0100.VI_HI",2025-07-07 10:17:27,2025-07-07 10:53:34
894,P-0100,3,3,"P-0100.SI_LO,P-0100.VI_HI,P-0100.TI_HI",2025-07-08 07:26:35,2025-07-08 08:14:08
895,P-0100,3,4,"P-0100.VI_HI,P-0100.II_HI,P-0100.PDI_HI",2025-07-08 12:28:07,2025-07-08 13:10:45
896,P-0100,2,3,"P-0100.TI_HI,P-0100.VI_HI",2025-07-08 13:43:21,2025-07-08 14:11:06
897,P-0100,2,2,"P-0100.VI_HI,P-0100.PDI_HI",2025-07-09 08:01:39,2025-07-09 08:27:51
898,P-0100,2,3,"P-0100.TI_HI,P-0100.VI_HI",2025-07-09 12:03:02,2025-07-09 12:34:52
899,P-0100,2,2,"P-0100.VI_HI,P-0100.PDI_HI",2025-07-09 13:33:39,2025-07-09 13:38:21
900,P-0100,2,4,"P-0100.TI_HI,P-0100.SI_LO",2025-07-09 14:20:16,2025-07-09 15:27:45
901,P-0100,2,2,"P-0100.TI_HI,P-0100.VI_HI",2025-07-10 07:03:43,2025-07-10 07:05:38
902,P-0100,2,2,"P-0100.FI_LO,P-0100.PDI_HI",2025-07-10 11:50:30,2025-07-10 12:10:41
903,P-0100,2,2,"P-0100.VI_HI,P-0100.TI_HI",2025-07-10 13:05:07,2025-07-10 13:17:18
904,P-0100,2,2,"P-0100.VI_HI,P-0100.TI_HI",2025-07-10 14:39:49,2025-07-10 14:48:44
905,P-0100,2,2,"P-0100.VI_HI,P-0100.TI_HI",2025-07-10 17:38:14,2025-07-10 17:41:23
906,P-0100,2,2,"P-0100.VI_HI,P-0100.TI_HI",2025-07-10 18:34:45,2025-07-10 18:49:19
907,P-0100,2,2,"P-0100.PDI_HI,P-0100.VI_HI",2025-07-11 09:29:56,2025-07-11 09:32:01
908,P-0100,4,8,"P-0100.PI_LO,P-0100.VI_HI,P-0100.PDI_HI,P-0100.TI_HI",2025-07-11 11:57:09,2025-07-11 13:44:20
909,P-0100,3,3,"P-0100.SI_LO,P-0100.VI_HI,P-0100.TI_HI",2025-07-11 14:16:54,2025-07-11 14:34:45
910,P-0100,2,2,"P-0100.PI_LO,P-0100.VI_HI",2025-07-11 15:15:47,2025-07-11 15:25:03
911,P-0100,4,8,"P-0100.PI_HI,P-0100.VI_HI,P-0100.TI_HI,P-0100.FI_LO",2025-07-12 12:47:07,2025-07-12 14:36:18
912,P-0100,2,2,"P-0100.VI_HI,P-0100.TI_HI",2025-07-12 17:52:54,2025-07-12 18:03:56
913,P-0100,2,2,"P-0100.TI_HI,P-0100.II_HI",2025-07-13 04:30:43,2025-07-13 04:35:00
914,P-0100,3,3,"P-0100.TI_HI,P-0100.PDI_HI,P-0100.VI_HI",2025-07-13 10:49:43,2025-07-13 11:25:51
915,P-0100,2,3,"P-0100.VI_HI,P-0100.TI_HI",2025-07-13 13:28:16,2025-07-13 13:37:36
916,P-0100,2,2,"P-0100.TI_HI,P-0100.SI_LO",2025-07-13 21:57:59,2025-07-13 22:02:36
917,P-0100,2,2,"P-0100.TI_HI,P-0100.VI_HI",2025-07-14 08:26:15,2025-07-14 08:54:56
918,P-0100,4,6,"P-0100.PI_HI,P-0100.VI_HI,P-0100.PDI_HI,P-0100.TI_HI",2025-07-14 09:37:21,2025-07-14 10:52:24
919,P-0100,2,2,"P-0100.VI_HI,P-0100.FI_LO",2025-07-14 12:18:06,2025-07-14 12:21:06
920,P-0100,2,2,"P-0100.TI_HI,P-0100.VI_HI",2025-07-14 18:19:02,2025-07-14 18:43:07
921,P-0100,2,4,"P-0100.VI_HI,P-0100.PI_LO",2025-07-15 11:15:50,2025-07-15 11:53:28
922,P-0100,2,2,"P-0100.FI_LO,P-0100.VI_HI",2025-07-15 14:30:22,2025-07-15 14:38:16
923,P-0100,3,4,"P-0100.TI_HI,P-0100.FI_LO,P-0100.VI_HI",2025-07-16 08:11:28,2025-07-16 09:12:01
924,P-0100,2,2,"P-0100.VI_HI,P-0100.II_HI",2025-07-16 10:57:37,2025-07-16 11:26:46
925,P-0100,2,2,"P-0100.TI_HI,P-0100.PI_LO",2025-07-16 19:48:11,2025-07-16 19:52:43
926,P-0100,2,2,"P-0100.VI_HI,P-0100.TI_HI",2025-07-17 07:15:53,2025-07-17 07:24:43
927,P-0100,2,2,"P-0100.FI_LO,P-0100.VI_HI",2025-07-17 15:34:40,2025-07-17 15:54:58
928,P-0100,3,6,"P-0100.TI_HI,P-0100.PI_LO,P-0100.VI_HI",2025-07-18 12:46:12,2025-07-18 13:42:08
929,P-0100,3,3,"P-0100.PI_HI,P-0100.TI_HI,P-0100.VI_HI",2025-07-18 17:22:26,2025-07-18 17:55:37
930,P-0100,2,2,"P-0100.TI_HI,P-0100.II_HI",2025-07-18 23:19:52,2025-07-18 23:34:37
931,P-0100,2,2,"P-0100.VI_HI,P-0100.TI_HI",2025-07-19 06:21:28,2025-07-19 06:46:35
932,P-0100,2,2,"P-0100.PI_HI,P-0100.VI_HI",2025-07-19 08:35:19,2025-07-19 08:45:29
933,P-0100,2,2,"P-0100.PI_LO,P-0100.TI_HI",2025-07-19 10:45:33,2025-07-19 10:46:04
934,P-0100,3,3,"P-0100.VI_HI,P-0100.II_HI,P-0100.TI_HI",2025-07-19 12:04:12,2025-07-19 12:12:13
935,P-0100,2,2,"P-0100.II_HI,P-0100.TI_HI",2025-07-19 16:21:02,2025-07-19 16:40:33
936,P-0100,2,2,"P-0100.PDI_HI,P-0100.PI_LO",2025-07-20 08:18:49,2025-07-20 08:40:23
937,P-0100,2,2,"P-0100.TI_HI,P-0100.VI_HI",2025-07-20 09:17:51,2025-07-20 09:45:28
938,P-0100,2,2,"P-0100.VI_HI,P-0100.TI_HI",2025-07-20 11:19:59,2025-07-20 11:24:28
939,P-0100,2,2,"P-0100.TI_HI,P-0100.VI_HI",2025-07-20 12:14:14,2025-07-20 12:39:49
940,P-0100,2,3,"P-0100.VI_HI,P-0100.TI_HI",2025-07-20 13:36:38,2025-07-20 13:41:37
941,P-0100,4,4,"P-0100.PI_HI,P-0100.VI_HI,P-0100.PDI_HI,P-0100.TI_HI",2025-07-20 15:47:23,2025-07-20 16:34:44
942,P-0100,4,4,"P-0100.VI_HI,P-0100.TI_HI,P-0100.PDI_HI,P-0100.II_HI",2025-07-21 05:35:19,2025-07-21 05:56:19
943,P-0100,2,2,"P-0100.SI_LO,P-0100.VI_HI",2025-07-21 09:15:15,2025-07-21 09:26:16
944,P-0100,2,5,"P-0100.VI_HI,P-0100.TI_HI",2025-07-21 10:58:23,2025-07-21 11:30:37
945,P-0100,2,2,"P-0100.TI_HI,P-0100.II_HI",2025-07-21 16:15:33,2025-07-21 16:42:01
946,P-0100,2,2,"P-0100.FI_LO,P-0100.VI_HI",2025-07-22 01:53:38,2025-07-22 02:13:34
947,P-0100,2,2,"P-0100.II_HI,P-0100.VI_HI",2025-07-22 07:56:19,2025-07-22 08:01:18
948,P-0100,3,3,"P-0100.FI_LO,P-0100.VI_HI,P-0100.PDI_HI",2025-07-22 13:24:04,2025-07-22 13:44:23
949,P-0100,2,2,"P-0100.TI_HI,P-0100.II_HI",2025-07-23 05:35:38,2025-07-23 05:51:24
950,P-0100,3,6,"P-0100.TI_HI,P-0100.VI_HI,P-0100.SI_LO",2025-07-23 10:48:10,2025-07-23 11:55:59
951,P-0100,2,2,"P-0100.VI_HI,P-0100.PI_HI",2025-07-23 16:01:11,2025-07-23 16:26:55
952,P-0100,2,3,"P-0100.TI_HI,P-0100.VI_HI",2025-07-23 17:47:13,2025-07-23 18:11:35
953,P-0100,3,3,"P-0100.TI_HI,P-0100.PI_LO,P-0100.VI_HI",2025-07-24 03:19:46,2025-07-24 03:41:40
954,P-0100,2,2,"P-0100.TI_HI,P-0100.VI_HI",2025-07-24 06:14:32,2025-07-24 06:33:15
955,P-0100,2,3,"P-0100.VI_HI,P-0100.TI_HI",2025-07-24 12:33:10,2025-07-24 12:45:28
956,P-0100,2,2,"P-0100.TI_HI,P-0100.PI_LO",2025-07-25 03:04:05,2025-07-25 03:21:31
957,P-0100,2,2,"P-0100.PDI_HI,P-0100.PI_LO",2025-07-25 08:08:48,2025-07-25 08:28:29
958,P-0100,2,2,"P-0100.VI_HI,P-0100.TI_HI",2025-07-25 11:28:13,2025-07-25 11:54:49
959,P-0100,2,2,"P-0100.VI_HI,P-0100.TI_HI",2025-07-25 15:13:22,2025-07-25 15:33:58
960,P-0100,2,2,"P-0100.II_HI,P-0100.VI_HI",2025-07-25 18:49:14,2025-07-25 18:51:23
961,P-0100,2,2,"P-0100.PI_HI,P-0100.PI_LO",2025-07-26 07:16:06,2025-07-26 07:22:54
962,P-0100,2,2,"P-0100.TI_HI,P-0100.VI_HI",2025-07-26 08:24:45,2025-07-26 08:26:40
963,P-0100,2,3,"P-0100.VI_HI,P-0100.TI_HI",2025-07-26 09:58:24,2025-07-26 10:11:10
964,P-0100,2,2,"P-0100.FI_LO,P-0100.PI_LO",2025-07-26 15:30:13,2025-07-26 15:41:34
965,P-0100,2,2,"P-0100.FI_LO,P-0100.TI_HI",2025-07-26 19:51:42,2025-07-26 20:10:26
966,P-0100,3,4,"P-0100.VI_HI,P-0100.TI_HI,P-0100.II_HI",2025-07-27 13:23:06,2025-07-27 13:56:01
967,P-0100,2,2,"P-0100.VI_HI,P-0100.TI_HI",2025-07-27 16:53:30,2025-07-27 17:05:59
968,P-0100,2,2,"P-0100.TI_HI,P-0100.PI_HI",2025-07-28 05:10:08,2025-07-28 05:38:09
969,P-0100,2,2,"P-0100.TI_HI,P-0100.VI_HI",2025-07-28 10:26:33,2025-07-28 10:55:33
970,P-0100,2,3,"P-0100.VI_HI,P-0100.PI_LO",2025-07-28 14:55:39,2025-07-28 15:28:40
971,P-0100,2,2,"P-0100.PI_LO,P-0100.VI_HI",2025-07-28 17:48:36,2025-07-28 18:00:45
972,P-0100,2,3,"P-0100.VI_HI,P-0100.PI_HI",2025-07-29 05:48:08,2025-07-29 06:17:11
973,P-0100,3,3,"P-0100.VI_HI,P-0100.PI_LO,P-0100.FI_LO",2025-07-29 07:46:34,2025-07-29 08:03:49
974,P-0100,3,8,"P-0100.TI_HI,P-0100.VI_HI,P-0100.PI_LO",2025-07-29 11:42:51,2025-07-29 13:50:05
975,P-0100,2,2,"P-0100.VI_HI,P-0100.TI_HI",2025-07-29 15:33:44,2025-07-29 15:53:58
976,P-0100,2,2,"P-0100.TI_HI,P-0100.PDI_HI",2025-07-30 06:27:56,2025-07-30 06:37:35
977,P-0100,2,3,"P-0100.TI_HI,P-0100.SI_LO",2025-07-30 10:00:20,2025-07-30 10:43:07
978,P-0100,2,6,"P-0100.VI_HI,P-0100.TI_HI",2025-07-30 11:21:22,2025-07-30 12:28:20
979,P-0100,2,2,"P-0100.TI_HI,P-0100.PI_LO",2025-07-30 14:45:13,2025-07-30 14:58:32
980,P-0100,2,2,"P-0100.TI_HI,P-0100.II_HI",2025-07-30 16:44:38,2025-07-30 16:52:27
981,P-0100,2,2,"P-0100.VI_HI,P-0100.TI_HI",2025-07-31 06:43:50,2025-07-31 06:45:00
982,P-0100,2,4,"P-0100.TI_HI,P-0100.II_HI",2025-07-31 08:16:24,2025-07-31 08:50:01
983,P-0100,2,2,"P-0100.TI_HI,P-0100.FI_LO",2025-07-31 14:50:33,2025-07-31 15:13:42
984,P-0100,2,2,"P-0100.VI_HI,P-0100.FI_LO",2025-08-01 06:06:32,2025-08-01 06:32:16
985,P-0100,2,3,"P-0100.VI_HI,P-0100.SI_LO",2025-08-01 10:57:20,2025-08-01 11:27:37
986,P-0100,2,2,"P-0100.SI_LO,P-0100.VI_HI",2025-08-01 14:02:15,2025-08-01 14:28:26
987,P-0100,2,2,"P-0100.PI_HI,P-0100.VI_HI",2025-08-01 16:55:27,2025-08-01 17:06:17
988,P-0100,2,3,"P-0100.VI_HI,P-0100.TI_HI",2025-08-01 17:55:35,2025-08-01 18:34:32
989,P-0100,2,2,"P-0100.TI_HI,P-0100.PDI_HI",2025-08-01 20:13:54,2025-08-01 20:29:30
990,P-0100,2,2,"P-0100.VI_HI,P-0100.PI_LO",2025-08-02 02:31:17,2025-08-02 02:34:54
991,P-0100,2,4,"P-0100.VI_HI,P-0100.TI_HI",2025-08-03 11:52:02,2025-08-03 12:57:11
992,P-0100,2,4,"P-0100.TI_HI,P-0100.VI_HI",2025-08-03 13:44:06,2025-08-03 14:52:45
993,P-0100,2,2,"P-0100.VI_HI,P-0100.TI_HI",2025-08-03 15:56:28,2025-08-03 16:03:15
994,P-0100,2,3,"P-0100.PI_HI,P-0100.VI_HI",2025-08-03 16:39:53,2025-08-03 17:26:37
995,P-0100,4,6,"P-0100.SI_LO,P-0100.TI_HI,P-0100.PDI_HI,P-0100.VI_HI",2025-08-04 14:51:40,2025-08-04 16:28:01
996,P-0100,2,2,"P-0100.TI_HI,P-0100.FI_LO",2025-08-04 18:22:53,2025-08-04 18:40:54
997,P-0100,2,3,"P-0100.VI_HI,P-0100.TI_HI",2025-08-05 06:12:17,2025-08-05 06:50:19
998,P-0100,4,4,"P-0100.TI_HI,P-0100.VI_HI,P-0100.II_HI,P-0100.SI_LO",2025-08-05 10:04:43,2025-08-05 10:26:13
999,P-0100,2,2,"P-0100.TI_HI,P-0100.VI_HI",2025-08-05 12:52:28,2025-08-05 13:09:55
1000,P-0100,2,3,"P-0100.VI_HI,P-0100.TI_HI",2025-08-05 14:28:34,2025-08-05 14:48:27
1001,P-0100,2,2,"P-0100.VI_HI,P-0100.FI_LO",2025-08-06 05:22:57,2025-08-06 05:30:57
1002,P-0100,2,2,"P-0100.SI_LO,P-0100.TI_HI",2025-08-06 07:08:02,2025-08-06 07:20:55
1003,P-0100,4,7,"P-0100.TI_HI,P-0100.II_HI,P-0100.VI_HI,P-0100.SI_LO",2025-08-06 08:25:05,2025-08-06 09:56:48
1004,P-0100,2,2,"P-0100.TI_HI,P-0100.VI_HI",2025-08-06 10:53:39,2025-08-06 10:54:36
1005,P-0100,3,3,"P-0100.VI_HI,P-0100.PI_LO,P-0100.TI_HI",2025-08-07 08:01:39,2025-08-07 08:26:38
1006,P-0100,2,2,"P-0100.VI_HI,P-0100.TI_HI",2025-08-07 15:45:44,2025-08-07 16:05:35
1007,P-0100,2,3,"P-0100.VI_HI,P-0100.TI_HI",2025-08-07 17:20:59,2025-08-07 17:38:50
1008,P-0100,2,2,"P-0100.VI_HI,P-0100.TI_HI",2025-08-08 14:21:01,2025-08-08 14:34:01
1009,P-0100,3,4,"P-0100.TI_HI,P-0100.VI_HI,P-0100.PDI_HI",2025-08-08 15:17:42,2025-08-08 15:46:39
1010,P-0100,2,4,"P-0100.VI_HI,P-0100.FI_LO",2025-08-08 17:10:14,2025-08-08 17:56:08
1011,P-0100,2,2,"P-0100.TI_HI,P-0100.FI_LO",2025-08-08 20:27:54,2025-08-08 20:52:33
1012,P-0100,3,5,"P-0100.VI_HI,P-0100.SI_LO,P-0100.TI_HI",2025-08-09 07:52:16,2025-08-09 08:53:38
1013,P-0100,2,3,"P-0100.TI_HI,P-0100.PI_LO",2025-08-09 15:52:23,2025-08-09 16:15:31
1014,P-0100,3,4,"P-0100.TI_HI,P-0100.FI_LO,P-0100.II_HI",2025-08-09 16:48:11,2025-08-09 17:05:07
1015,P-0100,2,2,"P-0100.II_HI,P-0100.PI_LO",2025-08-09 19:11:10,2025-08-09 19:27:10
1016,P-0100,2,3,"P-0100.VI_HI,P-0100.PI_HI",2025-08-10 11:23:48,2025-08-10 12:04:18
1017,P-0100,2,2,"P-0100.TI_HI,P-0100.PI_LO",2025-08-10 13:55:32,2025-08-10 14:01:42
1018,P-0100,2,4,"P-0100.VI_HI,P-0100.TI_HI",2025-08-10 14:54:14,2025-08-10 15:31:35
1019,P-0100,2,2,"P-0100.SI_LO,P-0100.TI_HI",2025-08-10 16:31:41,2025-08-10 16:41:17
1020,P-0100,2,2,"P-0100.TI_HI,P-0100.VI_HI",2025-08-10 23:25:18,2025-08-10 23:51:48
1021,P-0100,2,2,"P-0100.PDI_HI,P-0100.VI_HI",2025-08-11 08:24:39,2025-08-11 08:33:22
1022,P-0100,2,7,"P-0100.TI_HI,P-0100.PDI_HI",2025-08-11 11:56:15,2025-08-11 13:12:55
1023,P-0100,4,4,"P-0100.TI_HI,P-0100.SI_LO,P-0100.VI_HI,P-0100.PI_LO",2025-08-11 14:43:43,2025-08-11 15:31:45
1024,P-0100,2,2,"P-0100.FI_LO,P-0100.TI_HI",2025-08-11 20:12:18,2025-08-11 20:25:18
1025,P-0100,2,2,"P-0100.PDI_HI,P-0100.VI_HI",2025-08-12 09:14:43,2025-08-12 09:40:01
1026,P-0100,2,3,"P-0100.TI_HI,P-0100.VI_HI",2025-08-12 12:01:57,2025-08-12 12:57:05
1027,P-0100,2,2,"P-0100.TI_HI,P-0100.VI_HI",2025-08-12 13:37:56,2025-08-12 13:57:41
1028,P-0100,2,2,"P-0100.TI_HI,P-0100.VI_HI",2025-08-12 14:45:52,2025-08-12 14:46:45
1029,P-0100,2,2,"P-0100.VI_HI,P-0100.TI_HI",2025-08-12 21:43:45,2025-08-12 21:49:50
1030,P-0100,2,2,"P-0100.TI_HI,P-0100.VI_HI",2025-08-13 05:33:16,2025-08-13 05:42:00
1031,P-0100,2,3,"P-0100.TI_HI,P-0100.VI_HI",2025-08-13 08:15:23,2025-08-13 08:28:32
1032,P-0100,2,3,"P-0100.VI_HI,P-0100.TI_HI",2025-08-13 11:04:28,2025-08-13 11:11:40
1033,P-0100,2,2,"P-0100.VI_HI,P-0100.SI_LO",2025-08-13 11:53:50,2025-08-13 12:14:06
1034,P-0100,3,3,"P-0100.VI_HI,P-0100.FI_LO,P-0100.TI_HI",2025-08-13 13:04:49,2025-08-13 13:31:06
1035,P-0100,2,2,"P-0100.TI_HI,P-0100.SI_LO",2025-08-14 04:47:31,2025-08-14 04:51:46
1036,P-0100,2,2,"P-0100.TI_HI,P-0100.VI_HI",2025-08-14 06:40:13,2025-08-14 06:44:22
1037,P-0100,2,3,"P-0100.TI_HI,P-0100.VI_HI",2025-08-14 10:43:00,2025-08-14 11:14:33
1038,P-0100,2,2,"P-0100.VI_HI,P-0100.FI_LO",2025-08-14 12:40:10,2025-08-14 12:45:35
1039,P-0100,2,2,"P-0100.TI_HI,P-0100.VI_HI",2025-08-14 15:14:01,2025-08-14 15:27:55
1040,P-0100,2,3,"P-0100.TI_HI,P-0100.VI_HI",2025-08-15 07:02:58,2025-08-15 07:18:09
1041,P-0100,2,2,"P-0100.SI_LO,P-0100.TI_HI",2025-08-15 08:28:37,2025-08-15 08:49:43
1042,P-0100,2,2,"P-0100.II_HI,P-0100.TI_HI",2025-08-15 10:03:00,2025-08-15 10:09:01
1043,P-0100,2,2,"P-0100.TI_HI,P-0100.VI_HI",2025-08-15 11:48:44,2025-08-15 11:54:36
1044,P-0100,3,4,"P-0100.VI_HI,P-0100.TI_HI,P-0100.SI_LO",2025-08-15 12:33:51,2025-08-15 13:26:02
1045,P-0100,3,3,"P-0100.PI_HI,P-0100.PDI_HI,P-0100.TI_HI",2025-08-15 14:10:22,2025-08-15 14:33:21
1046,P-0100,2,2,"P-0100.VI_HI,P-0100.PI_LO",2025-08-16 11:45:14,2025-08-16 12:05:45
1047,P-0100,3,4,"P-0100.TI_HI,P-0100.VI_HI,P-0100.PI_HI",2025-08-16 13:10:52,2025-08-16 13:22:14
1048,P-0100,3,3,"P-0100.FI_LO,P-0100.VI_HI,P-0100.TI_HI",2025-08-16 15:23:10,2025-08-16 15:32:42
1049,P-0100,2,2,"P-0100.FI_LO,P-0100.II_HI",2025-08-16 16:09:51,2025-08-16 16:10:32
1050,P-0100,2,3,"P-0100.TI_HI,P-0100.SI_LO",2025-08-17 03:46:30,2025-08-17 04:27:31
1051,P-0100,2,3,"P-0100.VI_HI,P-0100.PI_HI",2025-08-17 10:31:10,2025-08-17 10:48:18
1052,P-0100,2,3,"P-0100.TI_HI,P-0100.VI_HI",2025-08-17 12:07:17,2025-08-17 12:39:40
1053,P-0100,2,3,"P-0100.PI_HI,P-0100.VI_HI",2025-08-17 14:16:49,2025-08-17 15:06:12
1054,P-0100,2,2,"P-0100.VI_HI,P-0100.TI_HI",2025-08-18 05:28:20,2025-08-18 05:50:05
1055,P-0100,2,2,"P-0100.VI_HI,P-0100.TI_HI",2025-08-18 08:31:29,2025-08-18 08:33:18
1056,P-0100,2,2,"P-0100.TI_HI,P-0100.VI_HI",2025-08-18 09:37:03,2025-08-18 09:42:59
1057,P-0100,3,3,"P-0100.TI_HI,P-0100.PDI_HI,P-0100.VI_HI",2025-08-18 10:14:49,2025-08-18 10:57:18
1058,P-0100,2,2,"P-0100.VI_HI,P-0100.TI_HI",2025-08-18 12:26:05,2025-08-18 12:27:19
1059,P-0100,2,3,"P-0100.PI_LO,P-0100.TI_HI",2025-08-18 13:18:09,2025-08-18 14:11:01
1060,P-0100,2,2,"P-0100.VI_HI,P-0100.FI_LO",2025-08-18 14:58:47,2025-08-18 15:09:15
1061,P-0100,3,3,"P-0100.VI_HI,P-0100.TI_HI,P-0100.PI_HI",2025-08-18 15:43:28,2025-08-18 16:35:56
1062,P-0100,3,4,"P-0100.VI_HI,P-0100.TI_HI,P-0100.II_HI",2025-08-19 08:36:39,2025-08-19 09:11:32
1063,P-0100,2,2,"P-0100.II_HI,P-0100.TI_HI",2025-08-19 10:33:35,2025-08-19 10:36:01
1064,P-0100,2,2,"P-0100.PI_HI,P-0100.SI_LO",2025-08-19 20:08:29,2025-08-19 20:11:06
1065,P-0100,2,2,"P-0100.VI_HI,P-0100.TI_HI",2025-08-20 09:13:55,2025-08-20 09:17:49
1066,P-0100,2,2,"P-0100.VI_HI,P-0100.II_HI",2025-08-20 10:40:31,2025-08-20 10:43:06
1067,P-0100,3,4,"P-0100.TI_HI,P-0100.VI_HI,P-0100.PI_HI",2025-08-20 14:10:00,2025-08-20 14:56:59
1068,P-0100,2,4,"P-0100.VI_HI,P-0100.PI_LO",2025-08-20 16:53:46,2025-08-20 17:57:20
1069,P-0100,2,3,"P-0100.TI_HI,P-0100.VI_HI",2025-08-21 07:36:46,2025-08-21 08:09:16
1070,P-0100,2,4,"P-0100.PI_HI,P-0100.TI_HI",2025-08-21 11:43:59,2025-08-21 12:13:08
1071,P-0100,2,3,"P-0100.VI_HI,P-0100.II_HI",2025-08-21 16:54:49,2025-08-21 17:06:50
1072,P-0100,2,2,"P-0100.TI_HI,P-0100.VI_HI",2025-08-21 17:50:28,2025-08-21 17:56:59
1073,P-0100,2,2,"P-0100.VI_HI,P-0100.PDI_HI",2025-08-21 19:49:57,2025-08-21 20:13:38
1074,P-0100,3,3,"P-0100.VI_HI,P-0100.SI_LO,P-0100.II_HI",2025-08-21 23:07:02,2025-08-21 23:32:00
1075,P-0100,2,3,"P-0100.TI_HI,P-0100.FI_LO",2025-08-22 12:03:59,2025-08-22 12:18:04
1076,P-0100,2,2,"P-0100.PI_HI,P-0100.VI_HI",2025-08-22 13:32:31,2025-08-22 13:47:32
1077,P-0100,2,3,"P-0100.FI_LO,P-0100.TI_HI",2025-08-22 18:20:38,2025-08-22 18:42:58
1078,P-0100,2,2,"P-0100.TI_HI,P-0100.II_HI",2025-08-22 20:58:15,2025-08-22 21:25:31
1079,P-0100,3,3,"P-0100.VI_HI,P-0100.TI_HI,P-0100.II_HI",2025-08-23 06:49:39,2025-08-23 07:36:05
1080,P-0100,3,4,"P-0100.PI_LO,P-0100.VI_HI,P-0100.TI_HI",2025-08-23 15:30:02,2025-08-23 16:13:12
1081,P-0100,3,3,"P-0100.VI_HI,P-0100.PI_HI,P-0100.PDI_HI",2025-08-23 17:07:18,2025-08-23 17:30:15
1082,P-0100,2,5,"P-0100.VI_HI,P-0100.TI_HI",2025-08-24 10:05:54,2025-08-24 10:45:10
1083,P-0100,4,5,"P-0100.FI_LO,P-0100.VI_HI,P-0100.II_HI,P-0100.TI_HI",2025-08-24 11:19:49,2025-08-24 12:37:21
1084,P-0100,2,2,"P-0100.PI_LO,P-0100.TI_HI",2025-08-24 15:49:43,2025-08-24 16:10:01
1085,P-0100,2,2,"P-0100.PDI_HI,P-0100.VI_HI",2025-08-24 18:40:37,2025-08-24 18:58:32
1086,P-0100,2,6,"P-0100.VI_HI,P-0100.II_HI",2025-08-25 11:16:30,2025-08-25 11:58:21
1087,P-0100,2,2,"P-0100.VI_HI,P-0100.TI_HI",2025-08-25 13:17:28,2025-08-25 13:34:51
1088,P-0100,2,2,"P-0100.VI_HI,P-0100.TI_HI",2025-08-25 15:44:29,2025-08-25 15:49:08
1089,P-0100,2,2,"P-0100.II_HI,P-0100.TI_HI",2025-08-25 17:33:45,2025-08-25 17:47:03
1090,P-0100,2,3,"P-0100.VI_HI,P-0100.TI_HI",2025-08-26 08:52:27,2025-08-26 09:16:00
1091,P-0100,3,4,"P-0100.II_HI,P-0100.VI_HI,P-0100.TI_HI",2025-08-26 10:15:36,2025-08-26 10:33:44
1092,P-0100,2,2,"P-0100.VI_HI,P-0100.TI_HI",2025-08-26 12:58:52,2025-08-26 13:10:31
1093,P-0100,3,4,"P-0100.II_HI,P-0100.TI_HI,P-0100.PDI_HI",2025-08-26 14:22:11,2025-08-26 15:06:49
1094,P-0100,2,2,"P-0100.VI_HI,P-0100.TI_HI",2025-08-27 03:55:04,2025-08-27 04:12:40
1095,P-0100,2,5,"P-0100.TI_HI,P-0100.VI_HI",2025-08-27 07:50:39,2025-08-27 08:48:35
1096,P-0100,3,5,"P-0100.PI_LO,P-0100.VI_HI,P-0100.TI_HI",2025-08-28 06:25:33,2025-08-28 07:29:14
1097,P-0100,3,6,"P-0100.VI_HI,P-0100.TI_HI,P-0100.PI_HI",2025-08-28 12:26:45,2025-08-28 13:53:14
1098,P-0100,2,4,"P-0100.TI_HI,P-0100.VI_HI",2025-08-28 16:27:10,2025-08-28 17:20:15
1099,P-0100,4,6,"P-0100.TI_HI,P-0100.VI_HI,P-0100.II_HI,P-0100.PI_LO",2025-08-29 06:14:32,2025-08-29 07:29:59
1100,P-0100,2,4,"P-0100.TI_HI,P-0100.VI_HI",2025-08-29 10:53:05,2025-08-29 11:42:32
1101,P-0100,2,2,"P-0100.TI_HI,P-0100.VI_HI",2025-08-29 14:12:27,2025-08-29 14:13:31
1102,P-0100,2,2,"P-0100.VI_HI,P-0100.TI_HI",2025-08-29 17:01:24,2025-08-29 17:25:28
1103,P-0100,2,2,"P-0100.SI_LO,P-0100.VI_HI",2025-08-30 05:15:20,2025-08-30 05:35:21
1104,P-0100,2,2,"P-0100.TI_HI,P-0100.VI_HI",2025-08-30 06:42:17,2025-08-30 06:43:15
1105,P-0100,2,3,"P-0100.TI_HI,P-0100.VI_HI",2025-08-30 09:00:10,2025-08-30 09:17:29
1106,P-0100,2,3,"P-0100.VI_HI,P-0100.TI_HI",2025-08-30 10:27:36,2025-08-30 10:42:29
1107,P-0100,2,2,"P-0100.VI_HI,P-0100.TI_HI",2025-08-30 13:12:40,2025-08-30 13:41:57
1108,P-0100,4,4,"P-0100.TI_HI,P-0100.FI_LO,P-0100.VI_HI,P-0100.II_HI",2025-08-30 16:36:19,2025-08-30 16:50:58
1109,P-0100,2,2,"P-0100.TI_HI,P-0100.VI_HI",2025-08-30 17:37:22,2025-08-30 17:44:26
1110,P-0100,2,2,"P-0100.FI_LO,P-0100.VI_HI",2025-08-30 19:41:23,2025-08-30 19:50:19
1111,P-0100,2,2,"P-0100.PI_LO,P-0100.TI_HI",2025-08-30 21:55:08,2025-08-30 21:55:56
1112,P-0100,2,2,"P-0100.II_HI,P-0100.TI_HI",2025-08-30 23:46:04,2025-08-31 00:04:18
1113,P-0100,2,2,"P-0100.TI_HI,P-0100.VI_HI",2025-08-31 07:45:58,2025-08-31 08:07:50
1114,P-0100,2,2,"P-0100.PI_HI,P-0100.VI_HI",2025-08-31 10:31:01,2025-08-31 10:51:47
1115,P-0100,2,3,"P-0100.VI_HI,P-0100.TI_HI",2025-08-31 12:18:02,2025-08-31 12:41:32
1116,P-0100,2,4,"P-0100.VI_HI,P-0100.TI_HI",2025-08-31 15:22:28,2025-08-31 15:52:48
1117,P-0100,4,4,"P-0100.PI_HI,P-0100.SI_LO,P-0100.TI_HI,P-0100.VI_HI",2025-08-31 23:23:03,2025-09-01 00:16:50
1118,P-0100,2,2,"P-0100.SI_LO,P-0100.VI_HI",2025-09-01 06:09:53,2025-09-01 06:23:00
1119,P-0100,2,3,"P-0100.VI_HI,P-0100.TI_HI",2025-09-01 07:42:38,2025-09-01 08:06:43
1120,P-0100,2,3,"P-0100.II_HI,P-0100.TI_HI",2025-09-01 13:11:03,2025-09-01 13:44:00
1121,P-0100,2,2,"P-0100.PI_LO,P-0100.VI_HI",2025-09-01 14:27:23,2025-09-01 14:45:55
1122,P-0100,3,3,"P-0100.TI_HI,P-0100.VI_HI,P-0100.PDI_HI",2025-09-01 15:47:11,2025-09-01 16:15:52
1123,P-0100,3,3,"P-0100.VI_HI,P-0100.II_HI,P-0100.TI_HI",2025-09-02 08:18:23,2025-09-02 08:54:37
1124,P-0100,3,3,"P-0100.TI_HI,P-0100.VI_HI,P-0100.PDI_HI",2025-09-02 14:03:09,2025-09-02 14:05:35
1125,P-0100,2,2,"P-0100.TI_HI,P-0100.VI_HI",2025-09-02 17:39:49,2025-09-02 17:53:51
1126,P-0100,2,3,"P-0100.TI_HI,P-0100.VI_HI",2025-09-03 08:09:17,2025-09-03 09:04:13
1127,P-0100,2,3,"P-0100.VI_HI,P-0100.TI_HI",2025-09-03 10:13:18,2025-09-03 10:37:50
1128,P-0100,2,4,"P-0100.VI_HI,P-0100.TI_HI",2025-09-03 12:00:22,2025-09-03 12:37:57
1129,P-0100,2,2,"P-0100.TI_HI,P-0100.VI_HI",2025-09-03 13:18:42,2025-09-03 13:46:58
1130,P-0100,4,4,"P-0100.SI_LO,P-0100.VI_HI,P-0100.PI_HI,P-0100.TI_HI",2025-09-03 17:30:17,2025-09-03 18:28:41
1131,P-0100,2,3,"P-0100.TI_HI,P-0100.VI_HI",2025-09-04 07:42:44,2025-09-04 08:16:11
1132,P-0100,3,6,"P-0100.VI_HI,P-0100.II_HI,P-0100.TI_HI",2025-09-04 09:57:51,2025-09-04 10:16:57
1133,P-0100,2,2,"P-0100.II_HI,P-0100.VI_HI",2025-09-04 11:55:20,2025-09-04 12:10:10
1134,P-0100,2,2,"P-0100.TI_HI,P-0100.VI_HI",2025-09-04 13:04:16,2025-09-04 13:12:50
1135,P-0100,2,3,"P-0100.PI_HI,P-0100.II_HI",2025-09-04 15:37:00,2025-09-04 15:48:22
1136,P-0100,3,3,"P-0100.TI_HI,P-0100.PI_HI,P-0100.VI_HI",2025-09-04 16:20:17,2025-09-04 16:42:13
1137,P-0100,4,5,"P-0100.II_HI,P-0100.PI_LO,P-0100.VI_HI,P-0100.TI_HI",2025-09-05 07:49:27,2025-09-05 08:49:13
1138,P-0100,2,2,"P-0100.TI_HI,P-0100.VI_HI",2025-09-05 12:17:30,2025-09-05 12:27:01
1139,P-0100,2,2,"P-0100.VI_HI,P-0100.TI_HI",2025-09-05 13:41:12,2025-09-05 13:58:17
1140,P-0100,2,2,"P-0100.VI_HI,P-0100.TI_HI",2025-09-05 20:24:13,2025-09-05 20:42:43
1141,P-0100,2,2,"P-0100.TI_HI,P-0100.VI_HI",2025-09-06 08:24:39,2025-09-06 08:52:37
1142,P-0100,2,3,"P-0100.VI_HI,P-0100.TI_HI",2025-09-06 09:26:05,2025-09-06 09:58:45
1143,P-0100,2,4,"P-0100.FI_LO,P-0100.TI_HI",2025-09-06 11:03:57,2025-09-06 11:44:24
1144,P-0100,2,3,"P-0100.TI_HI,P-0100.VI_HI",2025-09-06 12:29:42,2025-09-06 12:36:54
1145,P-0100,2,3,"P-0100.TI_HI,P-0100.VI_HI",2025-09-06 13:17:20,2025-09-06 14:02:25
1146,P-0100,2,2,"P-0100.VI_HI,P-0100.TI_HI",2025-09-07 10:40:17,2025-09-07 10:55:06
1147,P-0100,2,2,"P-0100.VI_HI,P-0100.TI_HI",2025-09-07 11:46:14,2025-09-07 11:53:12
1148,P-0100,2,2,"P-0100.TI_HI,P-0100.VI_HI",2025-09-07 12:41:59,2025-09-07 12:56:37
1149,P-0100,2,2,"P-0100.VI_HI,P-0100.TI_HI",2025-09-07 13:33:02,2025-09-07 13:33:41
1150,P-0100,3,4,"P-0100.TI_HI,P-0100.FI_LO,P-0100.VI_HI",2025-09-07 14:14:52,2025-09-07 14:35:57
1151,P-0100,2,2,"P-0100.VI_HI,P-0100.TI_HI",2025-09-07 17:18:45,2025-09-07 17:46:27
1152,P-0100,4,11,"P-0100.TI_HI,P-0100.VI_HI,P-0100.SI_LO,P-0100.PI_LO",2025-09-08 08:00:18,2025-09-08 10:34:45
1153,P-0100,3,4,"P-0100.PI_HI,P-0100.TI_HI,P-0100.VI_HI",2025-09-08 14:05:26,2025-09-08 14:28:04
1154,P-0100,2,2,"P-0100.PI_HI,P-0100.TI_HI",2025-09-08 18:04:56,2025-09-08 18:20:32
1155,P-0100,2,2,"P-0100.FI_LO,P-0100.PDI_HI",2025-09-08 21:10:47,2025-09-08 21:16:57
1156,P-0100,2,2,"P-0100.TI_HI,P-0100.VI_HI",2025-09-09 06:28:31,2025-09-09 06:46:52
1157,P-0100,2,3,"P-0100.TI_HI,P-0100.VI_HI",2025-09-09 11:34:24,2025-09-09 11:50:57
1158,P-0100,2,3,"P-0100.VI_HI,P-0100.TI_HI",2025-09-09 13:41:20,2025-09-09 14:01:55
1159,P-0100,3,6,"P-0100.FI_LO,P-0100.TI_HI,P-0100.II_HI",2025-09-09 14:32:02,2025-09-09 15:24:38
1160,P-0100,2,2,"P-0100.VI_HI,P-0100.TI_HI",2025-09-10 08:42:42,2025-09-10 08:44:12
1161,P-0100,2,3,"P-0100.VI_HI,P-0100.TI_HI",2025-09-10 10:25:22,2025-09-10 10:43:48
1162,P-0100,3,3,"P-0100.PI_LO,P-0100.VI_HI,P-0100.TI_HI",2025-09-10 13:16:51,2025-09-10 13:37:48
1163,P-0100,2,3,"P-0100.VI_HI,P-0100.TI_HI",2025-09-10 14:42:02,2025-09-10 14:58:58
1164,P-0100,2,3,"P-0100.TI_HI,P-0100.VI_HI",2025-09-11 09:54:14,2025-09-11 10:40:58
1165,P-0100,2,2,"P-0100.VI_HI,P-0100.TI_HI",2025-09-11 13:25:06,2025-09-11 13:42:59
1166,P-0100,2,3,"P-0100.VI_HI,P-0100.TI_HI",2025-09-12 09:55:49,2025-09-12 10:22:34
1167,P-0100,2,5,"P-0100.TI_HI,P-0100.VI_HI",2025-09-12 13:05:19,2025-09-12 13:45:10
1168,P-0100,2,3,"P-0100.FI_LO,P-0100.TI_HI",2025-09-13 06:34:36,2025-09-13 07:06:58
1169,P-0100,2,3,"P-0100.TI_HI,P-0100.VI_HI",2025-09-13 07:56:41,2025-09-13 08:26:05
1170,P-0100,5,9,"P-0100.PI_LO,P-0100.VI_HI,P-0100.II_HI,P-0100.PI_HI,P-0100.FI_LO",2025-09-13 13:08:01,2025-09-13 15:20:33
1171,P-0100,2,2,"P-0100.TI_HI,P-0100.PI_LO",2025-09-13 15:56:29,2025-09-13 16:01:28
1172,P-0100,2,3,"P-0100.TI_HI,P-0100.VI_HI",2025-09-13 16:40:53,2025-09-13 17:15:41
1173,P-0100,2,2,"P-0100.VI_HI,P-0100.TI_HI",2025-09-14 07:24:31,2025-09-14 07:52:38
1174,P-0100,2,5,"P-0100.VI_HI,P-0100.TI_HI",2025-09-14 08:40:11,2025-09-14 09:38:44
1175,P-0100,2,2,"P-0100.II_HI,P-0100.VI_HI",2025-09-14 15:13:52,2025-09-14 15:15:54
1176,P-0100,2,2,"P-0100.FI_LO,P-0100.TI_HI",2025-09-14 17:56:46,2025-09-14 18:00:57
1177,P-0100,2,2,"P-0100.TI_HI,P-0100.VI_HI",2025-09-15 02:47:39,2025-09-15 03:00:22
1178,P-0100,5,9,"P-0100.TI_HI,P-0100.PDI_HI,P-0100.VI_HI,P-0100.PI_HI,P-0100.SI_LO",2025-09-15 07:03:50,2025-09-15 08:22:46
1179,P-0100,2,3,"P-0100.TI_HI,P-0100.VI_HI",2025-09-15 09:54:26,2025-09-15 10:28:15
1180,P-0100,2,3,"P-0100.VI_HI,P-0100.TI_HI",2025-09-15 11:51:04,2025-09-15 12:21:28
1181,P-0100,2,2,"P-0100.VI_HI,P-0100.TI_HI",2025-09-15 14:30:11,2025-09-15 14:53:49
1182,P-0100,3,3,"P-0100.TI_HI,P-0100.PDI_HI,P-0100.VI_HI",2025-09-15 18:55:14,2025-09-15 19:22:14
1183,P-0100,2,2,"P-0100.TI_HI,P-0100.VI_HI",2025-09-16 06:40:10,2025-09-16 06:42:27
1184,P-0100,3,3,"P-0100.TI_HI,P-0100.FI_LO,P-0100.VI_HI",2025-09-16 09:12:14,2025-09-16 09:49:01
1185,P-0100,2,3,"P-0100.VI_HI,P-0100.PI_LO",2025-09-16 20:04:49,2025-09-16 20:56:06
1186,P-0100,2,2,"P-0100.TI_HI,P-0100.VI_HI",2025-09-17 09:05:37,2025-09-17 09:05:39
1187,P-0100,3,5,"P-0100.TI_HI,P-0100.PI_HI,P-0100.FI_LO",2025-09-17 10:55:42,2025-09-17 11:43:55
1188,P-0100,2,2,"P-0100.VI_HI,P-0100.TI_HI",2025-09-17 12:35:21,2025-09-17 12:41:22
1189,P-0100,3,8,"P-0100.TI_HI,P-0100.VI_HI,P-0100.FI_LO",2025-09-17 13:20:34,2025-09-17 14:58:55
1190,P-0100,2,3,"P-0100.TI_HI,P-0100.VI_HI",2025-09-17 17:14:29,2025-09-17 17:24:27
1191,P-0100,2,2,"P-0100.TI_HI,P-0100.VI_HI",2025-09-18 04:56:52,2025-09-18 05:03:58
1192,P-0100,2,3,"P-0100.VI_HI,P-0100.TI_HI",2025-09-18 09:12:43,2025-09-18 09:37:35
1193,P-0100,2,3,"P-0100.VI_HI,P-0100.TI_HI",2025-09-18 12:47:12,2025-09-18 13:18:17
1194,P-0100,2,2,"P-0100.TI_HI,P-0100.VI_HI",2025-09-18 13:55:18,2025-09-18 14:23:02
1195,P-0100,2,2,"P-0100.TI_HI,P-0100.VI_HI",2025-09-18 17:50:44,2025-09-18 17:58:22
1196,P-0100,2,7,"P-0100.VI_HI,P-0100.TI_HI",2025-09-19 10:54:39,2025-09-19 12:12:26
1197,P-0100,2,4,"P-0100.TI_HI,P-0100.VI_HI",2025-09-19 13:02:08,2025-09-19 13:42:24
1198,P-0100,2,4,"P-0100.TI_HI,P-0100.VI_HI",2025-09-19 15:33:25,2025-09-19 16:13:14
1199,P-0100,3,5,"P-0100.TI_HI,P-0100.VI_HI,P-0100.PI_HI",2025-09-20 04:56:45,2025-09-20 05:30:13
1200,P-0100,2,2,"P-0100.VI_HI,P-0100.SI_LO",2025-09-20 06:00:54,2025-09-20 06:12:17
1201,P-0100,2,2,"P-0100.VI_HI,P-0100.TI_HI",2025-09-20 10:32:43,2025-09-20 10:55:08
1202,P-0100,2,2,"P-0100.VI_HI,P-0100.TI_HI",2025-09-20 16:22:26,2025-09-20 16:41:17
1203,P-0100,2,3,"P-0100.PI_LO,P-0100.VI_HI",2025-09-20 17:31:43,2025-09-20 18:07:35
1204,P-0100,2,3,"P-0100.VI_HI,P-0100.TI_HI",2025-09-21 11:55:03,2025-09-21 12:00:19
1205,P-0100,2,4,"P-0100.TI_HI,P-0100.FI_LO",2025-09-21 13:36:52,2025-09-21 13:55:12
1206,P-0100,2,2,"P-0100.PI_HI,P-0100.VI_HI",2025-09-21 23:40:52,2025-09-21 23:55:46
1207,P-0100,3,4,"P-0100.VI_HI,P-0100.SI_LO,P-0100.TI_HI",2025-09-22 10:12:43,2025-09-22 10:28:32
1208,P-0100,2,3,"P-0100.VI_HI,P-0100.TI_HI",2025-09-22 11:07:21,2025-09-22 11:42:39
1209,P-0100,2,2,"P-0100.TI_HI,P-0100.VI_HI",2025-09-22 15:38:00,2025-09-22 15:53:09
1210,P-0100,2,5,"P-0100.VI_HI,P-0100.TI_HI",2025-09-23 12:23:45,2025-09-23 13:20:41
1211,P-0100,2,6,"P-0100.VI_HI,P-0100.TI_HI",2025-09-23 14:02:24,2025-09-23 15:05:50
1212,P-0100,2,2,"P-0100.VI_HI,P-0100.TI_HI",2025-09-23 15:47:57,2025-09-23 15:51:02
1213,P-0100,2,2,"P-0100.VI_HI,P-0100.TI_HI",2025-09-24 06:00:16,2025-09-24 06:03:17
1214,P-0100,2,3,"P-0100.VI_HI,P-0100.TI_HI",2025-09-24 07:44:53,2025-09-24 08:09:59
1215,P-0100,2,2,"P-0100.VI_HI,P-0100.TI_HI",2025-09-24 09:10:34,2025-09-24 09:32:41
1216,P-0100,2,2,"P-0100.TI_HI,P-0100.VI_HI",2025-09-24 11:55:13,2025-09-24 12:13:57
1217,P-0100,2,4,"P-0100.TI_HI,P-0100.VI_HI",2025-09-24 15:35:36,2025-09-24 16:13:14
1218,P-0100,2,2,"P-0100.TI_HI,P-0100.PDI_HI",2025-09-24 19:21:38,2025-09-24 19:48:10
1219,P-0100,2,2,"P-0100.VI_HI,P-0100.SI_LO",2025-09-25 04:21:56,2025-09-25 04:30:33
1220,P-0100,2,2,"P-0100.TI_HI,P-0100.VI_HI",2025-09-25 06:05:24,2025-09-25 06:31:36
1221,P-0100,2,3,"P-0100.FI_LO,P-0100.TI_HI",2025-09-25 12:08:09,2025-09-25 12:21:29
1222,P-0100,3,3,"P-0100.TI_HI,P-0100.PDI_HI,P-0100.VI_HI",2025-09-25 14:17:54,2025-09-25 15:07:34
1223,P-0100,2,6,"P-0100.VI_HI,P-0100.TI_HI",2025-09-25 16:17:23,2025-09-25 17:11:19
1224,P-0100,2,3,"P-0100.VI_HI,P-0100.TI_HI",2025-09-26 07:23:10,2025-09-26 07:42:42
1225,P-0100,2,7,"P-0100.VI_HI,P-0100.TI_HI",2025-09-26 09:07:20,2025-09-26 10:02:52
1226,P-0100,2,2,"P-0100.PI_LO,P-0100.SI_LO",2025-09-26 12:43:13,2025-09-26 12:47:57
1227,P-0100,2,3,"P-0100.VI_HI,P-0100.PI_HI",2025-09-26 13:25:32,2025-09-26 13:41:51
1228,P-0100,2,3,"P-0100.TI_HI,P-0100.VI_HI",2025-09-26 14:36:47,2025-09-26 14:39:02
1229,P-0100,2,2,"P-0100.VI_HI,P-0100.SI_LO",2025-09-26 17:49:44,2025-09-26 17:56:28
1230,P-0100,2,3,"P-0100.TI_HI,P-0100.VI_HI",2025-09-27 06:40:49,2025-09-27 07:10:57
1231,P-0100,3,7,"P-0100.SI_LO,P-0100.TI_HI,P-0100.VI_HI",2025-09-27 10:48:07,2025-09-27 12:35:36
1232,P-0100,2,2,"P-0100.VI_HI,P-0100.FI_LO",2025-09-27 14:12:24,2025-09-27 14:41:16
1233,P-0100,2,2,"P-0100.TI_HI,P-0100.VI_HI",2025-09-27 19:18:33,2025-09-27 19:28:28
1234,P-0100,2,4,"P-0100.VI_HI,P-0100.TI_HI",2025-09-28 04:45:16,2025-09-28 05:44:32
1235,P-0100,2,2,"P-0100.SI_LO,P-0100.VI_HI",2025-09-28 09:32:27,2025-09-28 09:55:16
1236,P-0100,3,4,"P-0100.PDI_HI,P-0100.VI_HI,P-0100.TI_HI",2025-09-28 10:29:43,2025-09-28 11:17:37
1237,P-0100,2,3,"P-0100.TI_HI,P-0100.VI_HI",2025-09-28 11:58:16,2025-09-28 12:06:45
1238,P-0100,3,5,"P-0100.VI_HI,P-0100.TI_HI,P-0100.II_HI",2025-09-28 13:16:53,2025-09-28 13:43:40
1239,P-0100,2,2,"P-0100.VI_HI,P-0100.TI_HI",2025-09-28 14:16:37,2025-09-28 14:32:34
1240,P-0100,3,4,"P-0100.VI_HI,P-0100.PI_HI,P-0100.TI_HI",2025-09-28 16:25:16,2025-09-28 16:50:41
1241,P-0100,2,2,"P-0100.VI_HI,P-0100.TI_HI",2025-09-29 08:01:56,2025-09-29 08:12:09
1242,P-0100,3,7,"P-0100.VI_HI,P-0100.TI_HI,P-0100.SI_LO",2025-09-29 09:43:46,2025-09-29 10:53:01
1243,P-0100,2,3,"P-0100.TI_HI,P-0100.VI_HI",2025-09-29 11:58:48,2025-09-29 12:02:53
1244,P-0100,4,8,"P-0100.TI_HI,P-0100.VI_HI,P-0100.PI_LO,P-0100.SI_LO",2025-09-29 13:18:47,2025-09-29 15:06:21
1245,P-0100,2,2,"P-0100.TI_HI,P-0100.VI_HI",2025-09-29 16:08:05,2025-09-29 16:22:43
1246,P-0100,3,4,"P-0100.TI_HI,P-0100.VI_HI,P-0100.FI_LO",2025-09-30 11:11:00,2025-09-30 11:51:31
1247,P-0100,2,7,"P-0100.TI_HI,P-0100.VI_HI",2025-09-30 12:41:55,2025-09-30 13:37:49
1248,P-0100,2,3,"P-0100.PI_LO,P-0100.VI_HI",2025-09-30 14:28:52,2025-09-30 15:15:40
1249,P-0100,3,3,"P-0100.VI_HI,P-0100.FI_LO,P-0100.TI_HI",2025-09-30 16:26:50,2025-09-30 16:56:38
1250,P-0100,2,2,"P-0100.TI_HI,P-0100.VI_HI",2025-09-30 18:38:15,2025-09-30 18:45:13
1251,P-0100,3,3,"P-0100.VI_HI,P-0100.FI_LO,P-0100.PI_HI",2025-09-30 19:39:11,2025-09-30 20:05:20
1252,P-0100,2,4,"P-0100.TI_HI,P-0100.VI_HI",2025-10-01 11:11:55,2025-10-01 11:57:29
1253,P-0100,2,2,"P-0100.FI_LO,P-0100.TI_HI",2025-10-01 15:45:00,2025-10-01 16:08:41
1254,P-0100,2,2,"P-0100.TI_HI,P-0100.PI_LO",2025-10-01 17:05:06,2025-10-01 17:08:25
1255,P-0100,2,2,"P-0100.VI_HI,P-0100.PDI_HI",2025-10-01 20:21:05,2025-10-01 20:21:59
1256,P-0100,2,4,"P-0100.TI_HI,P-0100.VI_HI",2025-10-02 09:29:49,2025-10-02 09:50:21
1257,P-0100,3,6,"P-0100.PDI_HI,P-0100.VI_HI,P-0100.TI_HI",2025-10-02 11:45:49,2025-10-02 12:35:39
1258,P-0100,2,4,"P-0100.TI_HI,P-0100.VI_HI",2025-10-02 13:28:34,2025-10-02 14:30:40
1259,P-0100,2,2,"P-0100.VI_HI,P-0100.TI_HI",2025-10-02 19:45:00,2025-10-02 20:02:11
1260,P-0100,2,3,"P-0100.TI_HI,P-0100.VI_HI",2025-10-03 06:32:37,2025-10-03 07:01:20
1261,P-0100,3,3,"P-0100.TI_HI,P-0100.VI_HI,P-0100.II_HI",2025-10-03 10:25:21,2025-10-03 10:50:56
1262,P-0100,3,3,"P-0100.VI_HI,P-0100.II_HI,P-0100.PI_LO",2025-10-03 13:26:40,2025-10-03 14:03:00
1263,P-0100,3,5,"P-0100.TI_HI,P-0100.VI_HI,P-0100.PI_LO",2025-10-04 07:01:18,2025-10-04 08:01:47
1264,P-0100,2,3,"P-0100.VI_HI,P-0100.TI_HI",2025-10-04 10:10:58,2025-10-04 10:24:01
1265,P-0100,2,2,"P-0100.VI_HI,P-0100.TI_HI",2025-10-04 12:46:20,2025-10-04 13:04:37
1266,P-0100,2,2,"P-0100.PI_LO,P-0100.TI_HI",2025-10-04 13:45:02,2025-10-04 13:48:34
1267,P-0100,2,4,"P-0100.TI_HI,P-0100.VI_HI",2025-10-04 14:21:25,2025-10-04 15:09:09
1268,P-0100,2,2,"P-0100.FI_LO,P-0100.TI_HI",2025-10-04 19:01:24,2025-10-04 19:08:09
1269,P-0100,2,5,"P-0100.VI_HI,P-0100.PI_HI",2025-10-05 07:46:04,2025-10-05 08:25:14
1270,P-0100,2,5,"P-0100.SI_LO,P-0100.VI_HI",2025-10-05 09:37:15,2025-10-05 10:26:01
1271,P-0100,2,5,"P-0100.VI_HI,P-0100.TI_HI",2025-10-05 11:06:05,2025-10-05 12:24:46
1272,P-0100,3,6,"P-0100.VI_HI,P-0100.TI_HI,P-0100.II_HI",2025-10-05 14:07:16,2025-10-05 14:45:15
1273,P-0100,2,2,"P-0100.TI_HI,P-0100.VI_HI",2025-10-05 15:49:26,2025-10-05 15:49:42
1274,P-0100,3,4,"P-0100.VI_HI,P-0100.TI_HI,P-0100.II_HI",2025-10-05 16:56:33,2025-10-05 17:51:36
1275,P-0100,2,2,"P-0100.FI_LO,P-0100.TI_HI",2025-10-06 07:33:15,2025-10-06 07:36:26
1276,P-0100,2,2,"P-0100.VI_HI,P-0100.TI_HI",2025-10-06 08:24:23,2025-10-06 08:25:35
1277,P-0100,2,4,"P-0100.TI_HI,P-0100.VI_HI",2025-10-06 09:53:54,2025-10-06 10:06:15
1278,P-0100,3,9,"P-0100.VI_HI,P-0100.PI_HI,P-0100.TI_HI",2025-10-06 12:21:09,2025-10-06 14:13:17
1279,P-0100,2,4,"P-0100.TI_HI,P-0100.FI_LO",2025-10-06 15:19:44,2025-10-06 15:53:05
1280,P-0100,4,6,"P-0100.PI_LO,P-0100.SI_LO,P-0100.TI_HI,P-0100.VI_HI",2025-10-06 16:47:24,2025-10-06 17:26:03
1281,P-0100,2,2,"P-0100.PDI_HI,P-0100.VI_HI",2025-10-06 18:38:27,2025-10-06 19:07:29
1282,P-0100,2,2,"P-0100.PI_HI,P-0100.TI_HI",2025-10-07 04:25:36,2025-10-07 04:54:38
1283,P-0100,2,2,"P-0100.VI_HI,P-0100.TI_HI",2025-10-07 08:44:53,2025-10-07 09:11:37
1284,P-0100,2,5,"P-0100.VI_HI,P-0100.TI_HI",2025-10-07 10:20:31,2025-10-07 11:17:36
1285,P-0100,2,3,"P-0100.VI_HI,P-0100.TI_HI",2025-10-07 14:02:13,2025-10-07 14:13:39
1286,P-0100,2,3,"P-0100.VI_HI,P-0100.II_HI",2025-10-07 17:13:54,2025-10-07 17:26:46
1287,P-0100,2,2,"P-0100.TI_HI,P-0100.VI_HI",2025-10-07 21:00:26,2025-10-07 21:08:36
1288,P-0100,2,2,"P-0100.SI_LO,P-0100.TI_HI",2025-10-07 23:29:05,2025-10-07 23:40:01
1289,P-0100,3,4,"P-0100.VI_HI,P-0100.TI_HI,P-0100.PI_HI",2025-10-08 06:01:55,2025-10-08 06:44:19
1290,P-0100,2,2,"P-0100.II_HI,P-0100.TI_HI",2025-10-08 09:17:12,2025-10-08 09:31:17
1291,P-0100,2,3,"P-0100.TI_HI,P-0100.VI_HI",2025-10-08 10:11:43,2025-10-08 10:19:12
1292,P-0100,2,3,"P-0100.VI_HI,P-0100.TI_HI",2025-10-08 11:40:08,2025-10-08 11:45:17
1293,P-0100,2,7,"P-0100.TI_HI,P-0100.VI_HI",2025-10-08 14:27:30,2025-10-08 15:25:16
1294,P-0100,3,3,"P-0100.TI_HI,P-0100.SI_LO,P-0100.VI_HI",2025-10-09 07:45:37,2025-10-09 07:55:40
1295,P-0100,2,2,"P-0100.TI_HI,P-0100.PI_HI",2025-10-09 09:35:51,2025-10-09 09:37:40
1296,P-0100,2,2,"P-0100.VI_HI,P-0100.TI_HI",2025-10-09 10:16:34,2025-10-09 10:38:38
1297,P-0100,2,2,"P-0100.FI_LO,P-0100.TI_HI",2025-10-09 11:55:03,2025-10-09 12:10:16
1298,P-0100,2,3,"P-0100.VI_HI,P-0100.II_HI",2025-10-09 12:44:27,2025-10-09 13:22:33
1299,P-0100,2,6,"P-0100.TI_HI,P-0100.VI_HI",2025-10-09 14:23:34,2025-10-09 15:11:50
1300,P-0100,2,2,"P-0100.TI_HI,P-0100.SI_LO",2025-10-09 17:31:07,2025-10-09 17:38:31
1301,P-0100,2,2,"P-0100.TI_HI,P-0100.SI_LO",2025-10-09 18:29:09,2025-10-09 18:52:27
1302,P-0100,2,2,"P-0100.VI_HI,P-0100.TI_HI",2025-10-10 04:25:08,2025-10-10 04:25:13
1303,P-0100,2,2,"P-0100.PI_HI,P-0100.VI_HI",2025-10-10 06:18:36,2025-10-10 06:41:36
1304,P-0100,2,5,"P-0100.TI_HI,P-0100.VI_HI",2025-10-10 09:39:28,2025-10-10 10:01:19
1305,P-0100,2,4,"P-0100.VI_HI,P-0100.TI_HI",2025-10-10 10:53:47,2025-10-10 11:25:36
1306,P-0100,2,3,"P-0100.VI_HI,P-0100.TI_HI",2025-10-10 13:53:41,2025-10-10 14:13:37
1307,P-0100,2,2,"P-0100.VI_HI,P-0100.TI_HI",2025-10-10 17:40:32,2025-10-10 17:51:37
1308,P-0100,2,2,"P-0100.TI_HI,P-0100.VI_HI",2025-10-11 07:12:43,2025-10-11 07:16:00
1309,P-0100,2,5,"P-0100.TI_HI,P-0100.VI_HI",2025-10-11 10:13:19,2025-10-11 10:55:05
1310,P-0100,2,3,"P-0100.TI_HI,P-0100.VI_HI",2025-10-11 12:20:11,2025-10-11 12:43:07
1311,P-0100,2,2,"P-0100.PI_HI,P-0100.TI_HI",2025-10-11 15:45:47,2025-10-11 15:49:49
1312,P-0100,3,3,"P-0100.VI_HI,P-0100.PI_LO,P-0100.TI_HI",2025-10-11 16:52:47,2025-10-11 17:14:17
1313,P-0100,2,2,"P-0100.TI_HI,P-0100.VI_HI",2025-10-11 19:40:19,2025-10-11 20:06:36
1314,P-0100,2,7,"P-0100.TI_HI,P-0100.VI_HI",2025-10-12 10:57:57,2025-10-12 11:58:22
1315,P-0100,2,3,"P-0100.TI_HI,P-0100.VI_HI",2025-10-12 13:44:44,2025-10-12 14:27:54
1316,P-0100,2,2,"P-0100.TI_HI,P-0100.VI_HI",2025-10-12 17:17:24,2025-10-12 17:25:17
1317,P-0100,2,2,"P-0100.VI_HI,P-0100.TI_HI",2025-10-12 18:33:42,2025-10-12 18:34:53
1318,P-0100,3,4,"P-0100.TI_HI,P-0100.PI_LO,P-0100.FI_LO",2025-10-13 04:03:14,2025-10-13 04:55:17
1319,P-0100,2,2,"P-0100.TI_HI,P-0100.SI_LO",2025-10-13 08:12:30,2025-10-13 08:27:55
1320,P-0100,2,2,"P-0100.TI_HI,P-0100.VI_HI",2025-10-13 09:06:03,2025-10-13 09:10:53
1321,P-0100,2,2,"P-0100.TI_HI,P-0100.FI_LO",2025-10-13 10:10:02,2025-10-13 10:18:38
1322,P-0100,2,5,"P-0100.VI_HI,P-0100.TI_HI",2025-10-13 10:52:34,2025-10-13 11:58:07
1323,P-0100,2,2,"P-0100.TI_HI,P-0100.VI_HI",2025-10-13 12:28:24,2025-10-13 12:42:51
1324,P-0100,2,2,"P-0100.VI_HI,P-0100.TI_HI",2025-10-13 13:42:42,2025-10-13 13:55:19
1325,P-0100,3,7,"P-0100.TI_HI,P-0100.VI_HI,P-0100.PI_LO",2025-10-13 15:14:05,2025-10-13 16:42:42
1326,P-0100,2,2,"P-0100.PI_HI,P-0100.VI_HI",2025-10-14 07:52:08,2025-10-14 08:05:06
1327,P-0100,3,3,"P-0100.VI_HI,P-0100.TI_HI,P-0100.SI_LO",2025-10-14 09:27:40,2025-10-14 09:52:12
1328,P-0100,2,4,"P-0100.TI_HI,P-0100.VI_HI",2025-10-14 16:34:51,2025-10-14 16:49:46
1329,P-0100,2,2,"P-0100.VI_HI,P-0100.PDI_HI",2025-10-15 07:29:10,2025-10-15 07:57:24
1330,P-0100,2,3,"P-0100.TI_HI,P-0100.VI_HI",2025-10-15 08:31:53,2025-10-15 08:45:10
1331,P-0100,2,6,"P-0100.VI_HI,P-0100.TI_HI",2025-10-15 09:39:18,2025-10-15 10:11:16
1332,P-0100,2,8,"P-0100.VI_HI,P-0100.TI_HI",2025-10-15 10:46:53,2025-10-15 12:26:31
1333,P-0100,2,2,"P-0100.VI_HI,P-0100.PDI_HI",2025-10-15 13:25:13,2025-10-15 13:39:36
1334,P-0100,2,2,"P-0100.TI_HI,P-0100.VI_HI",2025-10-15 22:51:06,2025-10-15 23:00:01
1335,P-0100,2,2,"P-0100.TI_HI,P-0100.VI_HI",2025-10-16 08:29:30,2025-10-16 08:50:58
1336,P-0100,3,4,"P-0100.TI_HI,P-0100.VI_HI,P-0100.II_HI",2025-10-16 11:31:35,2025-10-16 12:09:12
1337,P-0100,2,3,"P-0100.VI_HI,P-0100.TI_HI",2025-10-16 13:28:20,2025-10-16 13:39:44
1338,P-0100,2,2,"P-0100.TI_HI,P-0100.VI_HI",2025-10-16 17:23:37,2025-10-16 17:43:25
1339,P-0100,3,3,"P-0100.TI_HI,P-0100.PDI_HI,P-0100.VI_HI",2025-10-16 22:07:32,2025-10-16 22:47:41
1340,P-0100,2,2,"P-0100.TI_HI,P-0100.VI_HI",2025-10-16 23:52:14,2025-10-17 00:02:48
1341,P-0100,3,6,"P-0100.VI_HI,P-0100.TI_HI,P-0100.PI_LO",2025-10-17 09:12:09,2025-10-17 09:49:59
1342,P-0100,2,4,"P-0100.TI_HI,P-0100.VI_HI",2025-10-17 10:38:56,2025-10-17 11:37:18
1343,P-0100,2,3,"P-0100.TI_HI,P-0100.VI_HI",2025-10-17 13:22:28,2025-10-17 13:45:22
1344,P-0100,2,2,"P-0100.TI_HI,P-0100.PDI_HI",2025-10-17 15:12:30,2025-10-17 15:29:38
1345,P-0100,2,2,"P-0100.VI_HI,P-0100.TI_HI",2025-10-18 05:51:52,2025-10-18 06:00:29
1346,P-0100,2,2,"P-0100.TI_HI,P-0100.VI_HI",2025-10-18 07:38:50,2025-10-18 07:43:23
1347,P-0100,3,6,"P-0100.PDI_HI,P-0100.VI_HI,P-0100.TI_HI",2025-10-18 10:12:03,2025-10-18 10:49:17
1348,P-0100,2,2,"P-0100.VI_HI,P-0100.PDI_HI",2025-10-18 12:13:21,2025-10-18 12:24:43
1349,P-0100,2,2,"P-0100.VI_HI,P-0100.TI_HI",2025-10-18 13:45:49,2025-10-18 13:53:04
1350,P-0100,2,2,"P-0100.TI_HI,P-0100.VI_HI",2025-10-18 16:02:46,2025-10-18 16:04:50
1351,P-0100,2,2,"P-0100.VI_HI,P-0100.TI_HI",2025-10-18 16:36:34,2025-10-18 17:00:49
1352,P-0100,3,6,"P-0100.II_HI,P-0100.VI_HI,P-0100.TI_HI",2025-10-19 07:00:51,2025-10-19 08:17:35
1353,P-0100,2,2,"P-0100.TI_HI,P-0100.VI_HI",2025-10-19 09:12:25,2025-10-19 09:35:29
1354,P-0100,2,3,"P-0100.TI_HI,P-0100.VI_HI",2025-10-19 10:26:39,2025-10-19 10:45:35
1355,P-0100,3,5,"P-0100.PI_HI,P-0100.TI_HI,P-0100.VI_HI",2025-10-19 13:14:25,2025-10-19 14:16:39
1356,P-0100,3,4,"P-0100.II_HI,P-0100.TI_HI,P-0100.VI_HI",2025-10-19 15:27:16,2025-10-19 16:11:42
1357,P-0100,3,5,"P-0100.TI_HI,P-0100.VI_HI,P-0100.PI_LO",2025-10-19 17:05:15,2025-10-19 17:50:42
1358,P-0100,3,5,"P-0100.VI_HI,P-0100.PI_HI,P-0100.TI_HI",2025-10-20 11:06:13,2025-10-20 11:43:03
1359,P-0100,3,6,"P-0100.VI_HI,P-0100.TI_HI,P-0100.PI_LO",2025-10-20 13:13:29,2025-10-20 13:58:41
1360,P-0100,3,4,"P-0100.VI_HI,P-0100.FI_LO,P-0100.TI_HI",2025-10-20 16:17:34,2025-10-20 16:38:02
1361,P-0100,2,4,"P-0100.TI_HI,P-0100.VI_HI",2025-10-20 18:28:46,2025-10-20 19:10:52
1362,P-0100,2,2,"P-0100.PI_LO,P-0100.TI_HI",2025-10-20 23:13:50,2025-10-20 23:21:37
1363,P-0100,2,3,"P-0100.VI_HI,P-0100.PDI_HI",2025-10-21 05:53:51,2025-10-21 06:14:10
1364,P-0100,2,2,"P-0100.VI_HI,P-0100.TI_HI",2025-10-21 07:42:53,2025-10-21 08:03:44
1365,P-0100,2,8,"P-0100.VI_HI,P-0100.TI_HI",2025-10-21 08:56:30,2025-10-21 10:04:57
1366,P-0100,2,2,"P-0100.PI_LO,P-0100.VI_HI",2025-10-21 10:56:14,2025-10-21 11:18:13
1367,P-0100,2,2,"P-0100.TI_HI,P-0100.VI_HI",2025-10-21 12:13:26,2025-10-21 12:20:27
1368,P-0100,3,3,"P-0100.VI_HI,P-0100.PDI_HI,P-0100.TI_HI",2025-10-21 16:00:45,2025-10-21 16:12:31
1369,P-0100,2,2,"P-0100.VI_HI,P-0100.PI_HI",2025-10-21 18:35:45,2025-10-21 18:58:11
1370,P-0100,2,2,"P-0100.TI_HI,P-0100.VI_HI",2025-10-22 04:09:20,2025-10-22 04:29:25
1371,P-0100,2,2,"P-0100.VI_HI,P-0100.PI_HI",2025-10-22 07:58:23,2025-10-22 08:04:56
1372,P-0100,2,2,"P-0100.VI_HI,P-0100.TI_HI",2025-10-22 09:45:16,2025-10-22 09:51:56
1373,P-0100,2,3,"P-0100.TI_HI,P-0100.FI_LO",2025-10-22 12:25:01,2025-10-22 12:32:00
1374,P-0100,5,15,"P-0100.TI_HI,P-0100.FI_LO,P-0100.SI_LO,P-0100.PDI_HI,P-0100.VI_HI",2025-10-22 13:10:44,2025-10-22 15:20:45
1375,P-0100,4,4,"P-0100.SI_LO,P-0100.PDI_HI,P-0100.VI_HI,P-0100.FI_LO",2025-10-22 22:51:03,2025-10-22 23:56:09
1376,P-0100,2,2,"P-0100.PDI_HI,P-0100.VI_HI",2025-10-23 06:54:23,2025-10-23 07:12:17
1377,P-0100,2,2,"P-0100.SI_LO,P-0100.VI_HI",2025-10-23 11:17:55,2025-10-23 11:37:48
1378,P-0100,3,6,"P-0100.VI_HI,P-0100.PDI_HI,P-0100.TI_HI",2025-10-23 12:56:31,2025-10-23 13:31:36
1379,P-0100,2,2,"P-0100.VI_HI,P-0100.TI_HI",2025-10-23 15:08:26,2025-10-23 15:14:11
1380,P-0100,2,10,"P-0100.TI_HI,P-0100.VI_HI",2025-10-23 16:19:37,2025-10-23 18:34:31
1381,P-0100,3,6,"P-0100.VI_HI,P-0100.TI_HI,P-0100.II_HI",2025-10-24 07:55:25,2025-10-24 08:41:15
1382,P-0100,2,2,"P-0100.VI_HI,P-0100.TI_HI",2025-10-24 09:37:37,2025-10-24 09:44:11
1383,P-0100,2,6,"P-0100.VI_HI,P-0100.TI_HI",2025-10-24 11:20:09,2025-10-24 12:38:03
1384,P-0100,2,3,"P-0100.TI_HI,P-0100.VI_HI",2025-10-24 16:48:01,2025-10-24 17:28:22
1385,P-0100,2,2,"P-0100.SI_LO,P-0100.TI_HI",2025-10-25 00:33:52,2025-10-25 00:44:54
1386,P-0100,2,4,"P-0100.TI_HI,P-0100.VI_HI",2025-10-25 03:43:07,2025-10-25 04:53:12
1387,P-0100,2,3,"P-0100.VI_HI,P-0100.TI_HI",2025-10-25 09:02:43,2025-10-25 09:51:05
1388,P-0100,2,2,"P-0100.TI_HI,P-0100.VI_HI",2025-10-25 10:41:04,2025-10-25 10:49:09
1389,P-0100,2,2,"P-0100.VI_HI,P-0100.TI_HI",2025-10-25 12:20:59,2025-10-25 12:34:15
1390,P-0100,3,8,"P-0100.TI_HI,P-0100.VI_HI,P-0100.II_HI",2025-10-25 13:17:18,2025-10-25 14:42:46
1391,P-0100,2,2,"P-0100.VI_HI,P-0100.TI_HI",2025-10-25 15:32:47,2025-10-25 15:53:48
1392,P-0100,2,4,"P-0100.TI_HI,P-0100.VI_HI",2025-10-25 18:06:50,2025-10-25 18:55:07
1393,P-0100,2,3,"P-0100.TI_HI,P-0100.VI_HI",2025-10-26 06:21:24,2025-10-26 06:53:39
1394,P-0100,2,2,"P-0100.TI_HI,P-0100.VI_HI",2025-10-26 09:24:22,2025-10-26 09:34:54
1395,P-0100,2,2,"P-0100.VI_HI,P-0100.TI_HI",2025-10-26 10:16:15,2025-10-26 10:39:53
1396,P-0100,3,5,"P-0100.TI_HI,P-0100.VI_HI,P-0100.SI_LO",2025-10-26 11:34:41,2025-10-26 12:35:16
1397,P-0100,2,3,"P-0100.VI_HI,P-0100.TI_HI",2025-10-26 14:43:53,2025-10-26 15:16:59
1398,P-0100,2,3,"P-0100.II_HI,P-0100.VI_HI",2025-10-26 17:48:35,2025-10-26 18:15:31
1399,P-0100,2,3,"P-0100.PI_LO,P-0100.VI_HI",2025-10-27 05:27:11,2025-10-27 06:00:27
1400,P-0100,2,2,"P-0100.TI_HI,P-0100.VI_HI",2025-10-27 08:05:38,2025-10-27 08:32:34
1401,P-0100,2,5,"P-0100.VI_HI,P-0100.TI_HI",2025-10-27 11:23:44,2025-10-27 12:37:24
1402,P-0100,2,2,"P-0100.VI_HI,P-0100.TI_HI",2025-10-27 13:09:43,2025-10-27 13:33:23
1403,P-0100,2,3,"P-0100.TI_HI,P-0100.VI_HI",2025-10-27 14:43:59,2025-10-27 15:33:36
1404,P-0100,2,3,"P-0100.FI_LO,P-0100.VI_HI",2025-10-27 16:22:34,2025-10-27 16:54:08
1405,P-0100,2,3,"P-0100.TI_HI,P-0100.VI_HI",2025-10-28 06:32:58,2025-10-28 07:11:00
1406,P-0100,2,4,"P-0100.VI_HI,P-0100.TI_HI",2025-10-28 17:06:11,2025-10-28 18:02:20
1407,P-0100,2,2,"P-0100.II_HI,P-0100.TI_HI",2025-10-28 21:34:16,2025-10-28 21:56:31
1408,P-0100,2,2,"P-0100.TI_HI,P-0100.VI_HI",2025-10-29 06:55:52,2025-10-29 07:05:26
1409,P-0100,2,2,"P-0100.PI_LO,P-0100.VI_HI",2025-10-29 09:25:43,2025-10-29 09:28:27
1410,P-0100,2,5,"P-0100.TI_HI,P-0100.VI_HI",2025-10-29 10:06:06,2025-10-29 10:39:56
1411,P-0100,2,5,"P-0100.TI_HI,P-0100.VI_HI",2025-10-29 14:30:45,2025-10-29 15:34:33
1412,P-0100,2,2,"P-0100.TI_HI,P-0100.FI_LO",2025-10-29 16:12:24,2025-10-29 16:24:57
1413,P-0100,3,3,"P-0100.TI_HI,P-0100.PDI_HI,P-0100.VI_HI",2025-10-30 02:49:48,2025-10-30 03:29:38
1414,P-0100,3,3,"P-0100.TI_HI,P-0100.II_HI,P-0100.VI_HI",2025-10-30 06:06:43,2025-10-30 06:28:22
1415,P-0100,2,2,"P-0100.TI_HI,P-0100.VI_HI",2025-10-30 08:19:14,2025-10-30 08:27:40
1416,P-0100,3,5,"P-0100.TI_HI,P-0100.FI_LO,P-0100.II_HI",2025-10-30 10:39:34,2025-10-30 11:23:57
1417,P-0100,3,4,"P-0100.VI_HI,P-0100.TI_HI,P-0100.FI_LO",2025-10-30 12:13:01,2025-10-30 12:36:45
1418,P-0100,2,5,"P-0100.TI_HI,P-0100.VI_HI",2025-10-30 13:22:06,2025-10-30 13:53:56
1419,P-0100,3,4,"P-0100.VI_HI,P-0100.TI_HI,P-0100.PDI_HI",2025-10-30 15:00:43,2025-10-30 15:45:59
1420,P-0100,2,2,"P-0100.TI_HI,P-0100.VI_HI",2025-10-31 05:58:52,2025-10-31 06:19:48
1421,P-0100,2,3,"P-0100.TI_HI,P-0100.VI_HI",2025-10-31 07:24:27,2025-10-31 08:06:27
1422,P-0100,2,3,"P-0100.TI_HI,P-0100.VI_HI",2025-10-31 09:05:14,2025-10-31 09:22:43
1423,P-0100,2,5,"P-0100.TI_HI,P-0100.VI_HI",2025-10-31 10:44:21,2025-10-31 11:43:50
1424,P-0100,2,2,"P-0100.TI_HI,P-0100.PI_HI",2025-10-31 18:40:30,2025-10-31 18:49:35
1425,P-0100,2,2,"P-0100.PI_LO,P-0100.TI_HI",2025-11-01 08:01:01,2025-11-01 08:21:05
1426,P-0100,3,4,"P-0100.PI_LO,P-0100.TI_HI,P-0100.VI_HI",2025-11-01 09:47:36,2025-11-01 10:29:54
1427,P-0100,2,8,"P-0100.VI_HI,P-0100.TI_HI",2025-11-01 11:48:20,2025-11-01 13:16:22
1428,P-0100,3,3,"P-0100.PDI_HI,P-0100.PI_LO,P-0100.VI_HI",2025-11-01 14:09:38,2025-11-01 14:26:05
1429,P-0100,2,2,"P-0100.PDI_HI,P-0100.VI_HI",2025-11-01 15:12:50,2025-11-01 15:13:59
1430,P-0100,2,2,"P-0100.VI_HI,P-0100.PDI_HI",2025-11-01 17:25:28,2025-11-01 17:40:26
1431,P-0100,2,3,"P-0100.VI_HI,P-0100.TI_HI",2025-11-01 18:21:28,2025-11-01 18:42:50
1432,P-0100,4,4,"P-0100.FI_LO,P-0100.SI_LO,P-0100.VI_HI,P-0100.TI_HI",2025-11-01 23:06:15,2025-11-01 23:13:30
1433,P-0100,2,2,"P-0100.VI_HI,P-0100.TI_HI",2025-11-02 08:03:04,2025-11-02 08:10:41
1434,P-0100,2,7,"P-0100.TI_HI,P-0100.VI_HI",2025-11-02 10:02:02,2025-11-02 12:12:09
1435,P-0100,2,2,"P-0100.TI_HI,P-0100.VI_HI",2025-11-02 12:47:46,2025-11-02 13:03:12
1436,P-0100,2,3,"P-0100.VI_HI,P-0100.TI_HI",2025-11-02 13:44:14,2025-11-02 14:06:52
1437,P-0100,2,4,"P-0100.VI_HI,P-0100.TI_HI",2025-11-02 15:34:12,2025-11-02 16:38:08
1438,P-0100,3,4,"P-0100.TI_HI,P-0100.PI_LO,P-0100.SI_LO",2025-11-02 17:45:04,2025-11-02 18:13:08
1439,P-0100,3,6,"P-0100.TI_HI,P-0100.VI_HI,P-0100.II_HI",2025-11-03 10:07:49,2025-11-03 10:49:22
1440,P-0100,3,7,"P-0100.VI_HI,P-0100.FI_LO,P-0100.TI_HI",2025-11-03 12:02:10,2025-11-03 12:54:17
1441,P-0100,2,3,"P-0100.SI_LO,P-0100.VI_HI",2025-11-03 17:53:48,2025-11-03 18:29:17
1442,P-0100,2,2,"P-0100.TI_HI,P-0100.VI_HI",2025-11-03 20:13:04,2025-11-03 20:39:37
1443,P-0100,2,2,"P-0100.VI_HI,P-0100.PDI_HI",2025-11-03 22:18:10,2025-11-03 22:28:46
1444,P-0100,2,2,"P-0100.VI_HI,P-0100.TI_HI",2025-11-04 01:26:13,2025-11-04 01:50:59
1445,P-0100,2,3,"P-0100.SI_LO,P-0100.TI_HI",2025-11-04 03:38:10,2025-11-04 04:08:42
1446,P-0100,2,3,"P-0100.VI_HI,P-0100.TI_HI",2025-11-04 05:49:55,2025-11-04 06:34:05
1447,P-0100,2,2,"P-0100.TI_HI,P-0100.PI_LO",2025-11-04 07:06:51,2025-11-04 07:14:59
1448,P-0100,2,2,"P-0100.PDI_HI,P-0100.VI_HI",2025-11-04 08:36:42,2025-11-04 08:37:20
1449,P-0100,3,5,"P-0100.PI_HI,P-0100.TI_HI,P-0100.VI_HI",2025-11-04 10:06:13,2025-11-04 10:56:15
1450,P-0100,2,2,"P-0100.VI_HI,P-0100.TI_HI",2025-11-04 13:42:00,2025-11-04 13:43:40
1451,P-0100,2,2,"P-0100.PDI_HI,P-0100.VI_HI",2025-11-04 14:19:52,2025-11-04 14:24:23
1452,P-0100,2,2,"P-0100.VI_HI,P-0100.TI_HI",2025-11-04 15:35:54,2025-11-04 15:42:24
1453,P-0100,3,6,"P-0100.TI_HI,P-0100.VI_HI,P-0100.II_HI",2025-11-05 13:00:16,2025-11-05 13:43:55
1454,P-0100,2,4,"P-0100.VI_HI,P-0100.TI_HI",2025-11-05 14:25:25,2025-11-05 15:17:24
1455,P-0100,2,2,"P-0100.TI_HI,P-0100.VI_HI",2025-11-05 19:09:27,2025-11-05 19:12:22
1456,P-0100,3,3,"P-0100.VI_HI,P-0100.PI_LO,P-0100.TI_HI",2025-11-05 23:46:39,2025-11-06 00:07:14
1457,P-0100,2,3,"P-0100.TI_HI,P-0100.VI_HI",2025-11-06 06:10:33,2025-11-06 06:57:38
1458,P-0100,2,10,"P-0100.VI_HI,P-0100.TI_HI",2025-11-06 09:07:08,2025-11-06 11:38:14
1459,P-0100,2,3,"P-0100.TI_HI,P-0100.FI_LO",2025-11-06 13:30:17,2025-11-06 13:54:38
1460,P-0100,2,2,"P-0100.TI_HI,P-0100.VI_HI",2025-11-06 14:27:14,2025-11-06 14:52:21
1461,P-0100,2,3,"P-0100.VI_HI,P-0100.PI_HI",2025-11-06 16:20:34,2025-11-06 16:48:32
1462,P-0100,2,2,"P-0100.TI_HI,P-0100.VI_HI",2025-11-06 17:56:03,2025-11-06 18:19:41
1463,P-0100,4,8,"P-0100.PI_LO,P-0100.VI_HI,P-0100.FI_LO,P-0100.TI_HI",2025-11-07 06:26:01,2025-11-07 08:46:48
1464,P-0100,2,3,"P-0100.VI_HI,P-0100.TI_HI",2025-11-07 10:19:46,2025-11-07 10:43:37
1465,P-0100,3,3,"P-0100.FI_LO,P-0100.TI_HI,P-0100.PI_LO",2025-11-07 11:45:34,2025-11-07 12:14:25
1466,P-0100,2,2,"P-0100.TI_HI,P-0100.PI_HI",2025-11-07 13:36:46,2025-11-07 13:53:16
1467,P-0100,3,5,"P-0100.TI_HI,P-0100.VI_HI,P-0100.SI_LO",2025-11-07 15:10:56,2025-11-07 15:57:40
1468,P-0100,2,2,"P-0100.VI_HI,P-0100.TI_HI",2025-11-07 18:13:16,2025-11-07 18:36:21
1469,P-0100,2,8,"P-0100.TI_HI,P-0100.VI_HI",2025-11-08 08:12:51,2025-11-08 09:53:27
1470,P-0100,2,7,"P-0100.VI_HI,P-0100.TI_HI",2025-11-08 11:04:46,2025-11-08 12:37:04
1471,P-0100,2,2,"P-0100.TI_HI,P-0100.VI_HI",2025-11-08 14:09:22,2025-11-08 14:26:38
1472,P-0100,2,5,"P-0100.FI_LO,P-0100.VI_HI",2025-11-08 15:12:07,2025-11-08 15:51:43
1473,P-0100,2,2,"P-0100.TI_HI,P-0100.SI_LO",2025-11-08 16:53:10,2025-11-08 17:01:37
1474,P-0100,2,2,"P-0100.VI_HI,P-0100.PDI_HI",2025-11-08 19:50:02,2025-11-08 19:55:23
1475,P-0100,2,3,"P-0100.VI_HI,P-0100.TI_HI",2025-11-09 07:15:44,2025-11-09 07:19:57
1476,P-0100,2,2,"P-0100.TI_HI,P-0100.SI_LO",2025-11-09 08:46:42,2025-11-09 08:47:59
1477,P-0100,3,6,"P-0100.FI_LO,P-0100.TI_HI,P-0100.VI_HI",2025-11-09 10:42:37,2025-11-09 11:36:42
1478,P-0100,3,6,"P-0100.TI_HI,P-0100.PI_LO,P-0100.VI_HI",2025-11-09 12:28:53,2025-11-09 12:48:56
1479,P-0100,2,2,"P-0100.SI_LO,P-0100.TI_HI",2025-11-09 14:25:10,2025-11-09 14:41:07
1480,P-0100,2,2,"P-0100.VI_HI,P-0100.PI_LO",2025-11-09 18:35:50,2025-11-09 19:02:04
1481,P-0100,3,3,"P-0100.VI_HI,P-0100.PI_LO,P-0100.TI_HI",2025-11-10 05:52:24,2025-11-10 06:18:05
1482,P-0100,2,3,"P-0100.TI_HI,P-0100.PI_HI",2025-11-10 07:12:03,2025-11-10 07:32:49
1483,P-0100,2,3,"P-0100.TI_HI,P-0100.VI_HI",2025-11-10 08:56:03,2025-11-10 09:34:38
1484,P-0100,2,3,"P-0100.TI_HI,P-0100.VI_HI",2025-11-10 10:24:13,2025-11-10 11:06:05
1485,P-0100,2,3,"P-0100.TI_HI,P-0100.FI_LO",2025-11-10 15:15:58,2025-11-10 15:27:12
1486,P-0100,2,3,"P-0100.VI_HI,P-0100.TI_HI",2025-11-10 16:29:16,2025-11-10 16:56:13
1487,P-0100,2,3,"P-0100.PDI_HI,P-0100.TI_HI",2025-11-10 17:30:19,2025-11-10 17:39:19
1488,P-0100,2,2,"P-0100.VI_HI,P-0100.II_HI",2025-11-11 03:40:14,2025-11-11 03:48:43
1489,P-0100,2,2,"P-0100.TI_HI,P-0100.VI_HI",2025-11-11 07:10:27,2025-11-11 07:15:29
1490,P-0100,2,2,"P-0100.TI_HI,P-0100.FI_LO",2025-11-11 12:13:47,2025-11-11 12:35:17
1491,P-0100,2,3,"P-0100.TI_HI,P-0100.VI_HI",2025-11-11 13:19:13,2025-11-11 13:30:46
1492,P-0100,2,5,"P-0100.TI_HI,P-0100.VI_HI",2025-11-11 15:29:44,2025-11-11 16:35:09
1493,P-0100,2,4,"P-0100.TI_HI,P-0100.VI_HI",2025-11-11 17:44:07,2025-11-11 18:11:05
1494,P-0100,2,2,"P-0100.TI_HI,P-0100.VI_HI",2025-11-12 03:16:41,2025-11-12 03:30:47
1495,P-0100,2,5,"P-0100.VI_HI,P-0100.TI_HI",2025-11-12 08:26:30,2025-11-12 09:01:56
1496,P-0100,2,3,"P-0100.TI_HI,P-0100.VI_HI",2025-11-12 10:01:30,2025-11-12 10:47:52
1497,P-0100,4,7,"P-0100.PI_LO,P-0100.VI_HI,P-0100.TI_HI,P-0100.FI_LO",2025-11-12 11:49:38,2025-11-12 13:32:44
1498,P-0100,3,5,"P-0100.SI_LO,P-0100.TI_HI,P-0100.VI_HI",2025-11-12 15:19:48,2025-11-12 16:10:04
1499,P-0100,3,3,"P-0100.II_HI,P-0100.TI_HI,P-0100.VI_HI",2025-11-12 21:40:53,2025-11-12 21:46:55
1500,P-0100,2,4,"P-0100.TI_HI,P-0100.VI_HI",2025-11-13 06:21:04,2025-11-13 07:13:41
1501,P-0100,2,5,"P-0100.VI_HI,P-0100.TI_HI",2025-11-13 08:08:01,2025-11-13 09:03:39
1502,P-0100,2,2,"P-0100.VI_HI,P-0100.TI_HI",2025-11-13 10:42:26,2025-11-13 10:47:38
1503,P-0100,2,8,"P-0100.TI_HI,P-0100.VI_HI",2025-11-13 12:35:23,2025-11-13 14:03:14
1504,P-0100,4,15,"P-0100.VI_HI,P-0100.SI_LO,P-0100.TI_HI,P-0100.PDI_HI",2025-11-14 09:49:14,2025-11-14 12:02:58
1505,P-0100,2,5,"P-0100.TI_HI,P-0100.VI_HI",2025-11-14 13:57:31,2025-11-14 14:31:08
1506,P-0100,2,2,"P-0100.PDI_HI,P-0100.TI_HI",2025-11-14 16:19:25,2025-11-14 16:34:18
1507,P-0100,2,3,"P-0100.TI_HI,P-0100.VI_HI",2025-11-14 17:05:05,2025-11-14 17:16:28
1508,P-0100,2,2,"P-0100.VI_HI,P-0100.TI_HI",2025-11-15 00:29:03,2025-11-15 00:38:08
1509,P-0100,2,3,"P-0100.TI_HI,P-0100.VI_HI",2025-11-15 04:29:05,2025-11-15 05:13:09
1510,P-0100,2,2,"P-0100.VI_HI,P-0100.TI_HI",2025-11-15 08:30:04,2025-11-15 08:37:22
1511,P-0100,2,2,"P-0100.VI_HI,P-0100.PI_HI",2025-11-15 10:17:15,2025-11-15 10:41:53
1512,P-0100,2,3,"P-0100.TI_HI,P-0100.VI_HI",2025-11-15 14:18:18,2025-11-15 14:51:00
1513,P-0100,2,2,"P-0100.II_HI,P-0100.TI_HI",2025-11-15 16:17:44,2025-11-15 16:29:33
1514,P-0100,2,2,"P-0100.FI_LO,P-0100.TI_HI",2025-11-15 17:42:49,2025-11-15 18:06:30
1515,P-0100,2,4,"P-0100.TI_HI,P-0100.VI_HI",2025-11-15 20:10:36,2025-11-15 20:55:21
1516,P-0100,2,2,"P-0100.TI_HI,P-0100.VI_HI",2025-11-16 04:23:59,2025-11-16 04:49:16
1517,P-0100,3,18,"P-0100.VI_HI,P-0100.TI_HI,P-0100.PI_HI",2025-11-16 09:03:02,2025-11-16 12:21:33
1518,P-0100,2,3,"P-0100.TI_HI,P-0100.VI_HI",2025-11-16 14:50:26,2025-11-16 15:14:16
1519,P-0100,3,10,"P-0100.TI_HI,P-0100.VI_HI,P-0100.PI_HI",2025-11-17 08:54:38,2025-11-17 11:10:12
1520,P-0100,2,3,"P-0100.TI_HI,P-0100.VI_HI",2025-11-17 14:26:53,2025-11-17 14:37:04
1521,P-0100,2,4,"P-0100.TI_HI,P-0100.VI_HI",2025-11-17 18:17:07,2025-11-17 19:09:21
1522,P-0100,2,2,"P-0100.TI_HI,P-0100.II_HI",2025-11-18 09:25:31,2025-11-18 09:38:04
1523,P-0100,2,6,"P-0100.TI_HI,P-0100.VI_HI",2025-11-18 10:33:07,2025-11-18 11:47:49
1524,P-0100,4,7,"P-0100.TI_HI,P-0100.II_HI,P-0100.VI_HI,P-0100.FI_LO",2025-11-18 12:36:43,2025-11-18 14:20:48
1525,P-0100,2,3,"P-0100.PI_LO,P-0100.VI_HI",2025-11-18 14:58:20,2025-11-18 15:39:37
1526,P-0100,2,5,"P-0100.VI_HI,P-0100.PI_HI",2025-11-18 16:09:38,2025-11-18 17:08:25
1527,P-0100,2,5,"P-0100.TI_HI,P-0100.VI_HI",2025-11-19 06:18:18,2025-11-19 07:02:36
1528,P-0100,2,2,"P-0100.TI_HI,P-0100.II_HI",2025-11-19 10:00:31,2025-11-19 10:04:48
1529,P-0100,3,5,"P-0100.TI_HI,P-0100.VI_HI,P-0100.PI_HI",2025-11-19 10:36:14,2025-11-19 11:42:44
1530,P-0100,2,3,"P-0100.TI_HI,P-0100.VI_HI",2025-11-19 14:02:15,2025-11-19 14:47:14
1531,P-0100,2,5,"P-0100.VI_HI,P-0100.SI_LO",2025-11-19 16:08:36,2025-11-19 17:16:38
1532,P-0100,2,2,"P-0100.PI_HI,P-0100.VI_HI",2025-11-19 18:31:07,2025-11-19 18:55:52
1533,P-0100,2,4,"P-0100.TI_HI,P-0100.VI_HI",2025-11-20 06:51:18,2025-11-20 07:21:31
1534,P-0100,2,3,"P-0100.VI_HI,P-0100.TI_HI",2025-11-20 08:33:42,2025-11-20 08:44:59
1535,P-0100,5,11,"P-0100.TI_HI,P-0100.II_HI,P-0100.VI_HI,P-0100.PDI_HI,P-0100.PI_HI",2025-11-20 11:16:57,2025-11-20 11:44:29
1536,P-0100,2,2,"P-0100.VI_HI,P-0100.TI_HI",2025-11-20 14:49:04,2025-11-20 14:53:50
1537,P-0100,2,2,"P-0100.TI_HI,P-0100.VI_HI",2025-11-20 15:25:21,2025-11-20 15:32:52
1538,P-0100,3,4,"P-0100.TI_HI,P-0100.VI_HI,P-0100.SI_LO",2025-11-21 11:09:04,2025-11-21 12:01:30
1539,P-0100,2,3,"P-0100.VI_HI,P-0100.TI_HI",2025-11-21 14:23:20,2025-11-21 14:36:25
1540,P-0100,2,5,"P-0100.TI_HI,P-0100.VI_HI",2025-11-21 15:18:05,2025-11-21 15:53:47
1541,P-0100,2,2,"P-0100.VI_HI,P-0100.FI_LO",2025-11-22 05:12:09,2025-11-22 05:17:20
1542,P-0100,2,4,"P-0100.TI_HI,P-0100.VI_HI",2025-11-22 06:26:51,2025-11-22 07:06:03
1543,P-0100,3,7,"P-0100.TI_HI,P-0100.VI_HI,P-0100.PDI_HI",2025-11-22 08:40:01,2025-11-22 09:55:45
1544,P-0100,2,2,"P-0100.TI_HI,P-0100.VI_HI",2025-11-22 12:42:16,2025-11-22 12:55:36
1545,P-0100,2,3,"P-0100.TI_HI,P-0100.VI_HI",2025-11-22 13:27:26,2025-11-22 13:39:05
1546,P-0100,2,3,"P-0100.TI_HI,P-0100.VI_HI",2025-11-22 14:20:39,2025-11-22 14:41:04
1547,P-0100,2,2,"P-0100.PI_LO,P-0100.VI_HI",2025-11-22 17:53:18,2025-11-22 18:05:16
1548,P-0100,3,5,"P-0100.TI_HI,P-0100.PI_LO,P-0100.SI_LO",2025-11-23 08:02:21,2025-11-23 09:03:14
1549,P-0100,3,9,"P-0100.VI_HI,P-0100.TI_HI,P-0100.PI_HI",2025-11-23 11:09:39,2025-11-23 12:44:48
1550,P-0100,2,2,"P-0100.PI_HI,P-0100.II_HI",2025-11-23 17:38:56,2025-11-23 18:08:03
1551,P-0100,2,3,"P-0100.VI_HI,P-0100.TI_HI",2025-11-23 18:39:01,2025-11-23 19:09:36
1552,P-0100,2,2,"P-0100.TI_HI,P-0100.VI_HI",2025-11-23 22:50:19,2025-11-23 23:08:26
1553,P-0100,3,5,"P-0100.TI_HI,P-0100.VI_HI,P-0100.PI_LO",2025-11-24 07:34:10,2025-11-24 08:10:30
1554,P-0100,4,14,"P-0100.TI_HI,P-0100.VI_HI,P-0100.PI_HI,P-0100.PI_LO",2025-11-24 10:46:42,2025-11-24 13:11:51
1555,P-0100,2,6,"P-0100.TI_HI,P-0100.VI_HI",2025-11-24 13:53:35,2025-11-24 14:46:22
1556,P-0100,2,2,"P-0100.SI_LO,P-0100.VI_HI",2025-11-24 16:21:02,2025-11-24 16:35:42
1557,P-0100,2,2,"P-0100.VI_HI,P-0100.PI_LO",2025-11-24 17:22:57,2025-11-24 17:27:54
1558,P-0100,2,2,"P-0100.VI_HI,P-0100.SI_LO",2025-11-24 20:44:07,2025-11-24 21:09:50
1559,P-0100,2,3,"P-0100.TI_HI,P-0100.VI_HI",2025-11-25 04:47:28,2025-11-25 05:15:27
1560,P-0100,2,2,"P-0100.II_HI,P-0100.VI_HI",2025-11-25 09:05:45,2025-11-25 09:08:24
1561,P-0100,3,5,"P-0100.TI_HI,P-0100.II_HI,P-0100.VI_HI",2025-11-25 10:05:47,2025-11-25 10:41:44
1562,P-0100,3,6,"P-0100.VI_HI,P-0100.TI_HI,P-0100.II_HI",2025-11-25 11:43:32,2025-11-25 13:19:30
1563,P-0100,4,7,"P-0100.TI_HI,P-0100.II_HI,P-0100.PI_LO,P-0100.VI_HI",2025-11-25 14:18:18,2025-11-25 14:42:36
1564,P-0100,2,2,"P-0100.TI_HI,P-0100.FI_LO",2025-11-25 23:12:23,2025-11-25 23:34:49
1565,P-0100,2,4,"P-0100.VI_HI,P-0100.TI_HI",2025-11-26 04:28:59,2025-11-26 05:17:51
1566,P-0100,2,2,"P-0100.TI_HI,P-0100.VI_HI",2025-11-26 08:39:06,2025-11-26 08:40:32
1567,P-0100,2,2,"P-0100.VI_HI,P-0100.TI_HI",2025-11-26 09:34:49,2025-11-26 09:42:14
1568,P-0100,3,6,"P-0100.TI_HI,P-0100.II_HI,P-0100.VI_HI",2025-11-26 11:09:16,2025-11-26 12:16:30
1569,P-0100,2,2,"P-0100.TI_HI,P-0100.VI_HI",2025-11-26 14:00:15,2025-11-26 14:23:16
1570,P-0100,2,3,"P-0100.VI_HI,P-0100.TI_HI",2025-11-26 15:47:26,2025-11-26 16:19:14
1571,P-0100,2,2,"P-0100.VI_HI,P-0100.TI_HI",2025-11-27 04:55:24,2025-11-27 05:24:29
1572,P-0100,3,9,"P-0100.VI_HI,P-0100.TI_HI,P-0100.SI_LO",2025-11-27 07:32:21,2025-11-27 09:44:20
1573,P-0100,3,5,"P-0100.II_HI,P-0100.TI_HI,P-0100.VI_HI",2025-11-27 12:13:50,2025-11-27 12:50:20
1574,P-0100,2,5,"P-0100.VI_HI,P-0100.TI_HI",2025-11-27 13:28:01,2025-11-27 14:10:24
1575,P-0100,2,2,"P-0100.TI_HI,P-0100.VI_HI",2025-11-27 14:58:34,2025-11-27 15:05:44
1576,P-0100,2,3,"P-0100.VI_HI,P-0100.PDI_HI",2025-11-28 02:25:55,2025-11-28 03:08:44
1577,P-0100,2,4,"P-0100.VI_HI,P-0100.TI_HI",2025-11-28 06:38:06,2025-11-28 07:48:45
1578,P-0100,3,3,"P-0100.SI_LO,P-0100.TI_HI,P-0100.FI_LO",2025-11-28 09:07:42,2025-11-28 09:35:50
1579,P-0100,3,4,"P-0100.TI_HI,P-0100.VI_HI,P-0100.PI_HI",2025-11-28 13:32:02,2025-11-28 14:18:27
1580,P-0100,2,2,"P-0100.VI_HI,P-0100.PDI_HI",2025-11-28 23:53:20,2025-11-28 23:56:01
1581,P-0100,2,2,"P-0100.VI_HI,P-0100.TI_HI",2025-11-29 04:23:42,2025-11-29 04:50:26
1582,P-0100,2,4,"P-0100.VI_HI,P-0100.TI_HI",2025-11-29 09:23:53,2025-11-29 10:00:59
1583,P-0100,2,7,"P-0100.TI_HI,P-0100.VI_HI",2025-11-29 10:34:57,2025-11-29 11:50:20
1584,P-0100,4,8,"P-0100.VI_HI,P-0100.TI_HI,P-0100.PDI_HI,P-0100.II_HI",2025-11-29 13:52:36,2025-11-29 14:36:32
1585,P-0100,2,2,"P-0100.TI_HI,P-0100.II_HI",2025-11-29 17:30:59,2025-11-29 17:34:34
1586,P-0100,2,2,"P-0100.PI_HI,P-0100.SI_LO",2025-11-29 21:32:19,2025-11-29 21:50:33
1587,P-0100,2,7,"P-0100.TI_HI,P-0100.VI_HI",2025-11-30 07:29:44,2025-11-30 08:29:59
1588,P-0100,2,3,"P-0100.FI_LO,P-0100.TI_HI",2025-11-30 12:42:23,2025-11-30 13:14:38
1589,P-0100,2,3,"P-0100.VI_HI,P-0100.TI_HI",2025-11-30 15:54:44,2025-11-30 16:29:07
1590,P-0100,2,3,"P-0100.TI_HI,P-0100.VI_HI",2025-11-30 17:01:15,2025-11-30 17:37:34
1591,P-0100,2,5,"P-0100.TI_HI,P-0100.VI_HI",2025-11-30 18:24:31,2025-11-30 19:35:02
1592,P-0100,2,2,"P-0100.TI_HI,P-0100.VI_HI",2025-12-01 03:43:00,2025-12-01 04:00:34
1593,P-0100,2,5,"P-0100.TI_HI,P-0100.VI_HI",2025-12-01 06:35:35,2025-12-01 08:03:41
1594,P-0100,3,3,"P-0100.TI_HI,P-0100.VI_HI,P-0100.PDI_HI",2025-12-01 09:49:11,2025-12-01 10:03:40
1595,P-0100,4,7,"P-0100.VI_HI,P-0100.PI_LO,P-0100.PDI_HI,P-0100.TI_HI",2025-12-01 11:27:31,2025-12-01 12:29:22
1596,P-0100,2,2,"P-0100.VI_HI,P-0100.TI_HI",2025-12-01 13:09:27,2025-12-01 13:16:07
1597,P-0100,2,2,"P-0100.VI_HI,P-0100.TI_HI",2025-12-01 18:08:06,2025-12-01 18:36:06
1598,P-0100,2,2,"P-0100.TI_HI,P-0100.VI_HI",2025-12-02 06:04:28,2025-12-02 06:07:28
1599,P-0100,2,3,"P-0100.VI_HI,P-0100.TI_HI",2025-12-02 09:57:47,2025-12-02 10:15:02
1600,P-0100,2,4,"P-0100.TI_HI,P-0100.VI_HI",2025-12-02 11:45:09,2025-12-02 12:04:04
1601,P-0100,3,4,"P-0100.II_HI,P-0100.TI_HI,P-0100.VI_HI",2025-12-02 13:22:23,2025-12-02 14:05:31
1602,P-0100,2,5,"P-0100.TI_HI,P-0100.VI_HI",2025-12-02 14:39:18,2025-12-02 15:42:46
1603,P-0100,2,4,"P-0100.VI_HI,P-0100.TI_HI",2025-12-02 16:20:55,2025-12-02 17:04:12
1604,P-0100,2,3,"P-0100.TI_HI,P-0100.PI_HI",2025-12-02 18:03:26,2025-12-02 18:27:17
1605,P-0100,2,2,"P-0100.VI_HI,P-0100.TI_HI",2025-12-03 04:03:12,2025-12-03 04:11:37
1606,P-0100,2,5,"P-0100.VI_HI,P-0100.TI_HI",2025-12-03 07:13:13,2025-12-03 08:09:48
1607,P-0100,2,6,"P-0100.TI_HI,P-0100.VI_HI",2025-12-03 08:41:18,2025-12-03 09:31:58
1608,P-0100,2,3,"P-0100.VI_HI,P-0100.TI_HI",2025-12-03 10:41:15,2025-12-03 11:12:47
1609,P-0100,2,2,"P-0100.TI_HI,P-0100.VI_HI",2025-12-03 11:46:26,2025-12-03 11:51:19
1610,P-0100,2,2,"P-0100.VI_HI,P-0100.TI_HI",2025-12-03 15:32:19,2025-12-03 15:48:43
1611,P-0100,4,5,"P-0100.TI_HI,P-0100.VI_HI,P-0100.FI_LO,P-0100.PI_LO",2025-12-03 21:27:27,2025-12-03 22:00:18
1612,P-0100,2,2,"P-0100.SI_LO,P-0100.PI_LO",2025-12-03 23:15:56,2025-12-03 23:36:50
1613,P-0100,2,3,"P-0100.VI_HI,P-0100.TI_HI",2025-12-04 06:04:46,2025-12-04 06:22:10
1614,P-0100,3,6,"P-0100.VI_HI,P-0100.TI_HI,P-0100.II_HI",2025-12-04 07:38:23,2025-12-04 08:52:59
1615,P-0100,2,5,"P-0100.TI_HI,P-0100.VI_HI",2025-12-04 09:27:54,2025-12-04 09:42:01
1616,P-0100,2,4,"P-0100.VI_HI,P-0100.TI_HI",2025-12-04 10:17:22,2025-12-04 10:22:15
1617,P-0100,2,6,"P-0100.TI_HI,P-0100.VI_HI",2025-12-04 12:48:26,2025-12-04 14:22:58
1618,P-0100,2,3,"P-0100.VI_HI,P-0100.TI_HI",2025-12-05 07:49:04,2025-12-05 07:57:40
1619,P-0100,2,4,"P-0100.VI_HI,P-0100.TI_HI",2025-12-05 13:36:42,2025-12-05 14:01:51
1620,P-0100,2,7,"P-0100.VI_HI,P-0100.TI_HI",2025-12-05 14:43:59,2025-12-05 16:15:28
1621,P-0100,2,2,"P-0100.VI_HI,P-0100.TI_HI",2025-12-05 17:30:04,2025-12-05 17:48:51
1622,P-0100,2,2,"P-0100.VI_HI,P-0100.SI_LO",2025-12-06 04:13:51,2025-12-06 04:40:12
1623,P-0100,3,4,"P-0100.SI_LO,P-0100.TI_HI,P-0100.VI_HI",2025-12-06 06:06:48,2025-12-06 06:56:15
1624,P-0100,2,2,"P-0100.VI_HI,P-0100.TI_HI",2025-12-06 08:30:45,2025-12-06 08:37:39
1625,P-0100,2,11,"P-0100.TI_HI,P-0100.VI_HI",2025-12-06 10:24:42,2025-12-06 12:10:04
1626,P-0100,2,5,"P-0100.VI_HI,P-0100.TI_HI",2025-12-06 12:43:55,2025-12-06 13:27:02
1627,P-0100,3,6,"P-0100.II_HI,P-0100.TI_HI,P-0100.VI_HI",2025-12-06 15:33:50,2025-12-06 16:43:05
1628,P-0100,2,2,"P-0100.TI_HI,P-0100.VI_HI",2025-12-07 08:31:21,2025-12-07 08:36:31
1629,P-0100,2,5,"P-0100.VI_HI,P-0100.TI_HI",2025-12-07 09:30:47,2025-12-07 09:58:42
1630,P-0100,5,11,"P-0100.II_HI,P-0100.TI_HI,P-0100.VI_HI,P-0100.PI_HI,P-0100.PDI_HI",2025-12-07 10:31:20,2025-12-07 13:15:06
1631,P-0100,3,4,"P-0100.FI_LO,P-0100.TI_HI,P-0100.VI_HI",2025-12-07 13:56:37,2025-12-07 14:22:12
1632,P-0100,2,2,"P-0100.VI_HI,P-0100.TI_HI",2025-12-07 15:43:34,2025-12-07 16:13:22
1633,P-0100,2,2,"P-0100.VI_HI,P-0100.TI_HI",2025-12-07 17:37:49,2025-12-07 17:44:45
1634,P-0100,2,2,"P-0100.VI_HI,P-0100.TI_HI",2025-12-07 18:36:29,2025-12-07 18:51:46
1635,P-0100,2,3,"P-0100.TI_HI,P-0100.VI_HI",2025-12-08 06:58:27,2025-12-08 07:25:06
1636,P-0100,2,3,"P-0100.VI_HI,P-0100.TI_HI",2025-12-08 08:12:52,2025-12-08 08:32:18
1637,P-0100,2,5,"P-0100.VI_HI,P-0100.FI_LO",2025-12-08 11:27:21,2025-12-08 11:39:48
1638,P-0100,4,7,"P-0100.II_HI,P-0100.VI_HI,P-0100.PI_LO,P-0100.TI_HI",2025-12-08 13:42:58,2025-12-08 14:37:30
1639,P-0100,2,2,"P-0100.VI_HI,P-0100.TI_HI",2025-12-08 15:57:51,2025-12-08 16:00:05
1640,P-0100,3,4,"P-0100.VI_HI,P-0100.TI_HI,P-0100.PI_LO",2025-12-08 16:33:18,2025-12-08 17:12:47
1641,P-0100,2,3,"P-0100.TI_HI,P-0100.VI_HI",2025-12-09 05:07:06,2025-12-09 05:30:09
1642,P-0100,2,3,"P-0100.VI_HI,P-0100.TI_HI",2025-12-09 07:15:41,2025-12-09 07:51:48
1643,P-0100,2,6,"P-0100.VI_HI,P-0100.TI_HI",2025-12-09 08:37:33,2025-12-09 09:51:34
1644,P-0100,2,7,"P-0100.TI_HI,P-0100.VI_HI",2025-12-09 11:26:36,2025-12-09 12:33:08
1645,P-0100,2,2,"P-0100.FI_LO,P-0100.VI_HI",2025-12-09 13:50:09,2025-12-09 13:50:26
1646,P-0100,2,2,"P-0100.VI_HI,P-0100.TI_HI",2025-12-10 06:00:30,2025-12-10 06:17:58
1647,P-0100,2,2,"P-0100.TI_HI,P-0100.VI_HI",2025-12-10 09:07:45,2025-12-10 09:15:22
1648,P-0100,4,13,"P-0100.VI_HI,P-0100.PDI_HI,P-0100.TI_HI,P-0100.II_HI",2025-12-10 09:58:41,2025-12-10 12:32:18
1649,P-0100,3,6,"P-0100.VI_HI,P-0100.TI_HI,P-0100.PI_HI",2025-12-10 14:03:01,2025-12-10 14:48:57
1650,P-0100,2,2,"P-0100.TI_HI,P-0100.SI_LO",2025-12-10 15:37:47,2025-12-10 15:39:09
1651,P-0100,2,2,"P-0100.VI_HI,P-0100.TI_HI",2025-12-10 17:55:14,2025-12-10 17:56:49
1652,P-0100,2,2,"P-0100.PI_LO,P-0100.FI_LO",2025-12-10 19:39:04,2025-12-10 19:43:28
1653,P-0100,2,2,"P-0100.VI_HI,P-0100.TI_HI",2025-12-11 03:15:15,2025-12-11 03:27:44
1654,P-0100,2,2,"P-0100.PI_HI,P-0100.PDI_HI",2025-12-11 08:08:34,2025-12-11 08:13:38
1655,P-0100,3,13,"P-0100.TI_HI,P-0100.VI_HI,P-0100.SI_LO",2025-12-11 11:00:27,2025-12-11 12:03:47
1656,P-0100,3,4,"P-0100.II_HI,P-0100.TI_HI,P-0100.PDI_HI",2025-12-11 12:41:32,2025-12-11 13:02:44
1657,P-0100,3,6,"P-0100.VI_HI,P-0100.TI_HI,P-0100.PDI_HI",2025-12-11 13:53:11,2025-12-11 15:17:04
1658,P-0100,2,8,"P-0100.VI_HI,P-0100.TI_HI",2025-12-12 08:12:10,2025-12-12 09:29:45
1659,P-0100,2,3,"P-0100.TI_HI,P-0100.VI_HI",2025-12-12 10:10:31,2025-12-12 10:46:37
1660,P-0100,2,2,"P-0100.TI_HI,P-0100.VI_HI",2025-12-12 13:37:35,2025-12-12 13:45:45
1661,P-0100,2,2,"P-0100.PDI_HI,P-0100.FI_LO",2025-12-12 20:54:03,2025-12-12 21:23:16
1662,P-0100,2,3,"P-0100.TI_HI,P-0100.VI_HI",2025-12-13 09:01:13,2025-12-13 09:45:25
1663,P-0100,2,3,"P-0100.TI_HI,P-0100.VI_HI",2025-12-13 11:09:55,2025-12-13 11:27:43
1664,P-0100,2,2,"P-0100.PDI_HI,P-0100.VI_HI",2025-12-13 14:34:45,2025-12-13 14:43:35
1665,P-0100,3,5,"P-0100.TI_HI,P-0100.SI_LO,P-0100.VI_HI",2025-12-13 15:18:27,2025-12-13 15:57:07
1666,P-0100,3,3,"P-0100.VI_HI,P-0100.II_HI,P-0100.SI_LO",2025-12-13 17:05:04,2025-12-13 17:30:15
1667,P-0100,2,2,"P-0100.PDI_HI,P-0100.VI_HI",2025-12-13 23:58:01,2025-12-13 23:58:10
1668,P-0100,2,2,"P-0100.VI_HI,P-0100.TI_HI",2025-12-14 06:53:05,2025-12-14 06:55:54
1669,P-0100,3,8,"P-0100.VI_HI,P-0100.TI_HI,P-0100.FI_LO",2025-12-14 07:33:43,2025-12-14 09:21:51
1670,P-0100,4,5,"P-0100.TI_HI,P-0100.VI_HI,P-0100.II_HI,P-0100.PI_LO",2025-12-14 10:40:03,2025-12-14 11:43:11
1671,P-0100,4,5,"P-0100.TI_HI,P-0100.PI_HI,P-0100.VI_HI,P-0100.FI_LO",2025-12-14 15:02:36,2025-12-14 15:50:30
1672,P-0100,2,5,"P-0100.VI_HI,P-0100.TI_HI",2025-12-14 16:28:54,2025-12-14 17:17:14
1673,P-0100,2,2,"P-0100.TI_HI,P-0100.VI_HI",2025-12-14 22:19:28,2025-12-14 22:38:30
1674,P-0100,3,11,"P-0100.VI_HI,P-0100.TI_HI,P-0100.II_HI",2025-12-15 08:53:21,2025-12-15 11:05:05
1675,P-0100,3,4,"P-0100.TI_HI,P-0100.PI_HI,P-0100.PDI_HI",2025-12-15 13:10:50,2025-12-15 14:02:50
1676,P-0100,2,3,"P-0100.TI_HI,P-0100.VI_HI",2025-12-15 14:39:23,2025-12-15 15:32:24
1677,P-0100,2,4,"P-0100.VI_HI,P-0100.TI_HI",2025-12-15 18:24:47,2025-12-15 18:41:10
1678,P-0100,2,4,"P-0100.VI_HI,P-0100.TI_HI",2025-12-15 20:48:49,2025-12-15 21:16:27
1679,P-0100,2,6,"P-0100.TI_HI,P-0100.VI_HI",2025-12-16 05:33:52,2025-12-16 06:38:23
1680,P-0100,3,4,"P-0100.TI_HI,P-0100.VI_HI,P-0100.SI_LO",2025-12-16 07:10:29,2025-12-16 07:48:13
1681,P-0100,3,6,"P-0100.PI_LO,P-0100.TI_HI,P-0100.VI_HI",2025-12-16 08:23:52,2025-12-16 08:49:13
1682,P-0100,3,4,"P-0100.PI_HI,P-0100.TI_HI,P-0100.VI_HI",2025-12-16 13:23:33,2025-12-16 13:58:25
1683,P-0100,2,2,"P-0100.VI_HI,P-0100.PI_HI",2025-12-16 16:30:35,2025-12-16 16:42:11
1684,P-0100,3,3,"P-0100.TI_HI,P-0100.VI_HI,P-0100.PI_HI",2025-12-16 17:15:23,2025-12-16 17:40:41
1685,P-0100,2,3,"P-0100.FI_LO,P-0100.TI_HI",2025-12-16 20:45:00,2025-12-16 21:05:47
1686,P-0100,2,2,"P-0100.VI_HI,P-0100.SI_LO",2025-12-16 22:43:07,2025-12-16 23:10:09
1687,P-0100,2,3,"P-0100.PI_LO,P-0100.TI_HI",2025-12-17 05:05:50,2025-12-17 05:56:51
1688,P-0100,3,7,"P-0100.SI_LO,P-0100.VI_HI,P-0100.TI_HI",2025-12-17 07:13:39,2025-12-17 08:39:25
1689,P-0100,2,8,"P-0100.VI_HI,P-0100.TI_HI",2025-12-17 09:23:17,2025-12-17 10:52:20
1690,P-0100,2,3,"P-0100.TI_HI,P-0100.VI_HI",2025-12-17 12:56:30,2025-12-17 13:37:16
1691,P-0100,2,3,"P-0100.VI_HI,P-0100.TI_HI",2025-12-17 14:09:04,2025-12-17 14:38:29
1692,P-0100,2,3,"P-0100.VI_HI,P-0100.PDI_HI",2025-12-17 16:03:11,2025-12-17 16:31:59
1693,P-0100,2,2,"P-0100.PDI_HI,P-0100.TI_HI",2025-12-17 19:26:59,2025-12-17 19:42:31
1694,P-0100,2,2,"P-0100.SI_LO,P-0100.TI_HI",2025-12-18 05:20:28,2025-12-18 05:23:10
1695,P-0100,4,10,"P-0100.TI_HI,P-0100.VI_HI,P-0100.PDI_HI,P-0100.PI_HI",2025-12-18 10:14:27,2025-12-18 11:03:58
1696,P-0100,2,10,"P-0100.VI_HI,P-0100.TI_HI",2025-12-18 11:36:34,2025-12-18 13:28:01
1697,P-0100,2,4,"P-0100.TI_HI,P-0100.VI_HI",2025-12-18 15:26:34,2025-12-18 16:38:33
1698,P-0100,2,2,"P-0100.TI_HI,P-0100.II_HI",2025-12-18 17:12:44,2025-12-18 17:14:32
1699,P-0100,2,2,"P-0100.SI_LO,P-0100.VI_HI",2025-12-18 18:41:09,2025-12-18 18:57:53
1700,P-0100,4,9,"P-0100.TI_HI,P-0100.VI_HI,P-0100.PI_LO,P-0100.PDI_HI",2025-12-19 06:50:20,2025-12-19 08:06:06
1701,P-0100,2,11,"P-0100.VI_HI,P-0100.TI_HI",2025-12-19 11:15:46,2025-12-19 13:48:34
1702,P-0100,2,2,"P-0100.TI_HI,P-0100.SI_LO",2025-12-19 14:29:57,2025-12-19 14:34:28
1703,P-0100,2,2,"P-0100.SI_LO,P-0100.VI_HI",2025-12-19 15:09:14,2025-12-19 15:14:27
1704,P-0100,3,4,"P-0100.TI_HI,P-0100.II_HI,P-0100.VI_HI",2025-12-19 16:36:54,2025-12-19 17:31:01
1705,P-0100,2,2,"P-0100.TI_HI,P-0100.VI_HI",2025-12-20 00:49:23,2025-12-20 00:57:58
1706,P-0100,3,18,"P-0100.TI_HI,P-0100.VI_HI,P-0100.SI_LO",2025-12-20 08:23:43,2025-12-20 12:14:06
1707,P-0100,2,4,"P-0100.VI_HI,P-0100.TI_HI",2025-12-20 14:13:56,2025-12-20 14:53:57
1708,P-0100,2,2,"P-0100.PI_LO,P-0100.VI_HI",2025-12-20 16:37:48,2025-12-20 16:49:08
1709,P-0100,2,2,"P-0100.SI_LO,P-0100.VI_HI",2025-12-20 23:27:58,2025-12-20 23:37:23
1710,P-0100,2,7,"P-0100.VI_HI,P-0100.TI_HI",2025-12-21 10:51:32,2025-12-21 11:38:31
1711,P-0100,2,8,"P-0100.TI_HI,P-0100.VI_HI",2025-12-21 12:16:22,2025-12-21 13:41:10
1712,P-0100,2,2,"P-0100.TI_HI,P-0100.VI_HI",2025-12-21 15:03:41,2025-12-21 15:07:27
1713,P-0100,2,7,"P-0100.TI_HI,P-0100.VI_HI",2025-12-22 10:24:34,2025-12-22 11:34:53
1714,P-0100,2,4,"P-0100.VI_HI,P-0100.TI_HI",2025-12-22 12:08:41,2025-12-22 13:24:10
1715,P-0100,4,6,"P-0100.VI_HI,P-0100.TI_HI,P-0100.SI_LO,P-0100.PI_HI",2025-12-22 14:23:46,2025-12-22 15:17:51
1716,P-0100,3,5,"P-0100.TI_HI,P-0100.PI_HI,P-0100.VI_HI",2025-12-22 15:55:37,2025-12-22 16:35:02
1717,P-0100,2,3,"P-0100.VI_HI,P-0100.PDI_HI",2025-12-22 19:24:42,2025-12-22 19:54:52
1718,P-0100,2,2,"P-0100.VI_HI,P-0100.TI_HI",2025-12-23 04:10:06,2025-12-23 04:15:32
1719,P-0100,2,6,"P-0100.VI_HI,P-0100.PI_HI",2025-12-23 07:33:30,2025-12-23 08:40:25
1720,P-0100,2,4,"P-0100.TI_HI,P-0100.VI_HI",2025-12-23 10:09:05,2025-12-23 10:27:03
1721,P-0100,2,4,"P-0100.VI_HI,P-0100.TI_HI",2025-12-23 11:16:00,2025-12-23 12:03:22
1722,P-0100,2,5,"P-0100.VI_HI,P-0100.TI_HI",2025-12-23 13:19:43,2025-12-23 14:16:51
1723,P-0100,2,2,"P-0100.II_HI,P-0100.VI_HI",2025-12-23 23:56:01,2025-12-24 00:09:00
1724,P-0100,2,3,"P-0100.TI_HI,P-0100.VI_HI",2025-12-24 07:03:49,2025-12-24 07:40:54
1725,P-0100,2,7,"P-0100.TI_HI,P-0100.VI_HI",2025-12-24 10:36:02,2025-12-24 11:45:18
1726,P-0100,2,2,"P-0100.VI_HI,P-0100.TI_HI",2025-12-24 12:20:30,2025-12-24 12:26:55
1727,P-0100,2,4,"P-0100.TI_HI,P-0100.II_HI",2025-12-24 12:57:15,2025-12-24 13:35:04
1728,P-0100,2,3,"P-0100.VI_HI,P-0100.TI_HI",2025-12-24 16:35:39,2025-12-24 16:46:07
1729,P-0100,2,2,"P-0100.TI_HI,P-0100.VI_HI",2025-12-24 17:47:50,2025-12-24 17:52:56
1730,P-0100,2,3,"P-0100.TI_HI,P-0100.VI_HI",2025-12-24 20:54:18,2025-12-24 21:25:45
1731,P-0100,2,3,"P-0100.TI_HI,P-0100.VI_HI",2025-12-25 04:10:08,2025-12-25 04:43:42
1732,P-0100,2,2,"P-0100.VI_HI,P-0100.TI_HI",2025-12-25 06:55:41,2025-12-25 07:12:31
1733,P-0100,2,3,"P-0100.TI_HI,P-0100.VI_HI",2025-12-25 07:54:30,2025-12-25 08:22:21
1734,P-0100,2,6,"P-0100.VI_HI,P-0100.TI_HI",2025-12-25 09:26:41,2025-12-25 11:06:31
1735,P-0100,2,5,"P-0100.VI_HI,P-0100.TI_HI",2025-12-25 11:38:43,2025-12-25 12:41:15
1736,P-0100,2,3,"P-0100.TI_HI,P-0100.VI_HI",2025-12-25 13:13:22,2025-12-25 13:32:46
1737,P-0100,2,2,"P-0100.TI_HI,P-0100.VI_HI",2025-12-25 14:47:54,2025-12-25 14:48:43
1738,P-0100,2,2,"P-0100.VI_HI,P-0100.TI_HI",2025-12-25 16:24:35,2025-12-25 16:39:51
1739,P-0100,3,4,"P-0100.PI_LO,P-0100.VI_HI,P-0100.TI_HI",2025-12-25 17:29:40,2025-12-25 18:00:19
1740,P-0100,2,2,"P-0100.TI_HI,P-0100.VI_HI",2025-12-26 07:38:16,2025-12-26 07:50:47
1741,P-0100,2,3,"P-0100.VI_HI,P-0100.TI_HI",2025-12-26 09:30:22,2025-12-26 09:47:39
1742,P-0100,3,6,"P-0100.VI_HI,P-0100.TI_HI,P-0100.II_HI",2025-12-26 10:23:26,2025-12-26 10:54:33
1743,P-0100,2,2,"P-0100.TI_HI,P-0100.VI_HI",2025-12-26 11:51:28,2025-12-26 12:05:37
1744,P-0100,2,4,"P-0100.TI_HI,P-0100.VI_HI",2025-12-26 14:21:11,2025-12-26 14:42:24
1745,P-0100,2,5,"P-0100.TI_HI,P-0100.VI_HI",2025-12-26 15:28:42,2025-12-26 16:31:02
1746,P-0100,2,2,"P-0100.TI_HI,P-0100.II_HI",2025-12-29 16:22:10,2025-12-29 16:45:52
1747,P-0100,4,4,"P-0100.PI_HI,P-0100.FI_LO,P-0100.SI_LO,P-0100.PI_LO",2025-12-30 12:52:44,2025-12-30 13:31:59
1748,P-0600,2,2,"P-0600.SI_LO,P-0600.FI_LO",2025-01-04 08:51:17,2025-01-04 09:10:07
1749,P-0600,2,2,"P-0600.PI_HI,P-0600.PI_LO",2025-01-06 16:52:29,2025-01-06 17:22:23
1750,P-0600,2,2,"P-0600.PI_HI,P-0600.SI_LO",2025-01-07 15:15:13,2025-01-07 15:16:23
1751,P-0600,2,2,"P-0600.SI_LO,P-0600.PI_LO",2025-01-09 06:18:54,2025-01-09 06:45:36
1752,P-0600,2,2,"P-0600.PI_LO,P-0600.PDI_HI",2025-01-10 06:45:36,2025-01-10 07:01:47
1753,P-0600,2,2,"P-0600.TI_HI,P-0600.II_HI",2025-01-11 13:41:28,2025-01-11 13:42:02
1754,P-0600,2,2,"P-0600.PDI_HI,P-0600.FI_LO",2025-01-12 11:06:14,2025-01-12 11:09:46
1755,P-0600,2,2,"P-0600.II_HI,P-0600.VI_HI",2025-01-15 06:41:24,2025-01-15 06:55:52
1756,P-0600,2,2,"P-0600.VI_HI,P-0600.PI_LO",2025-01-15 07:45:47,2025-01-15 08:15:03
1757,P-0600,2,2,"P-0600.PDI_HI,P-0600.PI_LO",2025-01-16 10:25:59,2025-01-16 10:31:21
1758,P-0600,2,2,"P-0600.PI_LO,P-0600.TI_HI",2025-01-16 11:08:10,2025-01-16 11:31:49
1759,P-0600,2,2,"P-0600.VI_HI,P-0600.PDI_HI",2025-01-16 18:07:50,2025-01-16 18:11:49
1760,P-0600,2,2,"P-0600.PDI_HI,P-0600.VI_HI",2025-01-17 09:25:12,2025-01-17 09:52:01
1761,P-0600,2,2,"P-0600.II_HI,P-0600.TI_HI",2025-01-17 14:18:31,2025-01-17 14:24:40
1762,P-0600,2,2,"P-0600.II_HI,P-0600.FI_LO",2025-01-17 18:23:15,2025-01-17 18:47:16
1763,P-0600,2,2,"P-0600.FI_LO,P-0600.PI_HI",2025-01-19 16:06:10,2025-01-19 16:22:00
1764,P-0600,2,2,"P-0600.SI_LO,P-0600.PI_HI",2025-01-19 22:58:59,2025-01-19 23:27:42
1765,P-0600,2,2,"P-0600.PDI_HI,P-0600.II_HI",2025-01-20 18:24:37,2025-01-20 18:47:18
1766,P-0600,2,3,"P-0600.PI_HI,P-0600.TI_HI",2025-01-24 14:34:53,2025-01-24 14:52:52
1767,P-0600,2,2,"P-0600.FI_LO,P-0600.PDI_HI",2025-01-28 16:01:52,2025-01-28 16:25:31
1768,P-0600,2,2,"P-0600.PI_LO,P-0600.II_HI",2025-01-29 14:51:13,2025-01-29 14:55:18
1769,P-0600,2,2,"P-0600.FI_LO,P-0600.SI_LO",2025-02-04 13:15:04,2025-02-04 13:17:08
1770,P-0600,2,2,"P-0600.II_HI,P-0600.PI_HI",2025-02-05 15:27:26,2025-02-05 15:38:00
1771,P-0600,2,2,"P-0600.FI_LO,P-0600.PI_HI",2025-02-06 23:34:57,2025-02-06 23:35:19
1772,P-0600,2,2,"P-0600.VI_HI,P-0600.II_HI",2025-02-08 13:04:41,2025-02-08 13:19:26
1773,P-0600,2,2,"P-0600.FI_LO,P-0600.TI_HI",2025-02-09 07:35:58,2025-02-09 07:55:40
1774,P-0600,2,2,"P-0600.SI_LO,P-0600.PI_HI",2025-02-10 15:00:09,2025-02-10 15:26:05
1775,P-0600,2,2,"P-0600.VI_HI,P-0600.PI_LO",2025-02-11 09:13:05,2025-02-11 09:22:12
1776,P-0600,2,2,"P-0600.FI_LO,P-0600.PDI_HI",2025-02-16 12:30:23,2025-02-16 12:55:45
1777,P-0600,2,2,"P-0600.PI_HI,P-0600.VI_HI",2025-02-17 23:14:03,2025-02-17 23:22:04
1778,P-0600,2,2,"P-0600.PDI_HI,P-0600.SI_LO",2025-02-18 17:15:21,2025-02-18 17:41:53
1779,P-0600,2,2,"P-0600.PDI_HI,P-0600.SI_LO",2025-02-19 15:13:12,2025-02-19 15:16:59
1780,P-0600,3,4,"P-0600.FI_LO,P-0600.TI_HI,P-0600.PI_HI",2025-02-19 23:35:23,2025-02-19 23:56:48
1781,P-0600,2,2,"P-0600.II_HI,P-0600.SI_LO",2025-02-20 16:06:58,2025-02-20 16:29:37
1782,P-0600,2,2,"P-0600.PDI_HI,P-0600.FI_LO",2025-02-20 18:16:46,2025-02-20 18:46:41
1783,P-0600,2,2,"P-0600.II_HI,P-0600.VI_HI",2025-02-21 10:26:08,2025-02-21 10:46:21
1784,P-0600,2,2,"P-0600.TI_HI,P-0600.VI_HI",2025-02-22 13:28:32,2025-02-22 13:53:56
1785,P-0600,2,2,"P-0600.PDI_HI,P-0600.PI_LO",2025-02-23 15:10:11,2025-02-23 15:39:02
1786,P-0600,3,3,"P-0600.II_HI,P-0600.TI_HI,P-0600.PDI_HI",2025-02-25 15:05:50,2025-02-25 15:53:01
1787,P-0600,2,2,"P-0600.PI_LO,P-0600.PDI_HI",2025-03-01 07:50:07,2025-03-01 07:58:45
1788,P-0600,2,2,"P-0600.PDI_HI,P-0600.SI_LO",2025-03-03 14:29:33,2025-03-03 14:39:11
1789,P-0600,2,2,"P-0600.PI_LO,P-0600.II_HI",2025-03-06 11:51:26,2025-03-06 12:09:25
1790,P-0600,2,2,"P-0600.PDI_HI,P-0600.VI_HI",2025-03-10 08:47:38,2025-03-10 09:01:46
1791,P-0600,2,2,"P-0600.PI_HI,P-0600.II_HI",2025-03-10 11:57:29,2025-03-10 12:16:15
1792,P-0600,2,2,"P-0600.II_HI,P-0600.TI_HI",2025-03-10 14:15:02,2025-03-10 14:17:19
1793,P-0600,2,2,"P-0600.PI_HI,P-0600.SI_LO",2025-03-12 15:01:37,2025-03-12 15:14:01
1794,P-0600,2,2,"P-0600.PI_LO,P-0600.SI_LO",2025-03-14 08:42:17,2025-03-14 08:45:45
1795,P-0600,2,2,"P-0600.PDI_HI,P-0600.SI_LO",2025-03-16 15:52:41,2025-03-16 16:12:54
1796,P-0600,3,3,"P-0600.PDI_HI,P-0600.PI_HI,P-0600.TI_HI",2025-03-17 18:25:34,2025-03-17 19:12:34
1797,P-0600,2,2,"P-0600.SI_LO,P-0600.PI_HI",2025-03-18 13:29:52,2025-03-18 13:44:52
1798,P-0600,2,2,"P-0600.SI_LO,P-0600.TI_HI",2025-03-18 16:00:15,2025-03-18 16:15:16
1799,P-0600,2,2,"P-0600.TI_HI,P-0600.PI_LO",2025-03-20 11:05:22,2025-03-20 11:21:23
1800,P-0600,2,3,"P-0600.PI_LO,P-0600.PDI_HI",2025-03-20 18:18:08,2025-03-20 19:03:42
1801,P-0600,2,2,"P-0600.SI_LO,P-0600.PI_LO",2025-03-21 07:02:12,2025-03-21 07:27:42
1802,P-0600,2,2,"P-0600.PI_LO,P-0600.PI_HI",2025-03-22 15:25:03,2025-03-22 15:47:06
1803,P-0600,2,2,"P-0600.FI_LO,P-0600.PDI_HI",2025-03-23 15:53:40,2025-03-23 16:05:33
1804,P-0600,2,2,"P-0600.PI_HI,P-0600.II_HI",2025-03-29 16:54:43,2025-03-29 17:09:03
1805,P-0600,2,2,"P-0600.PI_HI,P-0600.II_HI",2025-04-01 20:04:04,2025-04-01 20:23:40
1806,P-0600,2,2,"P-0600.PDI_HI,P-0600.TI_HI",2025-04-02 09:04:07,2025-04-02 09:23:22
1807,P-0600,2,2,"P-0600.PI_LO,P-0600.PI_HI",2025-04-02 15:37:07,2025-04-02 15:55:45
1808,P-0600,2,2,"P-0600.II_HI,P-0600.VI_HI",2025-04-02 22:39:39,2025-04-02 22:46:56
1809,P-0600,2,2,"P-0600.PDI_HI,P-0600.FI_LO",2025-04-06 05:02:34,2025-04-06 05:08:31
1810,P-0600,2,2,"P-0600.VI_HI,P-0600.II_HI",2025-04-07 20:47:54,2025-04-07 21:12:33
1811,P-0600,2,2,"P-0600.TI_HI,P-0600.PDI_HI",2025-04-08 13:19:40,2025-04-08 13:46:46
1812,P-0600,2,2,"P-0600.SI_LO,P-0600.TI_HI",2025-04-10 11:13:22,2025-04-10 11:28:03
1813,P-0600,2,2,"P-0600.FI_LO,P-0600.PI_LO",2025-04-11 13:36:58,2025-04-11 13:46:33
1814,P-0600,3,3,"P-0600.PDI_HI,P-0600.PI_LO,P-0600.II_HI",2025-04-14 22:53:01,2025-04-14 23:07:44
1815,P-0600,2,2,"P-0600.TI_HI,P-0600.SI_LO",2025-04-18 12:13:18,2025-04-18 12:27:20
1816,P-0600,2,2,"P-0600.TI_HI,P-0600.PI_LO",2025-04-19 11:48:07,2025-04-19 12:02:29
1817,P-0600,2,3,"P-0600.SI_LO,P-0600.PI_HI",2025-04-19 16:48:11,2025-04-19 17:12:07
1818,P-0600,2,2,"P-0600.SI_LO,P-0600.TI_HI",2025-04-22 18:16:47,2025-04-22 18:28:18
1819,P-0600,2,2,"P-0600.FI_LO,P-0600.SI_LO",2025-04-25 06:56:50,2025-04-25 07:00:00
1820,P-0600,2,2,"P-0600.PI_LO,P-0600.TI_HI",2025-04-25 14:37:26,2025-04-25 15:04:28
1821,P-0600,3,3,"P-0600.SI_LO,P-0600.TI_HI,P-0600.PI_HI",2025-04-27 23:17:46,2025-04-27 23:38:10
1822,P-0600,3,3,"P-0600.VI_HI,P-0600.PI_LO,P-0600.II_HI",2025-05-05 12:23:51,2025-05-05 12:40:28
1823,P-0600,4,4,"P-0600.TI_HI,P-0600.PI_LO,P-0600.SI_LO,P-0600.PI_HI",2025-05-08 06:34:24,2025-05-08 07:20:14
1824,P-0600,2,2,"P-0600.FI_LO,P-0600.SI_LO",2025-05-09 04:46:58,2025-05-09 05:07:08
1825,P-0600,3,5,"P-0600.VI_HI,P-0600.SI_LO,P-0600.PDI_HI",2025-05-11 12:46:12,2025-05-11 14:02:58
1826,P-0600,2,2,"P-0600.PI_LO,P-0600.PDI_HI",2025-05-12 12:04:59,2025-05-12 12:18:26
1827,P-0600,2,2,"P-0600.PDI_HI,P-0600.PI_LO",2025-05-12 15:15:41,2025-05-12 15:32:58
1828,P-0600,2,2,"P-0600.SI_LO,P-0600.II_HI",2025-05-13 21:09:24,2025-05-13 21:10:59
1829,P-0600,2,2,"P-0600.TI_HI,P-0600.SI_LO",2025-05-14 17:45:59,2025-05-14 17:55:32
1830,P-0600,2,2,"P-0600.SI_LO,P-0600.FI_LO",2025-05-14 18:55:23,2025-05-14 19:01:34
1831,P-0600,2,2,"P-0600.PDI_HI,P-0600.SI_LO",2025-05-16 18:43:22,2025-05-16 19:09:49
1832,P-0600,2,2,"P-0600.II_HI,P-0600.VI_HI",2025-05-16 20:40:15,2025-05-16 20:50:08
1833,P-0600,2,2,"P-0600.FI_LO,P-0600.TI_HI",2025-05-17 18:53:30,2025-05-17 18:56:46
1834,P-0600,2,2,"P-0600.PI_HI,P-0600.VI_HI",2025-05-18 18:11:35,2025-05-18 18:21:26
1835,P-0600,3,3,"P-0600.PI_HI,P-0600.SI_LO,P-0600.VI_HI",2025-05-20 14:01:10,2025-05-20 14:22:17
1836,P-0600,2,3,"P-0600.PI_LO,P-0600.PI_HI",2025-05-26 23:16:35,2025-05-26 23:44:15
1837,P-0600,2,2,"P-0600.FI_LO,P-0600.PI_HI",2025-05-27 19:14:11,2025-05-27 19:14:51
1838,P-0600,2,3,"P-0600.FI_LO,P-0600.PDI_HI",2025-05-29 11:20:08,2025-05-29 11:47:57
1839,P-0600,2,2,"P-0600.II_HI,P-0600.PI_HI",2025-05-30 12:37:16,2025-05-30 12:47:29
1840,P-0600,2,2,"P-0600.II_HI,P-0600.SI_LO",2025-05-30 20:07:52,2025-05-30 20:21:05
1841,P-0600,3,3,"P-0600.SI_LO,P-0600.FI_LO,P-0600.TI_HI",2025-05-31 13:28:38,2025-05-31 13:54:43
1842,P-0600,2,2,"P-0600.PI_HI,P-0600.II_HI",2025-06-02 08:42:41,2025-06-02 09:05:01
1843,P-0600,2,2,"P-0600.PI_LO,P-0600.TI_HI",2025-06-05 19:54:19,2025-06-05 19:57:27
1844,P-0600,2,2,"P-0600.TI_HI,P-0600.SI_LO",2025-06-05 23:05:19,2025-06-05 23:21:31
1845,P-0600,2,2,"P-0600.TI_HI,P-0600.SI_LO",2025-06-07 18:32:43,2025-06-07 18:50:50
1846,P-0600,2,2,"P-0600.FI_LO,P-0600.PI_HI",2025-06-10 18:29:47,2025-06-10 18:41:25
1847,P-0600,2,2,"P-0600.FI_LO,P-0600.PDI_HI",2025-06-11 09:34:07,2025-06-11 10:00:47
1848,P-0600,2,2,"P-0600.PDI_HI,P-0600.TI_HI",2025-06-11 19:45:50,2025-06-11 19:52:00
1849,P-0600,3,3,"P-0600.VI_HI,P-0600.FI_LO,P-0600.PDI_HI",2025-06-12 09:40:28,2025-06-12 10:05:21
1850,P-0600,2,2,"P-0600.TI_HI,P-0600.PI_HI",2025-06-12 16:33:00,2025-06-12 16:34:55
1851,P-0600,2,3,"P-0600.FI_LO,P-0600.II_HI",2025-06-16 10:54:43,2025-06-16 11:26:27
1852,P-0600,2,2,"P-0600.FI_LO,P-0600.PI_LO",2025-06-16 19:11:31,2025-06-16 19:30:36
1853,P-0600,2,2,"P-0600.TI_HI,P-0600.VI_HI",2025-06-20 11:37:18,2025-06-20 11:37:42
1854,P-0600,2,2,"P-0600.PI_HI,P-0600.FI_LO",2025-06-20 23:02:47,2025-06-20 23:12:27
1855,P-0600,2,2,"P-0600.PDI_HI,P-0600.FI_LO",2025-06-22 18:36:14,2025-06-22 18:44:31
1856,P-0600,2,2,"P-0600.PI_LO,P-0600.PI_HI",2025-06-26 17:57:33,2025-06-26 18:01:43
1857,P-0600,2,2,"P-0600.II_HI,P-0600.PI_HI",2025-06-27 13:18:36,2025-06-27 13:47:50
1858,P-0600,2,2,"P-0600.PI_HI,P-0600.FI_LO",2025-06-29 06:02:28,2025-06-29 06:17:12
1859,P-0600,2,2,"P-0600.PI_LO,P-0600.SI_LO",2025-07-02 17:08:37,2025-07-02 17:19:20
1860,P-0600,2,2,"P-0600.TI_HI,P-0600.PI_HI",2025-07-02 22:58:58,2025-07-02 23:10:42
1861,P-0600,2,2,"P-0600.TI_HI,P-0600.FI_LO",2025-07-03 15:14:54,2025-07-03 15:15:26
1862,P-0600,2,2,"P-0600.TI_HI,P-0600.FI_LO",2025-07-04 12:20:57,2025-07-04 12:50:40
1863,P-0600,2,3,"P-0600.SI_LO,P-0600.PI_LO",2025-07-05 11:36:52,2025-07-05 11:53:41
1864,P-0600,2,2,"P-0600.PI_HI,P-0600.FI_LO",2025-07-05 15:08:09,2025-07-05 15:14:51
1865,P-0600,2,2,"P-0600.SI_LO,P-0600.TI_HI",2025-07-06 08:24:43,2025-07-06 08:45:39
1866,P-0600,2,2,"P-0600.PI_LO,P-0600.VI_HI",2025-07-09 12:03:57,2025-07-09 12:29:44
1867,P-0600,2,2,"P-0600.PI_HI,P-0600.PI_LO",2025-07-10 07:44:58,2025-07-10 07:56:29
1868,P-0600,2,2,"P-0600.PI_HI,P-0600.SI_LO",2025-07-11 06:11:30,2025-07-11 06:14:03
1869,P-0600,2,2,"P-0600.FI_LO,P-0600.PI_LO",2025-07-14 10:41:57,2025-07-14 10:56:57
1870,P-0600,2,2,"P-0600.PI_HI,P-0600.FI_LO",2025-07-16 11:29:07,2025-07-16 11:44:12
1871,P-0600,2,2,"P-0600.FI_LO,P-0600.VI_HI",2025-07-17 08:42:02,2025-07-17 08:48:08
1872,P-0600,2,2,"P-0600.PI_LO,P-0600.FI_LO",2025-07-21 19:34:07,2025-07-21 19:34:38
1873,P-0600,2,2,"P-0600.TI_HI,P-0600.PDI_HI",2025-07-22 08:19:46,2025-07-22 08:48:10
1874,P-0600,2,2,"P-0600.TI_HI,P-0600.VI_HI",2025-07-25 13:17:36,2025-07-25 13:36:53
1875,P-0600,3,3,"P-0600.VI_HI,P-0600.PDI_HI,P-0600.PI_LO",2025-07-26 09:34:47,2025-07-26 10:12:05
1876,P-0600,2,2,"P-0600.PI_HI,P-0600.PI_LO",2025-07-28 23:57:04,2025-07-28 23:57:11
1877,P-0600,2,2,"P-0600.SI_LO,P-0600.PDI_HI",2025-07-29 12:01:05,2025-07-29 12:13:12
1878,P-0600,3,3,"P-0600.II_HI,P-0600.PI_HI,P-0600.PI_LO",2025-07-31 19:31:44,2025-07-31 20:00:34
1879,P-0600,2,2,"P-0600.PI_HI,P-0600.PI_LO",2025-08-01 10:44:41,2025-08-01 10:46:53
1880,P-0600,2,2,"P-0600.SI_LO,P-0600.PDI_HI",2025-08-02 12:37:02,2025-08-02 13:00:33
1881,P-0600,2,2,"P-0600.VI_HI,P-0600.II_HI",2025-08-04 15:35:59,2025-08-04 15:45:37
1882,P-0600,2,2,"P-0600.VI_HI,P-0600.PI_LO",2025-08-05 10:11:29,2025-08-05 10:19:20
1883,P-0600,2,2,"P-0600.PI_LO,P-0600.PDI_HI",2025-08-06 21:36:42,2025-08-06 22:06:24
1884,P-0600,2,2,"P-0600.FI_LO,P-0600.PDI_HI",2025-08-09 13:47:58,2025-08-09 13:49:16
1885,P-0600,2,2,"P-0600.SI_LO,P-0600.PI_HI",2025-08-09 23:34:30,2025-08-09 23:37:38
1886,P-0600,3,4,"P-0600.TI_HI,P-0600.VI_HI,P-0600.FI_LO",2025-08-10 12:48:15,2025-08-10 13:39:57
1887,P-0600,3,3,"P-0600.SI_LO,P-0600.PDI_HI,P-0600.PI_LO",2025-08-10 17:07:10,2025-08-10 17:20:13
1888,P-0600,3,3,"P-0600.SI_LO,P-0600.PI_HI,P-0600.PI_LO",2025-08-12 06:01:10,2025-08-12 06:11:33
1889,P-0600,2,2,"P-0600.TI_HI,P-0600.FI_LO",2025-08-16 05:50:18,2025-08-16 06:07:14
1890,P-0600,2,2,"P-0600.VI_HI,P-0600.FI_LO",2025-08-17 09:39:11,2025-08-17 09:49:10
1891,P-0600,2,3,"P-0600.FI_LO,P-0600.VI_HI",2025-08-19 11:27:01,2025-08-19 11:44:59
1892,P-0600,2,2,"P-0600.II_HI,P-0600.FI_LO",2025-08-21 10:21:50,2025-08-21 10:37:50
1893,P-0600,2,2,"P-0600.PI_HI,P-0600.SI_LO",2025-08-21 12:01:55,2025-08-21 12:18:43
1894,P-0600,2,2,"P-0600.TI_HI,P-0600.PI_HI",2025-08-21 13:55:45,2025-08-21 14:10:30
1895,P-0600,2,2,"P-0600.PI_HI,P-0600.VI_HI",2025-08-21 17:16:27,2025-08-21 17:32:19
1896,P-0600,2,2,"P-0600.PDI_HI,P-0600.VI_HI",2025-08-22 05:11:20,2025-08-22 05:31:45
1897,P-0600,2,2,"P-0600.PDI_HI,P-0600.FI_LO",2025-08-22 14:30:44,2025-08-22 14:41:40
1898,P-0600,3,3,"P-0600.FI_LO,P-0600.PI_HI,P-0600.SI_LO",2025-08-27 05:01:25,2025-08-27 05:33:24
1899,P-0600,2,2,"P-0600.PI_LO,P-0600.PI_HI",2025-08-27 12:01:45,2025-08-27 12:22:36
1900,P-0600,3,3,"P-0600.SI_LO,P-0600.VI_HI,P-0600.PI_LO",2025-08-30 13:55:47,2025-08-30 14:24:14
1901,P-0600,2,2,"P-0600.SI_LO,P-0600.FI_LO",2025-08-31 10:43:53,2025-08-31 10:52:41
1902,P-0600,2,2,"P-0600.II_HI,P-0600.FI_LO",2025-08-31 13:14:04,2025-08-31 13:30:27
1903,P-0600,2,2,"P-0600.SI_LO,P-0600.PI_HI",2025-08-31 19:07:37,2025-08-31 19:34:19
1904,P-0600,2,2,"P-0600.TI_HI,P-0600.PI_HI",2025-09-03 15:39:03,2025-09-03 15:55:15
1905,P-0600,2,2,"P-0600.VI_HI,P-0600.SI_LO",2025-09-04 19:01:29,2025-09-04 19:30:04
1906,P-0600,2,2,"P-0600.PDI_HI,P-0600.TI_HI",2025-09-06 14:48:16,2025-09-06 14:50:45
1907,P-0600,2,2,"P-0600.II_HI,P-0600.TI_HI",2025-09-09 05:58:56,2025-09-09 06:19:29
1908,P-0600,2,2,"P-0600.PI_LO,P-0600.PDI_HI",2025-09-10 17:34:48,2025-09-10 17:36:45
1909,P-0600,2,2,"P-0600.TI_HI,P-0600.VI_HI",2025-09-15 14:33:47,2025-09-15 14:44:57
1910,P-0600,2,2,"P-0600.FI_LO,P-0600.PDI_HI",2025-09-16 08:49:46,2025-09-16 08:53:59
1911,P-0600,2,2,"P-0600.SI_LO,P-0600.II_HI",2025-09-17 21:08:29,2025-09-17 21:16:18
1912,P-0600,2,3,"P-0600.PDI_HI,P-0600.SI_LO",2025-09-19 11:07:36,2025-09-19 11:21:13
1913,P-0600,2,2,"P-0600.PDI_HI,P-0600.PI_LO",2025-09-20 10:13:14,2025-09-20 10:25:32
1914,P-0600,3,3,"P-0600.VI_HI,P-0600.PI_HI,P-0600.PDI_HI",2025-09-20 13:49:33,2025-09-20 14:12:03
1915,P-0600,2,2,"P-0600.TI_HI,P-0600.PDI_HI",2025-09-21 06:50:58,2025-09-21 06:51:29
1916,P-0600,2,2,"P-0600.SI_LO,P-0600.VI_HI",2025-09-21 17:45:27,2025-09-21 17:52:58
1917,P-0600,2,2,"P-0600.SI_LO,P-0600.FI_LO",2025-09-24 15:06:43,2025-09-24 15:31:19
1918,P-0600,2,2,"P-0600.SI_LO,P-0600.PI_LO",2025-09-24 21:56:06,2025-09-24 22:07:41
1919,P-0600,2,2,"P-0600.PI_LO,P-0600.PI_HI",2025-09-26 07:39:43,2025-09-26 07:57:00
1920,P-0600,2,2,"P-0600.PDI_HI,P-0600.FI_LO",2025-09-26 15:55:24,2025-09-26 16:00:22
1921,P-0600,2,2,"P-0600.PI_HI,P-0600.PI_LO",2025-10-01 09:27:46,2025-10-01 09:50:53
1922,P-0600,2,2,"P-0600.PI_HI,P-0600.PI_LO",2025-10-01 14:52:01,2025-10-01 14:55:02
1923,P-0600,2,2,"P-0600.PI_HI,P-0600.TI_HI",2025-10-04 12:02:35,2025-10-04 12:20:38
1924,P-0600,2,2,"P-0600.PI_LO,P-0600.PDI_HI",2025-10-06 13:36:59,2025-10-06 13:47:39
1925,P-0600,2,2,"P-0600.PI_HI,P-0600.FI_LO",2025-10-07 10:36:49,2025-10-07 11:06:41
1926,P-0600,2,2,"P-0600.II_HI,P-0600.FI_LO",2025-10-07 15:13:15,2025-10-07 15:22:44
1927,P-0600,2,2,"P-0600.II_HI,P-0600.PI_LO",2025-10-08 14:04:00,2025-10-08 14:28:29
1928,P-0600,2,2,"P-0600.TI_HI,P-0600.PI_HI",2025-10-09 12:43:01,2025-10-09 13:03:56
1929,P-0600,2,2,"P-0600.II_HI,P-0600.VI_HI",2025-10-09 20:29:26,2025-10-09 20:29:34
1930,P-0600,3,3,"P-0600.FI_LO,P-0600.VI_HI,P-0600.II_HI",2025-10-13 13:46:36,2025-10-13 14:18:15
1931,P-0600,2,2,"P-0600.PI_LO,P-0600.SI_LO",2025-10-18 12:23:21,2025-10-18 12:31:26
1932,P-0600,2,2,"P-0600.FI_LO,P-0600.SI_LO",2025-10-21 17:26:14,2025-10-21 17:36:44
1933,P-0600,2,2,"P-0600.PI_HI,P-0600.FI_LO",2025-10-22 18:22:37,2025-10-22 18:26:11
1934,P-0600,2,2,"P-0600.II_HI,P-0600.PDI_HI",2025-10-22 22:50:38,2025-10-22 23:09:50
1935,P-0600,2,2,"P-0600.FI_LO,P-0600.PI_LO",2025-10-24 14:23:59,2025-10-24 14:24:10
1936,P-0600,2,2,"P-0600.VI_HI,P-0600.PI_LO",2025-10-25 19:16:58,2025-10-25 19:25:54
1937,P-0600,2,2,"P-0600.VI_HI,P-0600.SI_LO",2025-10-25 23:22:12,2025-10-25 23:43:13
1938,P-0600,2,2,"P-0600.II_HI,P-0600.PDI_HI",2025-10-29 17:17:23,2025-10-29 17:46:23
1939,P-0600,2,2,"P-0600.PI_LO,P-0600.PI_HI",2025-10-31 09:13:42,2025-10-31 09:23:33
1940,P-0600,2,2,"P-0600.II_HI,P-0600.PI_HI",2025-10-31 10:38:32,2025-10-31 10:42:37
1941,P-0600,2,2,"P-0600.II_HI,P-0600.PI_HI",2025-11-02 14:43:27,2025-11-02 15:10:04
1942,P-0600,2,2,"P-0600.FI_LO,P-0600.PI_HI",2025-11-04 10:34:10,2025-11-04 11:03:08
1943,P-0600,3,3,"P-0600.PI_LO,P-0600.VI_HI,P-0600.PDI_HI",2025-11-04 23:16:41,2025-11-04 23:42:53
1944,P-0600,2,2,"P-0600.PI_HI,P-0600.FI_LO",2025-11-10 10:03:29,2025-11-10 10:29:44
1945,P-0600,2,2,"P-0600.PDI_HI,P-0600.SI_LO",2025-11-11 16:28:01,2025-11-11 16:28:12
1946,P-0600,2,2,"P-0600.PI_LO,P-0600.TI_HI",2025-11-12 12:06:40,2025-11-12 12:32:27
1947,P-0600,2,2,"P-0600.II_HI,P-0600.TI_HI",2025-11-14 14:38:50,2025-11-14 14:52:09
1948,P-0600,2,2,"P-0600.PDI_HI,P-0600.VI_HI",2025-11-14 15:47:09,2025-11-14 16:10:40
1949,P-0600,4,5,"P-0600.PI_LO,P-0600.VI_HI,P-0600.FI_LO,P-0600.TI_HI",2025-11-17 07:57:44,2025-11-17 09:12:12
1950,P-0600,2,2,"P-0600.II_HI,P-0600.FI_LO",2025-11-20 13:10:54,2025-11-20 13:39:16
1951,P-0600,2,4,"P-0600.VI_HI,P-0600.II_HI",2025-11-20 15:29:04,2025-11-20 16:13:25
1952,P-0600,2,2,"P-0600.PI_LO,P-0600.II_HI",2025-11-22 06:38:16,2025-11-22 07:01:58
1953,P-0600,2,2,"P-0600.FI_LO,P-0600.PI_HI",2025-11-22 09:20:47,2025-11-22 09:37:06
1954,P-0600,2,2,"P-0600.PI_LO,P-0600.TI_HI",2025-11-23 09:26:49,2025-11-23 09:51:27
1955,P-0600,2,2,"P-0600.SI_LO,P-0600.FI_LO",2025-11-25 02:36:04,2025-11-25 02:47:14
1956,P-0600,2,2,"P-0600.FI_LO,P-0600.VI_HI",2025-11-26 13:20:50,2025-11-26 13:39:28
1957,P-0600,2,2,"P-0600.VI_HI,P-0600.FI_LO",2025-11-29 10:14:30,2025-11-29 10:24:18
1958,P-0600,4,4,"P-0600.SI_LO,P-0600.PDI_HI,P-0600.TI_HI,P-0600.VI_HI",2025-12-01 10:32:35,2025-12-01 11:23:26
1959,P-0600,2,2,"P-0600.VI_HI,P-0600.TI_HI",2025-12-01 19:10:17,2025-12-01 19:37:23
1960,P-0600,2,2,"P-0600.TI_HI,P-0600.FI_LO",2025-12-05 10:08:21,2025-12-05 10:26:20
1961,P-0600,2,2,"P-0600.VI_HI,P-0600.PI_LO",2025-12-05 15:13:21,2025-12-05 15:23:06
1962,P-0600,2,2,"P-0600.PI_HI,P-0600.PDI_HI",2025-12-06 10:31:31,2025-12-06 10:42:39
1963,P-0600,2,2,"P-0600.PI_HI,P-0600.PDI_HI",2025-12-07 22:19:56,2025-12-07 22:46:25
1964,P-0600,2,2,"P-0600.TI_HI,P-0600.PI_LO",2025-12-08 10:41:43,2025-12-08 10:43:53
1965,P-0600,2,3,"P-0600.II_HI,P-0600.PI_HI",2025-12-09 22:44:19,2025-12-09 23:21:10
1966,P-0600,2,2,"P-0600.II_HI,P-0600.VI_HI",2025-12-11 07:35:51,2025-12-11 08:01:05
1967,P-0600,2,2,"P-0600.SI_LO,P-0600.PI_HI",2025-12-12 14:32:55,2025-12-12 14:45:57
1968,P-0600,2,2,"P-0600.PI_LO,P-0600.II_HI",2025-12-13 15:39:23,2025-12-13 16:01:41
1969,P-0600,2,2,"P-0600.PDI_HI,P-0600.FI_LO",2025-12-14 12:52:39,2025-12-14 13:12:28
1970,P-0600,2,2,"P-0600.TI_HI,P-0600.PI_LO",2025-12-15 11:46:42,2025-12-15 12:12:58
1971,P-0600,2,3,"P-0600.TI_HI,P-0600.II_HI",2025-12-17 14:47:21,2025-12-17 15:21:41
1972,P-0600,2,2,"P-0600.PI_HI,P-0600.TI_HI",2025-12-18 10:16:11,2025-12-18 10:21:19
1973,P-0600,3,3,"P-0600.FI_LO,P-0600.VI_HI,P-0600.SI_LO",2025-12-18 15:06:54,2025-12-18 15:15:56
1974,P-0600,2,2,"P-0600.FI_LO,P-0600.PDI_HI",2025-12-18 23:35:49,2025-12-18 23:36:29
1975,P-0600,2,2,"P-0600.SI_LO,P-0600.II_HI",2025-12-21 23:10:02,2025-12-21 23:14:46
1976,P-0600,2,2,"P-0600.PI_LO,P-0600.PI_HI",2025-12-23 05:29:34,2025-12-23 05:45:28
1977,P-0600,2,3,"P-0600.FI_LO,P-0600.PI_HI",2025-12-23 19:22:41,2025-12-23 19:35:46
1978,P-0600,2,2,"P-0600.FI_LO,P-0600.TI_HI",2025-12-24 16:32:04,2025-12-24 16:33:25
1979,P-0600,2,2,"P-0600.FI_LO,P-0600.TI_HI",2025-12-25 15:52:16,2025-12-25 15:55:19
1980,P-0600,2,2,"P-0600.FI_LO,P-0600.PI_LO",2025-12-28 11:33:48,2025-12-28 11:48:55
1981,P-0600,2,2,"P-0600.SI_LO,P-0600.TI_HI",2025-12-30 15:46:44,2025-12-30 15:54:15
1982,P-0600,2,2,"P-0600.TI_HI,P-0600.VI_HI",2025-12-30 18:52:07,2025-12-30 19:10:23
1983,P-0600,2,2,"P-0600.PI_HI,P-0600.SI_LO",2025-12-31 13:12:49,2025-12-31 13:34:05
1984,P-0800,2,2,"P-0800.II_HI,P-0800.TI_HI",2025-01-02 12:34:45,2025-01-02 12:54:52
1985,P-0800,2,2,"P-0800.TI_HI,P-0800.FI_LO",2025-01-02 19:37:09,2025-01-02 20:01:18
1986,P-0800,2,2,"P-0800.PI_LO,P-0800.PDI_HI",2025-01-05 14:15:59,2025-01-05 14:19:20
1987,P-0800,2,2,"P-0800.TI_HI,P-0800.FI_LO",2025-01-08 06:32:55,2025-01-08 06:37:21
1988,P-0800,2,2,"P-0800.II_HI,P-0800.VI_HI",2025-01-09 09:24:50,2025-01-09 09:52:36
1989,P-0800,2,2,"P-0800.TI_HI,P-0800.VI_HI",2025-01-11 21:15:15,2025-01-11 21:18:41
1990,P-0800,2,2,"P-0800.SI_LO,P-0800.PI_HI",2025-01-13 19:53:52,2025-01-13 20:21:42
1991,P-0800,2,2,"P-0800.VI_HI,P-0800.SI_LO",2025-01-15 11:14:53,2025-01-15 11:15:36
1992,P-0800,2,2,"P-0800.TI_HI,P-0800.PDI_HI",2025-01-16 10:49:29,2025-01-16 10:56:10
1993,P-0800,2,2,"P-0800.PI_HI,P-0800.FI_LO",2025-01-16 18:50:22,2025-01-16 18:57:17
1994,P-0800,2,2,"P-0800.II_HI,P-0800.TI_HI",2025-01-17 13:07:59,2025-01-17 13:21:47
1995,P-0800,2,2,"P-0800.FI_LO,P-0800.PI_HI",2025-01-19 11:21:03,2025-01-19 11:44:51
1996,P-0800,2,2,"P-0800.FI_LO,P-0800.VI_HI",2025-01-21 10:24:07,2025-01-21 10:35:30
1997,P-0800,2,3,"P-0800.PDI_HI,P-0800.VI_HI",2025-01-22 17:01:35,2025-01-22 17:31:44
1998,P-0800,2,2,"P-0800.FI_LO,P-0800.PI_LO",2025-01-23 11:51:15,2025-01-23 12:02:21
1999,P-0800,3,3,"P-0800.PI_LO,P-0800.TI_HI,P-0800.VI_HI",2025-01-25 19:55:28,2025-01-25 20:26:56
2000,P-0800,2,2,"P-0800.PDI_HI,P-0800.VI_HI",2025-01-27 03:34:26,2025-01-27 03:38:21
2001,P-0800,2,2,"P-0800.TI_HI,P-0800.SI_LO",2025-01-27 16:11:58,2025-01-27 16:36:45
2002,P-0800,2,2,"P-0800.PI_LO,P-0800.SI_LO",2025-01-28 10:17:37,2025-01-28 10:35:31
2003,P-0800,2,2,"P-0800.PI_LO,P-0800.SI_LO",2025-01-28 16:30:09,2025-01-28 16:54:44
2004,P-0800,2,2,"P-0800.PI_LO,P-0800.VI_HI",2025-01-30 06:50:43,2025-01-30 07:16:31
2005,P-0800,2,2,"P-0800.PI_LO,P-0800.SI_LO",2025-02-01 05:17:57,2025-02-01 05:24:34
2006,P-0800,2,2,"P-0800.TI_HI,P-0800.PI_LO",2025-02-01 11:07:56,2025-02-01 11:16:59
2007,P-0800,2,2,"P-0800.PI_HI,P-0800.PDI_HI",2025-02-01 19:24:44,2025-02-01 19:51:47
2008,P-0800,2,2,"P-0800.II_HI,P-0800.PI_HI",2025-02-03 16:41:00,2025-02-03 17:06:59
2009,P-0800,2,2,"P-0800.PI_HI,P-0800.TI_HI",2025-02-04 13:48:37,2025-02-04 14:17:43
2010,P-0800,2,2,"P-0800.II_HI,P-0800.FI_LO",2025-02-05 23:22:03,2025-02-05 23:51:10
2011,P-0800,2,2,"P-0800.VI_HI,P-0800.PI_LO",2025-02-06 16:27:33,2025-02-06 16:48:14
2012,P-0800,2,2,"P-0800.TI_HI,P-0800.SI_LO",2025-02-07 10:15:53,2025-02-07 10:23:57
2013,P-0800,2,2,"P-0800.PI_HI,P-0800.VI_HI",2025-02-08 09:57:57,2025-02-08 10:10:57
2014,P-0800,3,3,"P-0800.II_HI,P-0800.PI_HI,P-0800.VI_HI",2025-02-08 23:32:08,2025-02-08 23:44:06
2015,P-0800,2,3,"P-0800.VI_HI,P-0800.TI_HI",2025-02-09 10:31:44,2025-02-09 10:55:08
2016,P-0800,2,2,"P-0800.SI_LO,P-0800.PI_LO",2025-02-11 17:03:34,2025-02-11 17:05:15
2017,P-0800,2,2,"P-0800.SI_LO,P-0800.TI_HI",2025-02-12 08:47:14,2025-02-12 09:11:48
2018,P-0800,2,2,"P-0800.TI_HI,P-0800.PI_LO",2025-02-13 22:40:45,2025-02-13 23:05:06
2019,P-0800,2,3,"P-0800.II_HI,P-0800.FI_LO",2025-02-17 11:06:35,2025-02-17 11:49:36
2020,P-0800,3,3,"P-0800.VI_HI,P-0800.PI_HI,P-0800.PI_LO",2025-02-20 09:53:32,2025-02-20 10:18:10
2021,P-0800,2,2,"P-0800.PDI_HI,P-0800.PI_LO",2025-02-22 15:27:25,2025-02-22 15:49:00
2022,P-0800,2,2,"P-0800.PI_LO,P-0800.TI_HI",2025-02-22 19:49:24,2025-02-22 20:18:55
2023,P-0800,2,2,"P-0800.SI_LO,P-0800.PI_LO",2025-02-23 13:50:42,2025-02-23 14:08:28
2024,P-0800,2,2,"P-0800.PDI_HI,P-0800.II_HI",2025-02-24 23:11:06,2025-02-24 23:29:20
2025,P-0800,2,2,"P-0800.SI_LO,P-0800.TI_HI",2025-02-26 23:33:57,2025-02-26 23:35:58
2026,P-0800,3,3,"P-0800.PDI_HI,P-0800.PI_HI,P-0800.TI_HI",2025-02-27 17:39:25,2025-02-27 18:27:47
2027,P-0800,2,2,"P-0800.TI_HI,P-0800.II_HI",2025-03-01 14:13:41,2025-03-01 14:21:47
2028,P-0800,2,2,"P-0800.PI_LO,P-0800.II_HI",2025-03-02 11:55:01,2025-03-02 12:22:08
2029,P-0800,2,2,"P-0800.FI_LO,P-0800.PI_LO",2025-03-02 13:00:06,2025-03-02 13:01:20
2030,P-0800,2,2,"P-0800.VI_HI,P-0800.PDI_HI",2025-03-02 16:26:41,2025-03-02 16:55:10
2031,P-0800,2,2,"P-0800.TI_HI,P-0800.PI_LO",2025-03-04 17:40:57,2025-03-04 18:08:56
2032,P-0800,2,2,"P-0800.II_HI,P-0800.PDI_HI",2025-03-05 16:28:27,2025-03-05 16:41:02
2033,P-0800,2,2,"P-0800.TI_HI,P-0800.PI_HI",2025-03-05 18:42:19,2025-03-05 18:50:21
2034,P-0800,2,2,"P-0800.TI_HI,P-0800.PDI_HI",2025-03-06 15:43:41,2025-03-06 16:12:10
2035,P-0800,2,2,"P-0800.PI_HI,P-0800.TI_HI",2025-03-06 23:24:44,2025-03-06 23:45:09
2036,P-0800,2,2,"P-0800.SI_LO,P-0800.PI_HI",2025-03-07 19:51:04,2025-03-07 20:08:55
2037,P-0800,2,2,"P-0800.PI_LO,P-0800.VI_HI",2025-03-10 11:48:27,2025-03-10 11:54:51
2038,P-0800,2,2,"P-0800.VI_HI,P-0800.SI_LO",2025-03-11 12:25:04,2025-03-11 12:28:41
2039,P-0800,2,2,"P-0800.PI_LO,P-0800.VI_HI",2025-03-11 14:17:43,2025-03-11 14:21:32
2040,P-0800,2,2,"P-0800.PDI_HI,P-0800.TI_HI",2025-03-14 12:20:27,2025-03-14 12:24:06
2041,P-0800,2,2,"P-0800.PI_HI,P-0800.VI_HI",2025-03-16 15:09:05,2025-03-16 15:12:02
2042,P-0800,2,3,"P-0800.FI_LO,P-0800.SI_LO",2025-03-19 10:10:56,2025-03-19 10:35:49
2043,P-0800,2,2,"P-0800.PI_HI,P-0800.FI_LO",2025-03-19 14:01:08,2025-03-19 14:06:40
2044,P-0800,2,2,"P-0800.SI_LO,P-0800.PI_LO",2025-03-20 14:05:10,2025-03-20 14:18:22
2045,P-0800,2,2,"P-0800.PI_LO,P-0800.VI_HI",2025-03-24 14:09:03,2025-03-24 14:10:32
2046,P-0800,2,2,"P-0800.SI_LO,P-0800.TI_HI",2025-03-24 16:50:13,2025-03-24 16:58:41
2047,P-0800,2,2,"P-0800.II_HI,P-0800.FI_LO",2025-03-25 23:14:58,2025-03-25 23:27:32
2048,P-0800,2,2,"P-0800.PI_HI,P-0800.SI_LO",2025-03-27 09:53:42,2025-03-27 09:57:39
2049,P-0800,2,2,"P-0800.SI_LO,P-0800.II_HI",2025-03-29 15:21:45,2025-03-29 15:31:53
2050,P-0800,2,2,"P-0800.SI_LO,P-0800.PDI_HI",2025-03-29 20:04:18,2025-03-29 20:29:30
2051,P-0800,2,2,"P-0800.TI_HI,P-0800.PDI_HI",2025-03-30 17:03:20,2025-03-30 17:30:26
2052,P-0800,2,3,"P-0800.VI_HI,P-0800.PI_HI",2025-03-31 16:24:38,2025-03-31 16:32:19
2053,P-0800,2,2,"P-0800.FI_LO,P-0800.PI_HI",2025-04-03 23:03:20,2025-04-03 23:22:07
2054,P-0800,2,2,"P-0800.SI_LO,P-0800.PI_HI",2025-04-06 14:37:05,2025-04-06 15:06:25
2055,P-0800,2,2,"P-0800.VI_HI,P-0800.II_HI",2025-04-07 12:19:56,2025-04-07 12:34:42
2056,P-0800,2,2,"P-0800.II_HI,P-0800.PI_LO",2025-04-08 11:21:26,2025-04-08 11:36:07
2057,P-0800,2,2,"P-0800.FI_LO,P-0800.PDI_HI",2025-04-08 17:51:06,2025-04-08 18:15:23
2058,P-0800,2,2,"P-0800.VI_HI,P-0800.PI_LO",2025-04-09 21:16:59,2025-04-09 21:32:44
2059,P-0800,2,2,"P-0800.PI_LO,P-0800.PDI_HI",2025-04-10 14:21:40,2025-04-10 14:37:47
2060,P-0800,2,2,"P-0800.SI_LO,P-0800.II_HI",2025-04-10 23:16:54,2025-04-10 23:40:01
2061,P-0800,2,2,"P-0800.FI_LO,P-0800.II_HI",2025-04-12 11:18:45,2025-04-12 11:23:51
2062,P-0800,2,2,"P-0800.VI_HI,P-0800.II_HI",2025-04-12 19:17:39,2025-04-12 19:21:42
2063,P-0800,2,2,"P-0800.SI_LO,P-0800.PDI_HI",2025-04-13 11:08:35,2025-04-13 11:33:00
2064,P-0800,2,2,"P-0800.II_HI,P-0800.FI_LO",2025-04-15 16:54:01,2025-04-15 17:09:48
2065,P-0800,2,2,"P-0800.II_HI,P-0800.FI_LO",2025-04-16 11:49:21,2025-04-16 12:14:38
2066,P-0800,2,2,"P-0800.II_HI,P-0800.TI_HI",2025-04-18 12:45:01,2025-04-18 12:46:40
2067,P-0800,2,2,"P-0800.SI_LO,P-0800.FI_LO",2025-04-19 01:10:54,2025-04-19 01:33:02
2068,P-0800,2,2,"P-0800.FI_LO,P-0800.PI_LO",2025-04-19 20:07:07,2025-04-19 20:14:53
2069,P-0800,2,2,"P-0800.SI_LO,P-0800.PI_HI",2025-04-22 13:35:15,2025-04-22 13:43:32
2070,P-0800,2,2,"P-0800.II_HI,P-0800.TI_HI",2025-04-22 16:44:23,2025-04-22 16:51:40
2071,P-0800,2,2,"P-0800.FI_LO,P-0800.PI_LO",2025-04-22 19:27:21,2025-04-22 19:37:29
2072,P-0800,2,2,"P-0800.VI_HI,P-0800.SI_LO",2025-04-23 21:31:56,2025-04-23 21:40:54
2073,P-0800,2,2,"P-0800.TI_HI,P-0800.SI_LO",2025-04-26 12:12:30,2025-04-26 12:19:40
2074,P-0800,2,2,"P-0800.SI_LO,P-0800.FI_LO",2025-04-29 20:07:59,2025-04-29 20:12:50
2075,P-0800,2,3,"P-0800.PI_LO,P-0800.PI_HI",2025-04-30 14:02:24,2025-04-30 14:13:39
2076,P-0800,2,2,"P-0800.FI_LO,P-0800.VI_HI",2025-05-02 07:05:29,2025-05-02 07:30:13
2077,P-0800,2,2,"P-0800.II_HI,P-0800.PI_HI",2025-05-03 20:03:49,2025-05-03 20:31:30
2078,P-0800,2,3,"P-0800.II_HI,P-0800.PI_LO",2025-05-04 19:22:53,2025-05-04 19:49:16
2079,P-0800,2,2,"P-0800.SI_LO,P-0800.II_HI",2025-05-06 10:28:17,2025-05-06 10:48:50
2080,P-0800,2,2,"P-0800.TI_HI,P-0800.II_HI",2025-05-06 17:17:32,2025-05-06 17:45:46
2081,P-0800,2,2,"P-0800.TI_HI,P-0800.PI_HI",2025-05-08 10:26:46,2025-05-08 10:47:38
2082,P-0800,2,2,"P-0800.PDI_HI,P-0800.II_HI",2025-05-08 17:01:44,2025-05-08 17:16:00
2083,P-0800,2,2,"P-0800.SI_LO,P-0800.VI_HI",2025-05-09 11:12:27,2025-05-09 11:29:44
2084,P-0800,2,2,"P-0800.PI_HI,P-0800.TI_HI",2025-05-10 22:56:46,2025-05-10 23:18:37
2085,P-0800,2,2,"P-0800.VI_HI,P-0800.PI_LO",2025-05-11 10:46:37,2025-05-11 11:12:00
2086,P-0800,2,2,"P-0800.PI_LO,P-0800.VI_HI",2025-05-11 18:39:53,2025-05-11 18:42:59
2087,P-0800,2,2,"P-0800.PDI_HI,P-0800.PI_HI",2025-05-13 12:16:12,2025-05-13 12:38:23
2088,P-0800,2,2,"P-0800.II_HI,P-0800.PI_LO",2025-05-13 16:29:31,2025-05-13 16:33:20
2089,P-0800,2,2,"P-0800.PI_HI,P-0800.PI_LO",2025-05-17 14:02:41,2025-05-17 14:31:00
2090,P-0800,2,2,"P-0800.FI_LO,P-0800.SI_LO",2025-05-17 23:23:46,2025-05-17 23:28:49
2091,P-0800,2,2,"P-0800.PI_LO,P-0800.PI_HI",2025-05-19 20:20:08,2025-05-19 20:20:41
2092,P-0800,2,2,"P-0800.FI_LO,P-0800.PI_HI",2025-05-22 05:50:30,2025-05-22 06:07:26
2093,P-0800,2,2,"P-0800.II_HI,P-0800.PI_LO",2025-05-23 15:42:20,2025-05-23 15:56:27
2094,P-0800,2,2,"P-0800.TI_HI,P-0800.VI_HI",2025-05-24 22:17:05,2025-05-24 22:38:36
2095,P-0800,3,3,"P-0800.II_HI,P-0800.PDI_HI,P-0800.SI_LO",2025-05-25 10:47:29,2025-05-25 11:23:19
2096,P-0800,2,2,"P-0800.SI_LO,P-0800.II_HI",2025-05-25 14:05:05,2025-05-25 14:24:24
2097,P-0800,2,2,"P-0800.PDI_HI,P-0800.TI_HI",2025-05-26 15:29:37,2025-05-26 15:56:24
2098,P-0800,2,2,"P-0800.TI_HI,P-0800.PI_LO",2025-05-27 11:11:28,2025-05-27 11:26:29
2099,P-0800,2,2,"P-0800.PI_HI,P-0800.VI_HI",2025-05-27 15:29:05,2025-05-27 15:46:26
2100,P-0800,2,2,"P-0800.FI_LO,P-0800.PI_HI",2025-05-28 18:50:34,2025-05-28 18:53:23
2101,P-0800,3,3,"P-0800.II_HI,P-0800.FI_LO,P-0800.VI_HI",2025-05-30 10:39:29,2025-05-30 10:58:09
2102,P-0800,2,2,"P-0800.PI_HI,P-0800.FI_LO",2025-06-01 16:45:39,2025-06-01 16:54:55
2103,P-0800,2,2,"P-0800.TI_HI,P-0800.PI_LO",2025-06-02 15:54:27,2025-06-02 16:17:38
2104,P-0800,2,2,"P-0800.PDI_HI,P-0800.SI_LO",2025-06-05 12:17:51,2025-06-05 12:36:50
2105,P-0800,3,3,"P-0800.VI_HI,P-0800.TI_HI,P-0800.II_HI",2025-06-08 16:03:44,2025-06-08 16:46:10
2106,P-0800,2,2,"P-0800.II_HI,P-0800.VI_HI",2025-06-13 11:27:56,2025-06-13 11:56:03
2107,P-0800,2,2,"P-0800.II_HI,P-0800.FI_LO",2025-06-18 13:17:16,2025-06-18 13:20:38
2108,P-0800,2,2,"P-0800.TI_HI,P-0800.II_HI",2025-06-21 11:26:13,2025-06-21 11:37:34
2109,P-0800,2,2,"P-0800.SI_LO,P-0800.PI_HI",2025-06-22 06:38:50,2025-06-22 06:44:12
2110,P-0800,2,2,"P-0800.SI_LO,P-0800.PDI_HI",2025-06-22 15:29:15,2025-06-22 15:53:04
2111,P-0800,2,2,"P-0800.FI_LO,P-0800.VI_HI",2025-06-22 17:55:29,2025-06-22 18:19:29
2112,P-0800,2,3,"P-0800.TI_HI,P-0800.VI_HI",2025-06-23 13:49:53,2025-06-23 13:57:24
2113,P-0800,2,2,"P-0800.SI_LO,P-0800.II_HI",2025-06-24 13:12:39,2025-06-24 13:31:37
2114,P-0800,2,2,"P-0800.PI_HI,P-0800.PI_LO",2025-06-28 04:01:50,2025-06-28 04:17:39
2115,P-0800,2,2,"P-0800.PDI_HI,P-0800.II_HI",2025-06-28 10:57:07,2025-06-28 11:01:28
2116,P-0800,2,2,"P-0800.PI_HI,P-0800.SI_LO",2025-06-30 08:51:29,2025-06-30 08:56:42
2117,P-0800,2,2,"P-0800.SI_LO,P-0800.VI_HI",2025-07-01 10:51:25,2025-07-01 11:06:26
2118,P-0800,2,2,"P-0800.II_HI,P-0800.VI_HI",2025-07-02 18:16:14,2025-07-02 18:19:18
2119,P-0800,3,3,"P-0800.TI_HI,P-0800.II_HI,P-0800.PI_HI",2025-07-03 15:43:21,2025-07-03 15:51:40
2120,P-0800,2,2,"P-0800.II_HI,P-0800.PI_HI",2025-07-03 18:38:33,2025-07-03 18:52:40
2121,P-0800,2,2,"P-0800.SI_LO,P-0800.TI_HI",2025-07-04 11:56:28,2025-07-04 11:58:00
2122,P-0800,2,2,"P-0800.SI_LO,P-0800.TI_HI",2025-07-04 23:29:29,2025-07-04 23:51:24
2123,P-0800,3,3,"P-0800.PI_HI,P-0800.FI_LO,P-0800.PI_LO",2025-07-06 14:22:16,2025-07-06 14:58:21
2124,P-0800,2,2,"P-0800.SI_LO,P-0800.FI_LO",2025-07-09 11:15:05,2025-07-09 11:18:19
2125,P-0800,2,2,"P-0800.SI_LO,P-0800.PI_LO",2025-07-10 07:55:15,2025-07-10 07:56:19
2126,P-0800,2,2,"P-0800.VI_HI,P-0800.SI_LO",2025-07-11 14:11:37,2025-07-11 14:33:20
2127,P-0800,2,2,"P-0800.II_HI,P-0800.VI_HI",2025-07-14 13:41:39,2025-07-14 13:58:03
2128,P-0800,2,2,"P-0800.SI_LO,P-0800.II_HI",2025-07-17 15:09:41,2025-07-17 15:12:40
2129,P-0800,3,3,"P-0800.VI_HI,P-0800.II_HI,P-0800.PI_LO",2025-07-18 23:40:35,2025-07-18 23:54:43
2130,P-0800,2,3,"P-0800.TI_HI,P-0800.PI_LO",2025-07-24 17:23:32,2025-07-24 17:53:18
2131,P-0800,2,2,"P-0800.FI_LO,P-0800.SI_LO",2025-07-26 04:43:53,2025-07-26 05:02:58
2132,P-0800,2,2,"P-0800.SI_LO,P-0800.PDI_HI",2025-07-27 14:21:33,2025-07-27 14:35:45
2133,P-0800,2,2,"P-0800.TI_HI,P-0800.SI_LO",2025-07-27 23:01:57,2025-07-27 23:15:45
2134,P-0800,4,4,"P-0800.PI_LO,P-0800.TI_HI,P-0800.VI_HI,P-0800.SI_LO",2025-08-03 17:39:28,2025-08-03 18:08:48
2135,P-0800,2,2,"P-0800.PI_LO,P-0800.II_HI",2025-08-06 19:28:05,2025-08-06 19:52:02
2136,P-0800,2,2,"P-0800.FI_LO,P-0800.PI_HI",2025-08-07 19:44:53,2025-08-07 19:50:43
2137,P-0800,2,2,"P-0800.PI_LO,P-0800.PI_HI",2025-08-09 10:01:06,2025-08-09 10:18:03
2138,P-0800,2,2,"P-0800.PI_HI,P-0800.PI_LO",2025-08-09 18:27:01,2025-08-09 18:36:27
2139,P-0800,2,2,"P-0800.TI_HI,P-0800.SI_LO",2025-08-09 20:28:45,2025-08-09 20:39:11
2140,P-0800,3,3,"P-0800.TI_HI,P-0800.SI_LO,P-0800.PI_LO",2025-08-11 10:57:39,2025-08-11 11:31:54
2141,P-0800,2,2,"P-0800.PDI_HI,P-0800.SI_LO",2025-08-11 18:01:47,2025-08-11 18:07:10
2142,P-0800,2,2,"P-0800.II_HI,P-0800.PI_LO",2025-08-14 07:06:35,2025-08-14 07:25:24
2143,P-0800,2,2,"P-0800.VI_HI,P-0800.TI_HI",2025-08-15 11:25:18,2025-08-15 11:41:02
2144,P-0800,3,3,"P-0800.VI_HI,P-0800.SI_LO,P-0800.PI_HI",2025-08-16 16:38:28,2025-08-16 17:19:26
2145,P-0800,3,3,"P-0800.FI_LO,P-0800.TI_HI,P-0800.VI_HI",2025-08-16 22:47:41,2025-08-16 23:24:27
2146,P-0800,2,2,"P-0800.PI_HI,P-0800.SI_LO",2025-08-22 08:02:24,2025-08-22 08:22:25
2147,P-0800,2,2,"P-0800.II_HI,P-0800.PI_HI",2025-08-23 13:23:11,2025-08-23 13:39:57
2148,P-0800,2,2,"P-0800.PDI_HI,P-0800.PI_HI",2025-08-24 15:13:51,2025-08-24 15:24:32
2149,P-0800,2,2,"P-0800.II_HI,P-0800.PI_HI",2025-08-27 18:31:26,2025-08-27 18:32:26
2150,P-0800,2,2,"P-0800.SI_LO,P-0800.II_HI",2025-08-29 20:51:16,2025-08-29 20:54:44
2151,P-0800,2,2,"P-0800.II_HI,P-0800.SI_LO",2025-08-31 16:04:01,2025-08-31 16:28:24
2152,P-0800,2,2,"P-0800.II_HI,P-0800.TI_HI",2025-08-31 17:28:19,2025-08-31 17:49:06
2153,P-0800,3,3,"P-0800.TI_HI,P-0800.VI_HI,P-0800.II_HI",2025-09-02 14:06:57,2025-09-02 14:39:55
2154,P-0800,2,2,"P-0800.PI_LO,P-0800.TI_HI",2025-09-03 18:08:38,2025-09-03 18:28:52
2155,P-0800,2,2,"P-0800.VI_HI,P-0800.TI_HI",2025-09-04 09:34:32,2025-09-04 09:58:38
2156,P-0800,2,2,"P-0800.PI_LO,P-0800.SI_LO",2025-09-09 11:30:06,2025-09-09 11:42:30
2157,P-0800,2,2,"P-0800.II_HI,P-0800.SI_LO",2025-09-14 14:54:00,2025-09-14 15:20:16
2158,P-0800,2,2,"P-0800.SI_LO,P-0800.PI_HI",2025-09-18 02:00:41,2025-09-18 02:21:03
2159,P-0800,2,2,"P-0800.VI_HI,P-0800.PI_HI",2025-09-20 17:27:27,2025-09-20 17:39:13
2160,P-0800,2,2,"P-0800.PDI_HI,P-0800.FI_LO",2025-09-21 10:58:11,2025-09-21 11:01:32
2161,P-0800,2,2,"P-0800.FI_LO,P-0800.PI_HI",2025-09-22 21:30:24,2025-09-22 21:47:00
2162,P-0800,2,2,"P-0800.SI_LO,P-0800.PI_HI",2025-09-23 21:09:08,2025-09-23 21:30:23
2163,P-0800,2,2,"P-0800.FI_LO,P-0800.PI_LO",2025-09-24 06:30:29,2025-09-24 06:54:03
2164,P-0800,2,2,"P-0800.TI_HI,P-0800.VI_HI",2025-09-24 10:56:06,2025-09-24 11:14:55
2165,P-0800,2,2,"P-0800.VI_HI,P-0800.TI_HI",2025-09-26 15:55:34,2025-09-26 16:05:05
2166,P-0800,2,2,"P-0800.VI_HI,P-0800.PDI_HI",2025-09-27 14:01:54,2025-09-27 14:06:10
2167,P-0800,2,2,"P-0800.VI_HI,P-0800.II_HI",2025-09-28 11:30:46,2025-09-28 11:31:01
2168,P-0800,2,2,"P-0800.FI_LO,P-0800.VI_HI",2025-10-01 07:06:04,2025-10-01 07:14:18
2169,P-0800,2,2,"P-0800.VI_HI,P-0800.PDI_HI",2025-10-04 19:12:46,2025-10-04 19:28:55
2170,P-0800,2,2,"P-0800.SI_LO,P-0800.PDI_HI",2025-10-09 08:15:10,2025-10-09 08:40:47
2171,P-0800,2,2,"P-0800.SI_LO,P-0800.VI_HI",2025-10-10 10:54:47,2025-10-10 11:15:48
2172,P-0800,2,2,"P-0800.PI_HI,P-0800.II_HI",2025-10-14 04:39:44,2025-10-14 05:05:32
2173,P-0800,2,2,"P-0800.VI_HI,P-0800.PDI_HI",2025-10-15 12:50:58,2025-10-15 13:13:48
2174,P-0800,2,3,"P-0800.VI_HI,P-0800.FI_LO",2025-10-15 14:15:54,2025-10-15 14:56:58
2175,P-0800,2,2,"P-0800.TI_HI,P-0800.PI_LO",2025-10-16 05:47:10,2025-10-16 06:10:31
2176,P-0800,2,2,"P-0800.TI_HI,P-0800.PDI_HI",2025-10-16 16:29:02,2025-10-16 16:49:35
2177,P-0800,3,3,"P-0800.PI_HI,P-0800.PDI_HI,P-0800.FI_LO",2025-10-17 17:51:35,2025-10-17 18:29:31
2178,P-0800,2,2,"P-0800.PI_LO,P-0800.PI_HI",2025-10-21 13:56:40,2025-10-21 14:05:46
2179,P-0800,2,3,"P-0800.PI_LO,P-0800.TI_HI",2025-10-26 23:01:46,2025-10-26 23:23:38
2180,P-0800,2,2,"P-0800.II_HI,P-0800.TI_HI",2025-10-29 09:27:14,2025-10-29 09:30:26
2181,P-0800,2,2,"P-0800.SI_LO,P-0800.VI_HI",2025-10-29 17:47:19,2025-10-29 17:54:56
2182,P-0800,2,2,"P-0800.PI_LO,P-0800.II_HI",2025-11-01 06:32:02,2025-11-01 06:52:33
2183,P-0800,3,4,"P-0800.VI_HI,P-0800.PDI_HI,P-0800.II_HI",2025-11-03 12:24:39,2025-11-03 12:49:07
2184,P-0800,2,2,"P-0800.PDI_HI,P-0800.PI_HI",2025-11-05 11:25:32,2025-11-05 11:28:32
2185,P-0800,2,2,"P-0800.PDI_HI,P-0800.PI_LO",2025-11-06 19:01:30,2025-11-06 19:19:21
2186,P-0800,2,2,"P-0800.PI_LO,P-0800.FI_LO",2025-11-07 09:13:33,2025-11-07 09:15:02
2187,P-0800,2,2,"P-0800.PI_HI,P-0800.FI_LO",2025-11-07 13:13:04,2025-11-07 13:40:10
2188,P-0800,2,2,"P-0800.SI_LO,P-0800.FI_LO",2025-11-09 19:47:02,2025-11-09 20:07:14
2189,P-0800,2,2,"P-0800.PDI_HI,P-0800.SI_LO",2025-11-12 11:31:02,2025-11-12 11:45:19
2190,P-0800,3,3,"P-0800.PI_LO,P-0800.PI_HI,P-0800.FI_LO",2025-11-16 15:33:35,2025-11-16 15:54:10
2191,P-0800,2,2,"P-0800.PI_LO,P-0800.FI_LO",2025-11-22 16:07:36,2025-11-22 16:32:50
2192,P-0800,2,2,"P-0800.VI_HI,P-0800.PDI_HI",2025-11-23 19:12:11,2025-11-23 19:33:01
2193,P-0800,2,2,"P-0800.SI_LO,P-0800.PI_LO",2025-11-25 14:56:13,2025-11-25 15:19:36
2194,P-0800,2,2,"P-0800.VI_HI,P-0800.PI_HI",2025-11-26 13:13:05,2025-11-26 13:15:01
2195,P-0800,2,2,"P-0800.VI_HI,P-0800.PDI_HI",2025-11-27 12:58:17,2025-11-27 13:07:04
2196,P-0800,2,2,"P-0800.PI_HI,P-0800.TI_HI",2025-11-28 16:58:40,2025-11-28 17:16:55
2197,P-0800,2,2,"P-0800.PDI_HI,P-0800.TI_HI",2025-11-29 10:33:09,2025-11-29 10:47:11
2198,P-0800,2,2,"P-0800.II_HI,P-0800.TI_HI",2025-11-29 20:20:45,2025-11-29 20:37:30
2199,P-0800,4,4,"P-0800.VI_HI,P-0800.PI_HI,P-0800.PI_LO,P-0800.II_HI",2025-11-30 12:58:29,2025-11-30 13:10:13
2200,P-0800,2,2,"P-0800.PI_LO,P-0800.TI_HI",2025-12-03 23:10:34,2025-12-03 23:35:46
2201,P-0800,2,2,"P-0800.TI_HI,P-0800.PDI_HI",2025-12-04 13:27:30,2025-12-04 13:53:38
2202,P-0800,2,2,"P-0800.PI_LO,P-0800.II_HI",2025-12-04 14:47:29,2025-12-04 14:51:32
2203,P-0800,2,2,"P-0800.II_HI,P-0800.PI_LO",2025-12-04 16:24:43,2025-12-04 16:39:09
2204,P-0800,2,2,"P-0800.PDI_HI,P-0800.SI_LO",2025-12-07 11:33:25,2025-12-07 11:39:22
2205,P-0800,2,2,"P-0800.PDI_HI,P-0800.II_HI",2025-12-07 23:19:01,2025-12-07 23:25:43
2206,P-0800,2,2,"P-0800.II_HI,P-0800.SI_LO",2025-12-12 15:09:45,2025-12-12 15:32:46
2207,P-0800,2,2,"P-0800.PI_HI,P-0800.FI_LO",2025-12-14 13:09:33,2025-12-14 13:29:43
2208,P-0800,2,2,"P-0800.SI_LO,P-0800.FI_LO",2025-12-14 23:04:55,2025-12-14 23:16:02
2209,P-0800,2,2,"P-0800.SI_LO,P-0800.VI_HI",2025-12-15 07:13:49,2025-12-15 07:16:29
2210,P-0800,2,2,"P-0800.PI_LO,P-0800.SI_LO",2025-12-17 11:53:48,2025-12-17 11:54:15
2211,P-0800,2,2,"P-0800.FI_LO,P-0800.TI_HI",2025-12-21 12:57:32,2025-12-21 13:20:14
2212,P-0800,2,2,"P-0800.II_HI,P-0800.FI_LO",2025-12-21 23:35:02,2025-12-21 23:47:56
2213,P-0800,2,2,"P-0800.PDI_HI,P-0800.FI_LO",2025-12-22 11:57:43,2025-12-22 12:06:13
2214,P-0800,2,2,"P-0800.PI_HI,P-0800.FI_LO",2025-12-23 19:42:56,2025-12-23 19:48:24
2215,P-0800,2,2,"P-0800.SI_LO,P-0800.II_HI",2025-12-24 08:47:18,2025-12-24 09:02:40
2216,P-0800,2,2,"P-0800.VI_HI,P-0800.PDI_HI",2025-12-25 17:00:02,2025-12-25 17:27:06
2217,P-0800,2,2,"P-0800.PI_HI,P-0800.TI_HI",2025-12-29 10:24:34,2025-12-29 10:50:57
2218,P-0800,2,2,"P-0800.PDI_HI,P-0800.PI_HI",2025-12-29 18:26:02,2025-12-29 18:34:11
2219,P-0500,3,3,"P-0500.TI_HI,P-0500.SI_LO,P-0500.PDI_HI",2025-01-02 12:05:26,2025-01-02 13:00:03
2220,P-0500,2,2,"P-0500.VI_HI,P-0500.FI_LO",2025-01-03 10:05:04,2025-01-03 10:22:34
2221,P-0500,2,2,"P-0500.II_HI,P-0500.PI_LO",2025-01-05 13:11:48,2025-01-05 13:20:57
2222,P-0500,2,2,"P-0500.II_HI,P-0500.PI_LO",2025-01-08 20:12:18,2025-01-08 20:40:44
2223,P-0500,2,2,"P-0500.TI_HI,P-0500.FI_LO",2025-01-10 08:12:44,2025-01-10 08:23:11
2224,P-0500,2,2,"P-0500.TI_HI,P-0500.VI_HI",2025-01-10 15:51:11,2025-01-10 15:56:59
2225,P-0500,2,2,"P-0500.PI_HI,P-0500.TI_HI",2025-01-15 14:34:34,2025-01-15 15:01:54
2226,P-0500,2,2,"P-0500.PI_HI,P-0500.FI_LO",2025-01-16 10:12:41,2025-01-16 10:31:31
2227,P-0500,2,2,"P-0500.TI_HI,P-0500.FI_LO",2025-01-16 16:38:13,2025-01-16 16:46:10
2228,P-0500,3,3,"P-0500.SI_LO,P-0500.TI_HI,P-0500.PDI_HI",2025-01-16 18:01:13,2025-01-16 18:27:02
2229,P-0500,2,3,"P-0500.SI_LO,P-0500.PDI_HI",2025-01-17 12:09:55,2025-01-17 12:36:28
2230,P-0500,2,2,"P-0500.II_HI,P-0500.PDI_HI",2025-01-18 23:29:09,2025-01-18 23:39:29
2231,P-0500,4,4,"P-0500.PI_LO,P-0500.PDI_HI,P-0500.PI_HI,P-0500.II_HI",2025-01-19 14:44:13,2025-01-19 15:23:22
2232,P-0500,2,2,"P-0500.PI_HI,P-0500.TI_HI",2025-01-20 22:07:43,2025-01-20 22:34:32
2233,P-0500,3,3,"P-0500.PI_HI,P-0500.TI_HI,P-0500.PI_LO",2025-01-22 16:28:38,2025-01-22 17:13:44
2234,P-0500,2,2,"P-0500.PI_HI,P-0500.TI_HI",2025-01-26 06:22:20,2025-01-26 06:26:16
2235,P-0500,3,3,"P-0500.VI_HI,P-0500.PI_HI,P-0500.PI_LO",2025-01-27 23:11:13,2025-01-28 00:03:55
2236,P-0500,2,2,"P-0500.PDI_HI,P-0500.SI_LO",2025-01-29 10:43:11,2025-01-29 10:52:09
2237,P-0500,2,2,"P-0500.PI_HI,P-0500.PDI_HI",2025-01-29 15:27:07,2025-01-29 15:43:36
2238,P-0500,2,2,"P-0500.SI_LO,P-0500.FI_LO",2025-02-09 09:32:56,2025-02-09 09:53:19
2239,P-0500,2,2,"P-0500.PI_HI,P-0500.II_HI",2025-02-12 12:10:24,2025-02-12 12:23:01
2240,P-0500,3,3,"P-0500.PI_LO,P-0500.SI_LO,P-0500.II_HI",2025-02-12 13:26:45,2025-02-12 13:30:59
2241,P-0500,2,2,"P-0500.PDI_HI,P-0500.PI_HI",2025-02-16 15:21:07,2025-02-16 15:45:15
2242,P-0500,2,2,"P-0500.VI_HI,P-0500.TI_HI",2025-02-18 18:23:11,2025-02-18 18:48:05
2243,P-0500,2,2,"P-0500.PI_LO,P-0500.PDI_HI",2025-02-21 12:34:24,2025-02-21 12:58:57
2244,P-0500,2,2,"P-0500.FI_LO,P-0500.VI_HI",2025-02-22 14:01:43,2025-02-22 14:02:06
2245,P-0500,2,2,"P-0500.PI_LO,P-0500.TI_HI",2025-02-24 20:43:07,2025-02-24 20:48:37
2246,P-0500,2,2,"P-0500.VI_HI,P-0500.TI_HI",2025-02-28 10:13:39,2025-02-28 10:15:49
2247,P-0500,2,2,"P-0500.TI_HI,P-0500.PDI_HI",2025-03-05 14:55:07,2025-03-05 15:10:02
2248,P-0500,2,2,"P-0500.PI_HI,P-0500.FI_LO",2025-03-08 14:55:16,2025-03-08 14:55:32
2249,P-0500,2,2,"P-0500.VI_HI,P-0500.FI_LO",2025-03-08 16:45:19,2025-03-08 16:58:41
2250,P-0500,2,2,"P-0500.FI_LO,P-0500.SI_LO",2025-03-08 19:56:48,2025-03-08 20:00:19
2251,P-0500,2,2,"P-0500.PI_HI,P-0500.VI_HI",2025-03-11 03:43:34,2025-03-11 04:12:21
2252,P-0500,2,2,"P-0500.PDI_HI,P-0500.SI_LO",2025-03-11 12:32:52,2025-03-11 12:48:37
2253,P-0500,2,2,"P-0500.TI_HI,P-0500.VI_HI",2025-03-17 05:44:37,2025-03-17 06:08:20
2254,P-0500,3,3,"P-0500.TI_HI,P-0500.SI_LO,P-0500.II_HI",2025-03-17 09:24:16,2025-03-17 09:42:32
2255,P-0500,2,2,"P-0500.FI_LO,P-0500.PDI_HI",2025-03-17 10:34:23,2025-03-17 10:56:20
2256,P-0500,2,2,"P-0500.II_HI,P-0500.TI_HI",2025-03-17 13:40:52,2025-03-17 13:43:05
2257,P-0500,2,2,"P-0500.II_HI,P-0500.PDI_HI",2025-03-17 16:41:35,2025-03-17 17:09:00
2258,P-0500,4,4,"P-0500.SI_LO,P-0500.TI_HI,P-0500.II_HI,P-0500.PI_LO",2025-03-18 14:56:05,2025-03-18 15:38:00
2259,P-0500,2,2,"P-0500.PDI_HI,P-0500.PI_LO",2025-03-21 10:43:04,2025-03-21 11:07:37
2260,P-0500,3,4,"P-0500.TI_HI,P-0500.VI_HI,P-0500.PI_LO",2025-04-01 16:30:05,2025-04-01 17:02:00
2261,P-0500,2,2,"P-0500.FI_LO,P-0500.SI_LO",2025-04-05 13:20:40,2025-04-05 13:38:48
2262,P-0500,2,2,"P-0500.II_HI,P-0500.PDI_HI",2025-04-06 09:09:46,2025-04-06 09:27:48
2263,P-0500,2,2,"P-0500.PDI_HI,P-0500.SI_LO",2025-04-07 23:13:42,2025-04-07 23:41:51
2264,P-0500,2,2,"P-0500.II_HI,P-0500.TI_HI",2025-04-09 09:48:00,2025-04-09 10:03:32
2265,P-0500,2,3,"P-0500.FI_LO,P-0500.TI_HI",2025-04-09 22:43:40,2025-04-09 23:02:14
2266,P-0500,2,2,"P-0500.TI_HI,P-0500.VI_HI",2025-04-11 21:26:16,2025-04-11 21:49:20
2267,P-0500,2,2,"P-0500.PDI_HI,P-0500.SI_LO",2025-04-12 13:28:19,2025-04-12 13:52:24
2268,P-0500,2,3,"P-0500.PI_LO,P-0500.II_HI",2025-04-15 02:55:51,2025-04-15 03:10:31
2269,P-0500,2,2,"P-0500.PI_HI,P-0500.TI_HI",2025-04-15 12:42:01,2025-04-15 13:08:41
2270,P-0500,2,2,"P-0500.II_HI,P-0500.PI_HI",2025-04-18 08:09:26,2025-04-18 08:29:18
2271,P-0500,2,2,"P-0500.PI_HI,P-0500.II_HI",2025-04-18 12:13:17,2025-04-18 12:24:44
2272,P-0500,2,2,"P-0500.PDI_HI,P-0500.PI_LO",2025-04-18 16:25:53,2025-04-18 16:50:40
2273,P-0500,2,2,"P-0500.PI_LO,P-0500.TI_HI",2025-04-19 13:25:22,2025-04-19 13:50:50
2274,P-0500,3,3,"P-0500.PDI_HI,P-0500.VI_HI,P-0500.FI_LO",2025-04-20 20:11:56,2025-04-20 20:30:45
2275,P-0500,2,3,"P-0500.FI_LO,P-0500.VI_HI",2025-04-23 10:42:33,2025-04-23 11:08:44
2276,P-0500,2,2,"P-0500.II_HI,P-0500.PI_LO",2025-04-23 23:14:40,2025-04-23 23:41:35
2277,P-0500,2,2,"P-0500.VI_HI,P-0500.SI_LO",2025-04-24 15:53:22,2025-04-24 15:58:26
2278,P-0500,2,2,"P-0500.PI_HI,P-0500.TI_HI",2025-04-25 05:31:24,2025-04-25 05:34:24
2279,P-0500,2,2,"P-0500.PI_LO,P-0500.FI_LO",2025-04-27 15:08:34,2025-04-27 15:36:47
2280,P-0500,2,2,"P-0500.PDI_HI,P-0500.PI_HI",2025-04-28 09:30:01,2025-04-28 09:38:43
2281,P-0500,2,2,"P-0500.FI_LO,P-0500.TI_HI",2025-04-28 14:36:57,2025-04-28 14:46:56
2282,P-0500,2,2,"P-0500.FI_LO,P-0500.PI_LO",2025-04-29 08:30:57,2025-04-29 08:45:58
2283,P-0500,2,2,"P-0500.VI_HI,P-0500.PI_HI",2025-05-01 18:27:51,2025-05-01 18:46:16
2284,P-0500,2,2,"P-0500.SI_LO,P-0500.FI_LO",2025-05-02 11:32:17,2025-05-02 12:01:48
2285,P-0500,2,2,"P-0500.PDI_HI,P-0500.PI_LO",2025-05-03 08:03:45,2025-05-03 08:29:50
2286,P-0500,2,2,"P-0500.VI_HI,P-0500.PI_LO",2025-05-03 11:16:55,2025-05-03 11:44:13
2287,P-0500,2,2,"P-0500.PI_LO,P-0500.PDI_HI",2025-05-03 15:36:58,2025-05-03 15:57:12
2288,P-0500,2,2,"P-0500.FI_LO,P-0500.PI_LO",2025-05-04 07:06:25,2025-05-04 07:30:23
2289,P-0500,2,2,"P-0500.II_HI,P-0500.PDI_HI",2025-05-05 20:42:50,2025-05-05 20:58:48
2290,P-0500,2,2,"P-0500.TI_HI,P-0500.PI_HI",2025-05-06 18:37:38,2025-05-06 18:55:58
2291,P-0500,3,3,"P-0500.VI_HI,P-0500.TI_HI,P-0500.PI_HI",2025-05-07 19:40:58,2025-05-07 19:58:03
2292,P-0500,2,2,"P-0500.SI_LO,P-0500.PDI_HI",2025-05-11 15:13:15,2025-05-11 15:29:53
2293,P-0500,2,2,"P-0500.PDI_HI,P-0500.PI_LO",2025-05-12 18:47:21,2025-05-12 19:08:23
2294,P-0500,2,2,"P-0500.TI_HI,P-0500.PI_HI",2025-05-14 12:24:11,2025-05-14 12:26:53
2295,P-0500,3,3,"P-0500.SI_LO,P-0500.PI_HI,P-0500.PDI_HI",2025-05-16 14:30:51,2025-05-16 15:23:45
2296,P-0500,2,2,"P-0500.PI_LO,P-0500.VI_HI",2025-05-17 14:19:02,2025-05-17 14:42:17
2297,P-0500,2,2,"P-0500.FI_LO,P-0500.SI_LO",2025-05-19 17:30:18,2025-05-19 17:35:06
2298,P-0500,2,2,"P-0500.II_HI,P-0500.PI_LO",2025-05-20 18:46:03,2025-05-20 19:11:59
2299,P-0500,2,2,"P-0500.PI_LO,P-0500.TI_HI",2025-05-23 23:10:41,2025-05-23 23:24:23
2300,P-0500,2,2,"P-0500.II_HI,P-0500.PI_HI",2025-05-25 12:50:31,2025-05-25 12:54:23
2301,P-0500,2,2,"P-0500.VI_HI,P-0500.PDI_HI",2025-05-26 16:12:16,2025-05-26 16:27:33
2302,P-0500,2,2,"P-0500.TI_HI,P-0500.VI_HI",2025-05-28 13:13:39,2025-05-28 13:33:06
2303,P-0500,2,2,"P-0500.PDI_HI,P-0500.II_HI",2025-05-31 11:34:13,2025-05-31 11:56:09
2304,P-0500,2,2,"P-0500.II_HI,P-0500.PI_HI",2025-05-31 13:13:43,2025-05-31 13:15:32
2305,P-0500,3,3,"P-0500.PI_LO,P-0500.PI_HI,P-0500.TI_HI",2025-06-01 11:31:25,2025-06-01 11:49:46
2306,P-0500,2,2,"P-0500.TI_HI,P-0500.FI_LO",2025-06-02 13:53:17,2025-06-02 13:58:05
2307,P-0500,3,4,"P-0500.SI_LO,P-0500.II_HI,P-0500.PI_HI",2025-06-03 08:43:39,2025-06-03 09:33:41
2308,P-0500,2,2,"P-0500.II_HI,P-0500.FI_LO",2025-06-04 09:36:21,2025-06-04 09:50:01
2309,P-0500,2,2,"P-0500.TI_HI,P-0500.FI_LO",2025-06-05 12:02:10,2025-06-05 12:09:57
2310,P-0500,2,2,"P-0500.SI_LO,P-0500.II_HI",2025-06-06 16:02:27,2025-06-06 16:09:16
2311,P-0500,2,3,"P-0500.TI_HI,P-0500.SI_LO",2025-06-07 10:21:49,2025-06-07 10:40:59
2312,P-0500,2,2,"P-0500.PI_LO,P-0500.TI_HI",2025-06-07 17:00:14,2025-06-07 17:11:59
2313,P-0500,2,2,"P-0500.II_HI,P-0500.PI_HI",2025-06-08 15:46:08,2025-06-08 16:08:07
2314,P-0500,2,2,"P-0500.FI_LO,P-0500.II_HI",2025-06-09 12:34:50,2025-06-09 12:39:26
2315,P-0500,2,2,"P-0500.VI_HI,P-0500.PDI_HI",2025-06-09 18:25:38,2025-06-09 18:30:26
2316,P-0500,3,3,"P-0500.VI_HI,P-0500.TI_HI,P-0500.II_HI",2025-06-10 05:38:40,2025-06-10 05:57:08
2317,P-0500,3,4,"P-0500.TI_HI,P-0500.VI_HI,P-0500.SI_LO",2025-06-11 11:54:12,2025-06-11 13:04:17
2318,P-0500,2,3,"P-0500.II_HI,P-0500.FI_LO",2025-06-13 09:22:08,2025-06-13 10:10:46
2319,P-0500,3,3,"P-0500.II_HI,P-0500.VI_HI,P-0500.TI_HI",2025-06-14 11:18:49,2025-06-14 11:51:44
2320,P-0500,2,2,"P-0500.TI_HI,P-0500.PDI_HI",2025-06-14 12:40:02,2025-06-14 13:01:44
2321,P-0500,2,2,"P-0500.PI_HI,P-0500.PI_LO",2025-06-14 13:45:21,2025-06-14 14:11:34
2322,P-0500,2,2,"P-0500.II_HI,P-0500.TI_HI",2025-06-15 09:23:18,2025-06-15 09:46:59
2323,P-0500,2,2,"P-0500.VI_HI,P-0500.II_HI",2025-06-15 16:21:12,2025-06-15 16:33:17
2324,P-0500,2,2,"P-0500.SI_LO,P-0500.II_HI",2025-06-15 20:05:06,2025-06-15 20:15:34
2325,P-0500,2,2,"P-0500.SI_LO,P-0500.TI_HI",2025-06-16 22:42:08,2025-06-16 23:06:24
2326,P-0500,2,2,"P-0500.II_HI,P-0500.TI_HI",2025-06-17 12:45:22,2025-06-17 12:55:22
2327,P-0500,2,2,"P-0500.TI_HI,P-0500.II_HI",2025-06-17 13:39:44,2025-06-17 13:46:38
2328,P-0500,3,3,"P-0500.II_HI,P-0500.TI_HI,P-0500.PI_LO",2025-06-18 10:02:38,2025-06-18 10:20:35
2329,P-0500,2,2,"P-0500.TI_HI,P-0500.II_HI",2025-06-20 12:34:00,2025-06-20 12:40:07
2330,P-0500,2,2,"P-0500.TI_HI,P-0500.VI_HI",2025-06-21 11:45:51,2025-06-21 12:15:03
2331,P-0500,2,2,"P-0500.TI_HI,P-0500.SI_LO",2025-06-22 08:12:00,2025-06-22 08:31:06
2332,P-0500,3,4,"P-0500.PDI_HI,P-0500.II_HI,P-0500.TI_HI",2025-06-23 10:29:50,2025-06-23 11:23:58
2333,P-0500,2,2,"P-0500.II_HI,P-0500.FI_LO",2025-06-24 12:19:38,2025-06-24 12:35:01
2334,P-0500,2,2,"P-0500.PI_LO,P-0500.TI_HI",2025-06-24 15:00:19,2025-06-24 15:29:04
2335,P-0500,3,4,"P-0500.II_HI,P-0500.TI_HI,P-0500.FI_LO",2025-06-24 16:27:31,2025-06-24 17:04:56
2336,P-0500,2,2,"P-0500.PDI_HI,P-0500.II_HI",2025-06-25 00:31:03,2025-06-25 00:50:36
2337,P-0500,2,2,"P-0500.II_HI,P-0500.TI_HI",2025-06-25 06:07:38,2025-06-25 06:17:40
2338,P-0500,2,2,"P-0500.PDI_HI,P-0500.VI_HI",2025-06-25 20:56:13,2025-06-25 21:11:21
2339,P-0500,2,2,"P-0500.II_HI,P-0500.PI_LO",2025-06-26 08:39:01,2025-06-26 09:03:02
2340,P-0500,2,2,"P-0500.TI_HI,P-0500.PI_HI",2025-06-26 12:17:27,2025-06-26 12:20:35
2341,P-0500,2,3,"P-0500.TI_HI,P-0500.VI_HI",2025-06-27 14:56:58,2025-06-27 15:37:30
2342,P-0500,2,2,"P-0500.TI_HI,P-0500.PDI_HI",2025-06-29 12:41:13,2025-06-29 12:49:36
2343,P-0500,2,2,"P-0500.II_HI,P-0500.PDI_HI",2025-06-29 19:15:34,2025-06-29 19:42:47
2344,P-0500,2,2,"P-0500.PI_LO,P-0500.II_HI",2025-06-30 09:29:18,2025-06-30 09:41:59
2345,P-0500,2,2,"P-0500.PDI_HI,P-0500.TI_HI",2025-06-30 11:42:26,2025-06-30 12:02:34
2346,P-0500,2,2,"P-0500.II_HI,P-0500.PI_LO",2025-06-30 16:42:26,2025-06-30 17:01:50
2347,P-0500,2,3,"P-0500.II_HI,P-0500.TI_HI",2025-07-01 11:53:08,2025-07-01 12:38:22
2348,P-0500,2,2,"P-0500.TI_HI,P-0500.SI_LO",2025-07-01 14:16:50,2025-07-01 14:21:01
2349,P-0500,2,2,"P-0500.TI_HI,P-0500.II_HI",2025-07-02 10:49:27,2025-07-02 10:57:05
2350,P-0500,2,4,"P-0500.TI_HI,P-0500.II_HI",2025-07-02 13:09:28,2025-07-02 13:41:02
2351,P-0500,2,2,"P-0500.PI_LO,P-0500.SI_LO",2025-07-02 15:38:41,2025-07-02 16:04:13
2352,P-0500,3,3,"P-0500.PI_LO,P-0500.II_HI,P-0500.VI_HI",2025-07-03 14:12:23,2025-07-03 14:38:17
2353,P-0500,2,2,"P-0500.TI_HI,P-0500.II_HI",2025-07-03 16:37:12,2025-07-03 16:50:58
2354,P-0500,3,3,"P-0500.SI_LO,P-0500.PI_LO,P-0500.II_HI",2025-07-04 16:30:51,2025-07-04 16:47:24
2355,P-0500,3,6,"P-0500.TI_HI,P-0500.FI_LO,P-0500.II_HI",2025-07-05 08:57:13,2025-07-05 09:58:53
2356,P-0500,2,2,"P-0500.TI_HI,P-0500.II_HI",2025-07-06 20:55:48,2025-07-06 21:13:55
2357,P-0500,2,3,"P-0500.II_HI,P-0500.TI_HI",2025-07-07 09:46:23,2025-07-07 10:00:31
2358,P-0500,2,2,"P-0500.PI_HI,P-0500.II_HI",2025-07-07 10:56:22,2025-07-07 11:23:16
2359,P-0500,2,2,"P-0500.TI_HI,P-0500.SI_LO",2025-07-07 19:01:21,2025-07-07 19:12:36
2360,P-0500,3,5,"P-0500.TI_HI,P-0500.PI_HI,P-0500.II_HI",2025-07-08 13:43:10,2025-07-08 15:05:05
2361,P-0500,2,2,"P-0500.II_HI,P-0500.TI_HI",2025-07-08 19:18:59,2025-07-08 19:47:45
2362,P-0500,2,3,"P-0500.II_HI,P-0500.TI_HI",2025-07-09 12:26:48,2025-07-09 12:41:02
2363,P-0500,3,4,"P-0500.PDI_HI,P-0500.TI_HI,P-0500.II_HI",2025-07-09 16:33:31,2025-07-09 16:57:28
2364,P-0500,2,3,"P-0500.TI_HI,P-0500.II_HI",2025-07-11 15:11:17,2025-07-11 15:40:18
2365,P-0500,2,2,"P-0500.II_HI,P-0500.TI_HI",2025-07-11 18:41:44,2025-07-11 18:43:41
2366,P-0500,2,3,"P-0500.TI_HI,P-0500.II_HI",2025-07-12 13:55:06,2025-07-12 14:32:52
2367,P-0500,3,5,"P-0500.II_HI,P-0500.TI_HI,P-0500.SI_LO",2025-07-12 16:34:05,2025-07-12 17:34:39
2368,P-0500,2,3,"P-0500.TI_HI,P-0500.II_HI",2025-07-13 11:18:04,2025-07-13 11:46:56
2369,P-0500,3,3,"P-0500.TI_HI,P-0500.SI_LO,P-0500.II_HI",2025-07-13 12:20:41,2025-07-13 12:47:48
2370,P-0500,2,2,"P-0500.PI_HI,P-0500.VI_HI",2025-07-13 23:14:26,2025-07-13 23:35:33
2371,P-0500,2,2,"P-0500.II_HI,P-0500.TI_HI",2025-07-14 08:39:17,2025-07-14 09:06:52
2372,P-0500,2,3,"P-0500.TI_HI,P-0500.II_HI",2025-07-14 10:12:11,2025-07-14 10:45:40
2373,P-0500,2,3,"P-0500.PI_LO,P-0500.TI_HI",2025-07-14 13:43:23,2025-07-14 14:19:40
2374,P-0500,2,2,"P-0500.PI_HI,P-0500.TI_HI",2025-07-14 19:49:13,2025-07-14 20:10:06
2375,P-0500,2,2,"P-0500.II_HI,P-0500.TI_HI",2025-07-15 10:50:49,2025-07-15 11:10:58
2376,P-0500,2,3,"P-0500.FI_LO,P-0500.TI_HI",2025-07-15 14:35:33,2025-07-15 14:44:26
2377,P-0500,2,2,"P-0500.II_HI,P-0500.TI_HI",2025-07-16 10:03:36,2025-07-16 10:32:47
2378,P-0500,2,2,"P-0500.FI_LO,P-0500.TI_HI",2025-07-17 02:56:27,2025-07-17 03:09:34
2379,P-0500,2,2,"P-0500.II_HI,P-0500.TI_HI",2025-07-17 10:08:43,2025-07-17 10:27:21
2380,P-0500,2,2,"P-0500.PDI_HI,P-0500.TI_HI",2025-07-17 12:21:24,2025-07-17 12:21:48
2381,P-0500,2,2,"P-0500.FI_LO,P-0500.TI_HI",2025-07-17 15:35:47,2025-07-17 15:51:02
2382,P-0500,2,2,"P-0500.II_HI,P-0500.TI_HI",2025-07-18 10:48:29,2025-07-18 10:51:01
2383,P-0500,2,2,"P-0500.TI_HI,P-0500.II_HI",2025-07-18 12:12:46,2025-07-18 12:16:50
2384,P-0500,3,3,"P-0500.PI_LO,P-0500.SI_LO,P-0500.TI_HI",2025-07-18 14:12:56,2025-07-18 14:39:49
2385,P-0500,2,2,"P-0500.II_HI,P-0500.FI_LO",2025-07-18 19:42:46,2025-07-18 20:08:58
2386,P-0500,2,2,"P-0500.II_HI,P-0500.PDI_HI",2025-07-19 04:20:57,2025-07-19 04:30:00
2387,P-0500,3,4,"P-0500.II_HI,P-0500.TI_HI,P-0500.PI_LO",2025-07-19 10:55:32,2025-07-19 11:45:48
2388,P-0500,2,3,"P-0500.TI_HI,P-0500.II_HI",2025-07-19 13:44:40,2025-07-19 13:50:15
2389,P-0500,2,3,"P-0500.II_HI,P-0500.PDI_HI",2025-07-19 18:13:29,2025-07-19 18:46:46
2390,P-0500,2,3,"P-0500.II_HI,P-0500.TI_HI",2025-07-20 12:16:38,2025-07-20 13:02:41
2391,P-0500,2,4,"P-0500.TI_HI,P-0500.II_HI",2025-07-20 14:57:28,2025-07-20 15:50:56
2392,P-0500,2,2,"P-0500.VI_HI,P-0500.II_HI",2025-07-20 18:53:04,2025-07-20 18:57:16
2393,P-0500,2,2,"P-0500.II_HI,P-0500.PDI_HI",2025-07-20 23:21:40,2025-07-20 23:31:40
2394,P-0500,2,2,"P-0500.II_HI,P-0500.TI_HI",2025-07-21 03:55:14,2025-07-21 04:24:51
2395,P-0500,2,2,"P-0500.PI_LO,P-0500.II_HI",2025-07-21 08:41:31,2025-07-21 08:56:14
2396,P-0500,2,4,"P-0500.II_HI,P-0500.TI_HI",2025-07-21 14:49:05,2025-07-21 15:24:19
2397,P-0500,2,2,"P-0500.II_HI,P-0500.SI_LO",2025-07-22 13:54:37,2025-07-22 14:13:23
2398,P-0500,2,3,"P-0500.II_HI,P-0500.TI_HI",2025-07-22 17:19:11,2025-07-22 17:58:38
2399,P-0500,2,3,"P-0500.VI_HI,P-0500.TI_HI",2025-07-22 19:37:04,2025-07-22 19:47:30
2400,P-0500,2,3,"P-0500.II_HI,P-0500.TI_HI",2025-07-23 07:13:51,2025-07-23 07:30:18
2401,P-0500,2,2,"P-0500.TI_HI,P-0500.II_HI",2025-07-23 08:06:31,2025-07-23 08:28:14
2402,P-0500,2,2,"P-0500.II_HI,P-0500.TI_HI",2025-07-23 15:03:11,2025-07-23 15:05:27
2403,P-0500,2,3,"P-0500.II_HI,P-0500.TI_HI",2025-07-23 16:02:15,2025-07-23 16:31:22
2404,P-0500,2,5,"P-0500.TI_HI,P-0500.II_HI",2025-07-23 17:11:36,2025-07-23 18:19:54
2405,P-0500,2,3,"P-0500.TI_HI,P-0500.II_HI",2025-07-24 11:17:47,2025-07-24 11:49:17
2406,P-0500,3,3,"P-0500.TI_HI,P-0500.II_HI,P-0500.PI_HI",2025-07-25 09:40:54,2025-07-25 10:06:13
2407,P-0500,2,3,"P-0500.II_HI,P-0500.TI_HI",2025-07-26 04:29:44,2025-07-26 05:03:21
2408,P-0500,2,2,"P-0500.II_HI,P-0500.TI_HI",2025-07-26 06:12:14,2025-07-26 06:12:35
2409,P-0500,3,5,"P-0500.TI_HI,P-0500.PI_LO,P-0500.II_HI",2025-07-26 16:05:23,2025-07-26 16:32:46
2410,P-0500,2,2,"P-0500.SI_LO,P-0500.PDI_HI",2025-07-26 21:08:20,2025-07-26 21:29:02
2411,P-0500,2,3,"P-0500.TI_HI,P-0500.II_HI",2025-07-27 08:35:20,2025-07-27 08:50:15
2412,P-0500,2,2,"P-0500.II_HI,P-0500.PI_LO",2025-07-27 10:05:40,2025-07-27 10:13:51
2413,P-0500,2,2,"P-0500.PDI_HI,P-0500.TI_HI",2025-07-27 10:48:26,2025-07-27 10:54:33
2414,P-0500,2,2,"P-0500.II_HI,P-0500.TI_HI",2025-07-27 11:41:03,2025-07-27 11:44:45
2415,P-0500,4,5,"P-0500.II_HI,P-0500.TI_HI,P-0500.PI_HI,P-0500.SI_LO",2025-07-27 13:20:15,2025-07-27 14:39:45
2416,P-0500,2,2,"P-0500.II_HI,P-0500.VI_HI",2025-07-27 19:50:35,2025-07-27 20:19:31
2417,P-0500,2,2,"P-0500.TI_HI,P-0500.II_HI",2025-07-28 12:55:02,2025-07-28 13:14:13
2418,P-0500,2,2,"P-0500.TI_HI,P-0500.II_HI",2025-07-28 19:49:46,2025-07-28 20:18:49
2419,P-0500,2,2,"P-0500.PDI_HI,P-0500.PI_LO",2025-07-29 06:42:13,2025-07-29 07:09:24
2420,P-0500,2,2,"P-0500.PI_LO,P-0500.II_HI",2025-07-29 10:53:59,2025-07-29 11:00:56
2421,P-0500,2,4,"P-0500.II_HI,P-0500.TI_HI",2025-07-29 12:30:10,2025-07-29 13:08:56
2422,P-0500,2,3,"P-0500.TI_HI,P-0500.II_HI",2025-07-29 13:56:22,2025-07-29 14:28:24
2423,P-0500,2,2,"P-0500.TI_HI,P-0500.PI_LO",2025-07-29 15:44:37,2025-07-29 16:04:39
2424,P-0500,2,2,"P-0500.TI_HI,P-0500.FI_LO",2025-07-30 06:54:53,2025-07-30 06:58:36
2425,P-0500,2,2,"P-0500.PI_LO,P-0500.TI_HI",2025-07-30 09:48:53,2025-07-30 10:09:19
2426,P-0500,3,7,"P-0500.TI_HI,P-0500.II_HI,P-0500.PDI_HI",2025-07-30 12:24:50,2025-07-30 13:47:28
2427,P-0500,2,2,"P-0500.TI_HI,P-0500.PI_LO",2025-07-31 08:08:36,2025-07-31 08:22:07
2428,P-0500,2,4,"P-0500.TI_HI,P-0500.II_HI",2025-07-31 17:04:34,2025-07-31 17:47:14
2429,P-0500,2,2,"P-0500.PI_LO,P-0500.II_HI",2025-07-31 18:27:55,2025-07-31 18:32:13
2430,P-0500,2,2,"P-0500.II_HI,P-0500.TI_HI",2025-07-31 23:58:57,2025-08-01 00:06:31
2431,P-0500,2,2,"P-0500.TI_HI,P-0500.II_HI",2025-08-01 04:24:32,2025-08-01 04:46:52
2432,P-0500,2,2,"P-0500.II_HI,P-0500.TI_HI",2025-08-01 13:03:30,2025-08-01 13:13:47
2433,P-0500,2,2,"P-0500.TI_HI,P-0500.II_HI",2025-08-01 14:16:46,2025-08-01 14:40:39
2434,P-0500,2,2,"P-0500.II_HI,P-0500.TI_HI",2025-08-01 17:04:44,2025-08-01 17:10:59
2435,P-0500,2,2,"P-0500.TI_HI,P-0500.II_HI",2025-08-02 11:21:05,2025-08-02 11:34:48
2436,P-0500,2,3,"P-0500.II_HI,P-0500.PI_HI",2025-08-02 12:25:32,2025-08-02 12:54:51
2437,P-0500,2,4,"P-0500.TI_HI,P-0500.II_HI",2025-08-02 13:37:11,2025-08-02 14:10:20
2438,P-0500,2,2,"P-0500.TI_HI,P-0500.SI_LO",2025-08-02 17:36:15,2025-08-02 18:02:46
2439,P-0500,2,2,"P-0500.II_HI,P-0500.TI_HI",2025-08-03 11:20:34,2025-08-03 11:34:10
2440,P-0500,2,4,"P-0500.TI_HI,P-0500.SI_LO",2025-08-03 15:28:09,2025-08-03 15:37:04
2441,P-0500,2,2,"P-0500.TI_HI,P-0500.II_HI",2025-08-03 17:51:08,2025-08-03 18:20:15
2442,P-0500,2,2,"P-0500.SI_LO,P-0500.II_HI",2025-08-03 23:05:57,2025-08-03 23:17:18
2443,P-0500,3,6,"P-0500.II_HI,P-0500.FI_LO,P-0500.TI_HI",2025-08-04 08:33:20,2025-08-04 09:40:42
2444,P-0500,2,3,"P-0500.II_HI,P-0500.TI_HI",2025-08-04 12:55:08,2025-08-04 13:18:22
2445,P-0500,2,3,"P-0500.TI_HI,P-0500.PI_HI",2025-08-04 14:08:39,2025-08-04 14:48:19
2446,P-0500,2,2,"P-0500.SI_LO,P-0500.TI_HI",2025-08-04 16:14:45,2025-08-04 16:38:59
2447,P-0500,2,3,"P-0500.II_HI,P-0500.PDI_HI",2025-08-04 18:08:53,2025-08-04 18:48:15
2448,P-0500,2,3,"P-0500.PI_LO,P-0500.TI_HI",2025-08-04 23:11:29,2025-08-04 23:39:43
2449,P-0500,2,2,"P-0500.TI_HI,P-0500.II_HI",2025-08-05 11:03:19,2025-08-05 11:06:49
2450,P-0500,2,5,"P-0500.II_HI,P-0500.TI_HI",2025-08-05 12:01:26,2025-08-05 13:01:34
2451,P-0500,2,3,"P-0500.TI_HI,P-0500.PI_LO",2025-08-05 17:19:42,2025-08-05 17:27:36
2452,P-0500,2,2,"P-0500.TI_HI,P-0500.II_HI",2025-08-05 20:21:02,2025-08-05 20:37:47
2453,P-0500,2,2,"P-0500.TI_HI,P-0500.II_HI",2025-08-06 05:34:37,2025-08-06 05:51:43
2454,P-0500,2,2,"P-0500.TI_HI,P-0500.II_HI",2025-08-06 09:22:23,2025-08-06 09:30:48
2455,P-0500,3,6,"P-0500.II_HI,P-0500.TI_HI,P-0500.PI_LO",2025-08-06 11:48:28,2025-08-06 12:51:17
2456,P-0500,2,2,"P-0500.TI_HI,P-0500.FI_LO",2025-08-06 14:45:16,2025-08-06 14:50:40
2457,P-0500,2,5,"P-0500.TI_HI,P-0500.II_HI",2025-08-07 07:34:09,2025-08-07 08:26:01
2458,P-0500,3,3,"P-0500.PDI_HI,P-0500.TI_HI,P-0500.II_HI",2025-08-07 09:30:59,2025-08-07 09:43:53
2459,P-0500,2,2,"P-0500.II_HI,P-0500.TI_HI",2025-08-07 10:16:17,2025-08-07 10:40:32
2460,P-0500,2,5,"P-0500.II_HI,P-0500.TI_HI",2025-08-08 07:14:01,2025-08-08 08:21:15
2461,P-0500,2,4,"P-0500.II_HI,P-0500.TI_HI",2025-08-08 10:37:11,2025-08-08 11:05:12
2462,P-0500,2,2,"P-0500.II_HI,P-0500.TI_HI",2025-08-08 12:12:19,2025-08-08 12:23:34
2463,P-0500,2,2,"P-0500.PI_LO,P-0500.TI_HI",2025-08-08 14:11:55,2025-08-08 14:19:04
2464,P-0500,2,2,"P-0500.VI_HI,P-0500.II_HI",2025-08-08 14:51:04,2025-08-08 14:55:33
2465,P-0500,2,2,"P-0500.II_HI,P-0500.TI_HI",2025-08-08 16:31:25,2025-08-08 16:50:38
2466,P-0500,2,2,"P-0500.PDI_HI,P-0500.II_HI",2025-08-09 05:55:16,2025-08-09 06:17:21
2467,P-0500,2,3,"P-0500.II_HI,P-0500.TI_HI",2025-08-09 13:15:23,2025-08-09 13:44:49
2468,P-0500,2,2,"P-0500.II_HI,P-0500.TI_HI",2025-08-09 15:03:48,2025-08-09 15:24:03
2469,P-0500,3,3,"P-0500.VI_HI,P-0500.TI_HI,P-0500.PI_LO",2025-08-09 17:52:49,2025-08-09 18:33:35
2470,P-0500,2,2,"P-0500.VI_HI,P-0500.SI_LO",2025-08-09 19:29:24,2025-08-09 19:38:26
2471,P-0500,2,3,"P-0500.TI_HI,P-0500.SI_LO",2025-08-09 20:53:35,2025-08-09 21:35:18
2472,P-0500,2,2,"P-0500.II_HI,P-0500.TI_HI",2025-08-10 06:21:55,2025-08-10 06:23:31
2473,P-0500,2,3,"P-0500.TI_HI,P-0500.II_HI",2025-08-10 08:06:47,2025-08-10 08:21:37
2474,P-0500,2,2,"P-0500.SI_LO,P-0500.TI_HI",2025-08-10 09:06:44,2025-08-10 09:36:36
2475,P-0500,3,7,"P-0500.TI_HI,P-0500.II_HI,P-0500.PI_LO",2025-08-10 15:44:32,2025-08-10 17:09:22
2476,P-0500,2,3,"P-0500.II_HI,P-0500.TI_HI",2025-08-11 05:08:23,2025-08-11 05:37:37
2477,P-0500,2,2,"P-0500.II_HI,P-0500.TI_HI",2025-08-11 09:30:34,2025-08-11 09:41:51
2478,P-0500,2,3,"P-0500.TI_HI,P-0500.FI_LO",2025-08-11 10:40:48,2025-08-11 10:57:50
2479,P-0500,3,3,"P-0500.II_HI,P-0500.TI_HI,P-0500.VI_HI",2025-08-11 17:44:20,2025-08-11 18:11:17
2480,P-0500,2,3,"P-0500.II_HI,P-0500.TI_HI",2025-08-12 05:01:57,2025-08-12 05:32:13
2481,P-0500,2,3,"P-0500.II_HI,P-0500.TI_HI",2025-08-12 10:14:31,2025-08-12 10:35:04
2482,P-0500,3,4,"P-0500.II_HI,P-0500.TI_HI,P-0500.FI_LO",2025-08-13 11:57:53,2025-08-13 12:27:43
2483,P-0500,2,2,"P-0500.II_HI,P-0500.TI_HI",2025-08-13 14:13:03,2025-08-13 14:30:51
2484,P-0500,2,3,"P-0500.II_HI,P-0500.TI_HI",2025-08-13 17:40:44,2025-08-13 18:28:10
2485,P-0500,2,2,"P-0500.TI_HI,P-0500.PI_LO",2025-08-14 00:55:54,2025-08-14 01:20:46
2486,P-0500,2,2,"P-0500.TI_HI,P-0500.II_HI",2025-08-14 05:11:12,2025-08-14 05:31:09
2487,P-0500,3,4,"P-0500.II_HI,P-0500.TI_HI,P-0500.VI_HI",2025-08-14 09:28:03,2025-08-14 09:57:10
2488,P-0500,2,2,"P-0500.II_HI,P-0500.FI_LO",2025-08-14 13:25:13,2025-08-14 13:49:54
2489,P-0500,2,3,"P-0500.PI_LO,P-0500.TI_HI",2025-08-14 19:07:45,2025-08-14 19:32:02
2490,P-0500,2,2,"P-0500.PI_HI,P-0500.II_HI",2025-08-15 06:44:55,2025-08-15 06:51:52
2491,P-0500,3,6,"P-0500.II_HI,P-0500.TI_HI,P-0500.VI_HI",2025-08-15 09:28:17,2025-08-15 11:07:24
2492,P-0500,2,4,"P-0500.II_HI,P-0500.TI_HI",2025-08-15 13:52:45,2025-08-15 14:28:30
2493,P-0500,2,2,"P-0500.II_HI,P-0500.TI_HI",2025-08-16 06:39:56,2025-08-16 07:08:34
2494,P-0500,2,3,"P-0500.II_HI,P-0500.TI_HI",2025-08-16 09:54:01,2025-08-16 10:18:22
2495,P-0500,2,5,"P-0500.TI_HI,P-0500.II_HI",2025-08-16 12:13:16,2025-08-16 12:40:16
2496,P-0500,3,3,"P-0500.TI_HI,P-0500.PDI_HI,P-0500.II_HI",2025-08-16 14:54:39,2025-08-16 15:23:50
2497,P-0500,2,2,"P-0500.TI_HI,P-0500.PI_LO",2025-08-16 17:16:22,2025-08-16 17:41:34
2498,P-0500,5,10,"P-0500.TI_HI,P-0500.II_HI,P-0500.FI_LO,P-0500.PDI_HI,P-0500.PI_HI",2025-08-17 12:21:18,2025-08-17 14:07:17
2499,P-0500,2,2,"P-0500.PI_LO,P-0500.TI_HI",2025-08-17 16:38:57,2025-08-17 17:01:26
2500,P-0500,2,2,"P-0500.TI_HI,P-0500.II_HI",2025-08-18 06:13:16,2025-08-18 06:24:21
2501,P-0500,2,4,"P-0500.II_HI,P-0500.TI_HI",2025-08-18 10:20:59,2025-08-18 10:55:28
2502,P-0500,2,3,"P-0500.II_HI,P-0500.TI_HI",2025-08-18 11:44:20,2025-08-18 12:14:58
2503,P-0500,2,2,"P-0500.II_HI,P-0500.TI_HI",2025-08-18 14:16:44,2025-08-18 14:25:15
2504,P-0500,2,2,"P-0500.II_HI,P-0500.TI_HI",2025-08-18 19:47:29,2025-08-18 19:53:58
2505,P-0500,2,2,"P-0500.TI_HI,P-0500.FI_LO",2025-08-19 07:10:45,2025-08-19 07:32:32
2506,P-0500,2,2,"P-0500.II_HI,P-0500.TI_HI",2025-08-19 09:28:13,2025-08-19 09:40:34
2507,P-0500,2,2,"P-0500.TI_HI,P-0500.II_HI",2025-08-19 10:15:27,2025-08-19 10:27:02
2508,P-0500,2,3,"P-0500.TI_HI,P-0500.II_HI",2025-08-19 12:13:43,2025-08-19 12:34:52
2509,P-0500,2,2,"P-0500.TI_HI,P-0500.PI_LO",2025-08-19 13:24:51,2025-08-19 13:39:41
2510,P-0500,3,4,"P-0500.II_HI,P-0500.TI_HI,P-0500.PI_LO",2025-08-19 14:17:07,2025-08-19 15:11:24
2511,P-0500,2,2,"P-0500.TI_HI,P-0500.II_HI",2025-08-19 19:39:19,2025-08-19 19:46:19
2512,P-0500,2,2,"P-0500.SI_LO,P-0500.II_HI",2025-08-19 21:05:31,2025-08-19 21:26:00
2513,P-0500,2,2,"P-0500.FI_LO,P-0500.TI_HI",2025-08-20 00:28:05,2025-08-20 00:36:48
2514,P-0500,2,2,"P-0500.II_HI,P-0500.VI_HI",2025-08-20 07:04:28,2025-08-20 07:19:38
2515,P-0500,2,4,"P-0500.II_HI,P-0500.TI_HI",2025-08-20 09:50:04,2025-08-20 10:29:53
2516,P-0500,2,2,"P-0500.II_HI,P-0500.TI_HI",2025-08-20 13:54:10,2025-08-20 14:19:37
2517,P-0500,3,4,"P-0500.FI_LO,P-0500.PI_LO,P-0500.TI_HI",2025-08-20 15:25:43,2025-08-20 16:08:39
2518,P-0500,2,2,"P-0500.II_HI,P-0500.TI_HI",2025-08-20 17:22:01,2025-08-20 17:25:46
2519,P-0500,2,3,"P-0500.II_HI,P-0500.SI_LO",2025-08-20 18:40:03,2025-08-20 19:03:53
2520,P-0500,2,2,"P-0500.TI_HI,P-0500.II_HI",2025-08-21 07:05:40,2025-08-21 07:09:06
2521,P-0500,2,3,"P-0500.TI_HI,P-0500.II_HI",2025-08-21 09:01:45,2025-08-21 09:21:04
2522,P-0500,2,3,"P-0500.II_HI,P-0500.TI_HI",2025-08-21 11:05:42,2025-08-21 11:38:17
2523,P-0500,3,3,"P-0500.TI_HI,P-0500.PI_LO,P-0500.II_HI",2025-08-21 15:48:35,2025-08-21 16:27:23
2524,P-0500,2,3,"P-0500.II_HI,P-0500.TI_HI",2025-08-21 16:57:39,2025-08-21 17:25:19
2525,P-0500,2,2,"P-0500.II_HI,P-0500.SI_LO",2025-08-21 21:52:29,2025-08-21 21:57:41
2526,P-0500,2,2,"P-0500.PDI_HI,P-0500.TI_HI",2025-08-22 01:34:04,2025-08-22 02:02:52
2527,P-0500,2,6,"P-0500.II_HI,P-0500.TI_HI",2025-08-22 10:08:28,2025-08-22 11:17:02
2528,P-0500,2,3,"P-0500.PDI_HI,P-0500.FI_LO",2025-08-22 11:50:49,2025-08-22 12:19:55
2529,P-0500,2,3,"P-0500.TI_HI,P-0500.II_HI",2025-08-22 13:36:49,2025-08-22 13:49:31
2530,P-0500,2,3,"P-0500.II_HI,P-0500.TI_HI",2025-08-22 14:58:53,2025-08-22 15:03:14
2531,P-0500,2,2,"P-0500.VI_HI,P-0500.TI_HI",2025-08-23 05:05:30,2025-08-23 05:12:10
2532,P-0500,2,2,"P-0500.TI_HI,P-0500.II_HI",2025-08-23 08:45:55,2025-08-23 08:46:42
2533,P-0500,2,4,"P-0500.II_HI,P-0500.TI_HI",2025-08-23 11:52:45,2025-08-23 12:34:15
2534,P-0500,2,3,"P-0500.II_HI,P-0500.TI_HI",2025-08-23 16:41:37,2025-08-23 17:18:27
2535,P-0500,2,2,"P-0500.VI_HI,P-0500.II_HI",2025-08-23 23:34:18,2025-08-23 23:38:46
2536,P-0500,2,2,"P-0500.TI_HI,P-0500.II_HI",2025-08-24 06:27:31,2025-08-24 06:34:40
2537,P-0500,2,2,"P-0500.TI_HI,P-0500.II_HI",2025-08-24 08:21:16,2025-08-24 08:41:42
2538,P-0500,2,2,"P-0500.TI_HI,P-0500.VI_HI",2025-08-24 11:38:03,2025-08-24 11:44:36
2539,P-0500,2,2,"P-0500.II_HI,P-0500.TI_HI",2025-08-25 10:20:56,2025-08-25 10:28:42
2540,P-0500,2,2,"P-0500.II_HI,P-0500.TI_HI",2025-08-25 11:13:22,2025-08-25 11:32:44
2541,P-0500,2,4,"P-0500.II_HI,P-0500.TI_HI",2025-08-25 12:12:27,2025-08-25 13:25:47
2542,P-0500,2,5,"P-0500.II_HI,P-0500.TI_HI",2025-08-25 17:44:30,2025-08-25 18:40:43
2543,P-0500,4,6,"P-0500.II_HI,P-0500.TI_HI,P-0500.VI_HI,P-0500.PI_HI",2025-08-26 10:05:36,2025-08-26 10:48:13
2544,P-0500,2,2,"P-0500.TI_HI,P-0500.PDI_HI",2025-08-26 11:28:30,2025-08-26 11:31:28
2545,P-0500,2,3,"P-0500.TI_HI,P-0500.II_HI",2025-08-26 15:39:10,2025-08-26 16:10:48
2546,P-0500,2,5,"P-0500.II_HI,P-0500.TI_HI",2025-08-27 10:08:13,2025-08-27 10:25:19
2547,P-0500,2,3,"P-0500.TI_HI,P-0500.PDI_HI",2025-08-27 11:58:09,2025-08-27 12:26:42
2548,P-0500,2,3,"P-0500.TI_HI,P-0500.II_HI",2025-08-27 13:40:09,2025-08-27 13:58:13
2549,P-0500,2,2,"P-0500.TI_HI,P-0500.II_HI",2025-08-28 07:40:56,2025-08-28 07:45:47
2550,P-0500,3,4,"P-0500.II_HI,P-0500.PI_HI,P-0500.TI_HI",2025-08-28 08:31:06,2025-08-28 09:01:37
2551,P-0500,2,2,"P-0500.II_HI,P-0500.SI_LO",2025-08-28 13:12:39,2025-08-28 13:34:33
2552,P-0500,3,4,"P-0500.FI_LO,P-0500.TI_HI,P-0500.II_HI",2025-08-28 14:50:13,2025-08-28 15:10:03
2553,P-0500,2,3,"P-0500.TI_HI,P-0500.PDI_HI",2025-08-29 11:29:11,2025-08-29 12:00:19
2554,P-0500,3,4,"P-0500.II_HI,P-0500.TI_HI,P-0500.PI_HI",2025-08-29 12:46:48,2025-08-29 13:28:54
2555,P-0500,2,5,"P-0500.II_HI,P-0500.TI_HI",2025-08-29 14:05:15,2025-08-29 14:53:33
2556,P-0500,2,2,"P-0500.PI_LO,P-0500.TI_HI",2025-08-29 23:09:37,2025-08-29 23:19:00
2557,P-0500,3,4,"P-0500.II_HI,P-0500.VI_HI,P-0500.TI_HI",2025-08-30 04:48:13,2025-08-30 05:24:50
2558,P-0500,4,5,"P-0500.FI_LO,P-0500.II_HI,P-0500.PI_LO,P-0500.TI_HI",2025-08-30 12:01:17,2025-08-30 12:31:15
2559,P-0500,2,2,"P-0500.FI_LO,P-0500.TI_HI",2025-08-30 13:20:43,2025-08-30 13:24:42
2560,P-0500,2,2,"P-0500.TI_HI,P-0500.II_HI",2025-08-30 14:14:17,2025-08-30 14:15:06
2561,P-0500,2,2,"P-0500.II_HI,P-0500.TI_HI",2025-08-30 16:03:11,2025-08-30 16:04:09
2562,P-0500,2,3,"P-0500.TI_HI,P-0500.II_HI",2025-08-30 16:35:00,2025-08-30 16:45:37
2563,P-0500,2,3,"P-0500.II_HI,P-0500.TI_HI",2025-08-31 10:13:59,2025-08-31 10:37:19
2564,P-0500,2,3,"P-0500.II_HI,P-0500.TI_HI",2025-08-31 11:56:20,2025-08-31 12:23:50
2565,P-0500,2,4,"P-0500.II_HI,P-0500.TI_HI",2025-08-31 13:00:10,2025-08-31 13:48:07
2566,P-0500,2,3,"P-0500.II_HI,P-0500.TI_HI",2025-08-31 15:26:13,2025-08-31 15:37:54
2567,P-0500,2,2,"P-0500.TI_HI,P-0500.II_HI",2025-08-31 17:51:46,2025-08-31 18:07:18
2568,P-0500,2,2,"P-0500.VI_HI,P-0500.FI_LO",2025-08-31 23:19:08,2025-08-31 23:26:04
2569,P-0500,3,5,"P-0500.TI_HI,P-0500.SI_LO,P-0500.II_HI",2025-09-01 06:18:09,2025-09-01 06:55:49
2570,P-0500,2,6,"P-0500.TI_HI,P-0500.II_HI",2025-09-01 11:14:36,2025-09-01 11:54:27
2571,P-0500,2,3,"P-0500.TI_HI,P-0500.II_HI",2025-09-01 16:29:58,2025-09-01 16:46:04
2572,P-0500,2,2,"P-0500.TI_HI,P-0500.II_HI",2025-09-01 22:05:27,2025-09-01 22:31:00
2573,P-0500,2,6,"P-0500.II_HI,P-0500.TI_HI",2025-09-02 08:38:42,2025-09-02 10:06:51
2574,P-0500,2,2,"P-0500.PDI_HI,P-0500.TI_HI",2025-09-02 11:44:58,2025-09-02 11:52:02
2575,P-0500,3,4,"P-0500.PI_LO,P-0500.II_HI,P-0500.TI_HI",2025-09-02 13:15:13,2025-09-02 13:32:39
2576,P-0500,2,2,"P-0500.TI_HI,P-0500.VI_HI",2025-09-03 05:29:41,2025-09-03 05:50:08
2577,P-0500,4,4,"P-0500.PI_HI,P-0500.TI_HI,P-0500.II_HI,P-0500.FI_LO",2025-09-03 10:44:26,2025-09-03 11:03:20
2578,P-0500,2,7,"P-0500.II_HI,P-0500.TI_HI",2025-09-03 12:05:02,2025-09-03 13:25:52
2579,P-0500,2,3,"P-0500.TI_HI,P-0500.SI_LO",2025-09-03 14:01:26,2025-09-03 14:34:45
2580,P-0500,3,4,"P-0500.PI_HI,P-0500.TI_HI,P-0500.II_HI",2025-09-03 15:39:36,2025-09-03 16:16:01
2581,P-0500,4,13,"P-0500.TI_HI,P-0500.VI_HI,P-0500.II_HI,P-0500.SI_LO",2025-09-04 14:39:06,2025-09-04 17:39:43
2582,P-0500,2,2,"P-0500.II_HI,P-0500.TI_HI",2025-09-04 19:27:28,2025-09-04 19:49:04
2583,P-0500,2,2,"P-0500.SI_LO,P-0500.PI_LO",2025-09-04 23:21:36,2025-09-04 23:49:49
2584,P-0500,2,3,"P-0500.TI_HI,P-0500.II_HI",2025-09-05 07:32:59,2025-09-05 08:02:40
2585,P-0500,2,2,"P-0500.TI_HI,P-0500.II_HI",2025-09-05 11:54:14,2025-09-05 11:56:27
2586,P-0500,2,2,"P-0500.II_HI,P-0500.TI_HI",2025-09-05 14:29:37,2025-09-05 14:37:31
2587,P-0500,2,5,"P-0500.II_HI,P-0500.PI_LO",2025-09-05 15:27:07,2025-09-05 16:17:37
2588,P-0500,3,4,"P-0500.VI_HI,P-0500.TI_HI,P-0500.II_HI",2025-09-05 17:26:40,2025-09-05 18:13:43
2589,P-0500,2,3,"P-0500.II_HI,P-0500.TI_HI",2025-09-06 06:21:38,2025-09-06 06:43:32
2590,P-0500,2,3,"P-0500.TI_HI,P-0500.PI_LO",2025-09-06 13:44:44,2025-09-06 13:49:01
2591,P-0500,2,2,"P-0500.PI_LO,P-0500.TI_HI",2025-09-06 16:55:55,2025-09-06 17:04:20
2592,P-0500,2,3,"P-0500.II_HI,P-0500.TI_HI",2025-09-06 18:01:39,2025-09-06 18:08:57
2593,P-0500,3,3,"P-0500.TI_HI,P-0500.FI_LO,P-0500.II_HI",2025-09-06 19:12:37,2025-09-06 19:53:23
2594,P-0500,2,3,"P-0500.II_HI,P-0500.TI_HI",2025-09-06 21:18:15,2025-09-06 21:41:27
2595,P-0500,2,2,"P-0500.TI_HI,P-0500.VI_HI",2025-09-06 23:33:31,2025-09-07 00:00:49
2596,P-0500,2,2,"P-0500.II_HI,P-0500.TI_HI",2025-09-07 07:11:34,2025-09-07 07:35:25
2597,P-0500,2,2,"P-0500.TI_HI,P-0500.PI_LO",2025-09-07 10:29:11,2025-09-07 10:35:47
2598,P-0500,2,2,"P-0500.TI_HI,P-0500.PI_LO",2025-09-07 13:33:57,2025-09-07 13:39:31
2599,P-0500,2,2,"P-0500.SI_LO,P-0500.II_HI",2025-09-07 14:45:14,2025-09-07 14:50:13
2600,P-0500,2,6,"P-0500.TI_HI,P-0500.II_HI",2025-09-07 15:21:45,2025-09-07 16:22:45
2601,P-0500,2,2,"P-0500.TI_HI,P-0500.II_HI",2025-09-07 18:43:01,2025-09-07 18:48:05
2602,P-0500,2,2,"P-0500.TI_HI,P-0500.II_HI",2025-09-08 00:04:58,2025-09-08 00:33:47
2603,P-0500,2,2,"P-0500.TI_HI,P-0500.II_HI",2025-09-08 04:52:40,2025-09-08 05:22:22
2604,P-0500,2,3,"P-0500.TI_HI,P-0500.II_HI",2025-09-08 07:02:40,2025-09-08 07:20:17
2605,P-0500,3,4,"P-0500.FI_LO,P-0500.TI_HI,P-0500.II_HI",2025-09-08 13:23:52,2025-09-08 14:11:43
2606,P-0500,2,4,"P-0500.TI_HI,P-0500.II_HI",2025-09-08 14:45:30,2025-09-08 15:38:35
2607,P-0500,2,3,"P-0500.II_HI,P-0500.TI_HI",2025-09-08 16:35:33,2025-09-08 17:09:53
2608,P-0500,2,2,"P-0500.TI_HI,P-0500.FI_LO",2025-09-08 23:06:42,2025-09-08 23:36:15
2609,P-0500,2,3,"P-0500.TI_HI,P-0500.II_HI",2025-09-09 07:01:56,2025-09-09 07:36:09
2610,P-0500,3,6,"P-0500.II_HI,P-0500.TI_HI,P-0500.PI_LO",2025-09-09 09:05:40,2025-09-09 10:13:28
2611,P-0500,4,5,"P-0500.FI_LO,P-0500.II_HI,P-0500.TI_HI,P-0500.PI_HI",2025-09-09 11:08:54,2025-09-09 12:07:28
2612,P-0500,2,2,"P-0500.TI_HI,P-0500.PI_LO",2025-09-09 19:51:04,2025-09-09 20:18:00
2613,P-0500,2,2,"P-0500.II_HI,P-0500.TI_HI",2025-09-10 00:25:49,2025-09-10 00:35:20
2614,P-0500,2,4,"P-0500.TI_HI,P-0500.VI_HI",2025-09-10 07:55:15,2025-09-10 08:30:17
2615,P-0500,3,3,"P-0500.TI_HI,P-0500.SI_LO,P-0500.PI_HI",2025-09-10 10:24:50,2025-09-10 10:47:45
2616,P-0500,2,3,"P-0500.II_HI,P-0500.TI_HI",2025-09-10 12:25:58,2025-09-10 12:39:43
2617,P-0500,2,3,"P-0500.II_HI,P-0500.SI_LO",2025-09-10 14:28:32,2025-09-10 15:18:15
2618,P-0500,2,2,"P-0500.II_HI,P-0500.TI_HI",2025-09-10 15:49:12,2025-09-10 16:09:49
2619,P-0500,3,3,"P-0500.II_HI,P-0500.TI_HI,P-0500.PDI_HI",2025-09-10 18:24:38,2025-09-10 18:48:28
2620,P-0500,2,3,"P-0500.TI_HI,P-0500.PI_HI",2025-09-11 06:47:33,2025-09-11 07:26:11
2621,P-0500,2,4,"P-0500.II_HI,P-0500.TI_HI",2025-09-11 08:04:02,2025-09-11 08:38:12
2622,P-0500,2,3,"P-0500.II_HI,P-0500.TI_HI",2025-09-11 16:34:50,2025-09-11 17:07:52
2623,P-0500,2,7,"P-0500.TI_HI,P-0500.II_HI",2025-09-12 09:12:52,2025-09-12 10:00:21
2624,P-0500,3,4,"P-0500.TI_HI,P-0500.PI_HI,P-0500.II_HI",2025-09-12 11:22:31,2025-09-12 12:31:30
2625,P-0500,3,5,"P-0500.II_HI,P-0500.PI_LO,P-0500.TI_HI",2025-09-12 13:27:10,2025-09-12 14:12:44
2626,P-0500,2,3,"P-0500.II_HI,P-0500.TI_HI",2025-09-12 16:36:21,2025-09-12 17:02:47
2627,P-0500,2,2,"P-0500.TI_HI,P-0500.II_HI",2025-09-13 02:54:29,2025-09-13 02:58:31
2628,P-0500,3,4,"P-0500.II_HI,P-0500.TI_HI,P-0500.VI_HI",2025-09-13 05:17:17,2025-09-13 06:15:25
2629,P-0500,2,3,"P-0500.TI_HI,P-0500.II_HI",2025-09-13 08:01:53,2025-09-13 08:34:43
2630,P-0500,2,3,"P-0500.II_HI,P-0500.TI_HI",2025-09-13 11:15:32,2025-09-13 12:03:36
2631,P-0500,3,3,"P-0500.II_HI,P-0500.PI_LO,P-0500.TI_HI",2025-09-13 12:57:44,2025-09-13 13:01:52
2632,P-0500,2,2,"P-0500.TI_HI,P-0500.II_HI",2025-09-13 13:44:10,2025-09-13 13:50:59
2633,P-0500,2,4,"P-0500.TI_HI,P-0500.II_HI",2025-09-13 23:19:30,2025-09-14 00:04:32
2634,P-0500,2,3,"P-0500.TI_HI,P-0500.II_HI",2025-09-14 04:33:19,2025-09-14 04:58:38
2635,P-0500,3,6,"P-0500.TI_HI,P-0500.II_HI,P-0500.PI_HI",2025-09-14 05:42:35,2025-09-14 06:38:37
2636,P-0500,3,3,"P-0500.II_HI,P-0500.TI_HI,P-0500.VI_HI",2025-09-14 08:07:37,2025-09-14 08:52:46
2637,P-0500,2,2,"P-0500.TI_HI,P-0500.II_HI",2025-09-14 12:49:26,2025-09-14 12:57:07
2638,P-0500,3,4,"P-0500.TI_HI,P-0500.PI_HI,P-0500.FI_LO",2025-09-14 15:25:30,2025-09-14 15:51:41
2639,P-0500,2,4,"P-0500.II_HI,P-0500.VI_HI",2025-09-15 07:42:43,2025-09-15 08:14:01
2640,P-0500,2,2,"P-0500.TI_HI,P-0500.II_HI",2025-09-15 10:27:57,2025-09-15 10:39:06
2641,P-0500,2,2,"P-0500.TI_HI,P-0500.II_HI",2025-09-15 11:29:58,2025-09-15 11:55:30
2642,P-0500,2,5,"P-0500.II_HI,P-0500.TI_HI",2025-09-15 12:47:15,2025-09-15 13:27:38
2643,P-0500,2,4,"P-0500.TI_HI,P-0500.PI_HI",2025-09-15 16:31:57,2025-09-15 17:00:00
2644,P-0500,2,2,"P-0500.TI_HI,P-0500.II_HI",2025-09-15 23:52:26,2025-09-16 00:21:39
2645,P-0500,2,2,"P-0500.II_HI,P-0500.TI_HI",2025-09-16 05:58:17,2025-09-16 06:10:05
2646,P-0500,3,10,"P-0500.TI_HI,P-0500.II_HI,P-0500.PI_LO",2025-09-16 10:34:36,2025-09-16 12:22:18
2647,P-0500,2,2,"P-0500.TI_HI,P-0500.II_HI",2025-09-16 13:20:35,2025-09-16 13:48:20
2648,P-0500,2,2,"P-0500.TI_HI,P-0500.II_HI",2025-09-16 14:47:15,2025-09-16 14:58:00
2649,P-0500,2,2,"P-0500.TI_HI,P-0500.II_HI",2025-09-16 16:25:07,2025-09-16 16:39:12
2650,P-0500,2,2,"P-0500.TI_HI,P-0500.II_HI",2025-09-16 18:36:42,2025-09-16 18:41:29
2651,P-0500,3,5,"P-0500.TI_HI,P-0500.II_HI,P-0500.PDI_HI",2025-09-17 08:20:47,2025-09-17 09:09:20
2652,P-0500,3,3,"P-0500.TI_HI,P-0500.PI_LO,P-0500.SI_LO",2025-09-17 11:15:48,2025-09-17 11:37:21
2653,P-0500,2,3,"P-0500.TI_HI,P-0500.II_HI",2025-09-17 13:42:42,2025-09-17 13:56:07
2654,P-0500,2,6,"P-0500.II_HI,P-0500.TI_HI",2025-09-17 15:14:50,2025-09-17 15:56:27
2655,P-0500,3,5,"P-0500.TI_HI,P-0500.II_HI,P-0500.FI_LO",2025-09-17 16:28:22,2025-09-17 17:24:09
2656,P-0500,2,3,"P-0500.TI_HI,P-0500.II_HI",2025-09-17 23:31:34,2025-09-18 00:10:10
2657,P-0500,2,3,"P-0500.SI_LO,P-0500.TI_HI",2025-09-18 08:01:57,2025-09-18 08:27:56
2658,P-0500,3,6,"P-0500.TI_HI,P-0500.II_HI,P-0500.SI_LO",2025-09-18 10:02:37,2025-09-18 10:41:24
2659,P-0500,2,5,"P-0500.II_HI,P-0500.TI_HI",2025-09-18 11:40:02,2025-09-18 12:16:58
2660,P-0500,2,5,"P-0500.II_HI,P-0500.TI_HI",2025-09-18 13:10:01,2025-09-18 14:18:17
2661,P-0500,2,5,"P-0500.II_HI,P-0500.SI_LO",2025-09-18 15:13:37,2025-09-18 16:08:33
2662,P-0500,2,5,"P-0500.TI_HI,P-0500.FI_LO",2025-09-19 03:51:56,2025-09-19 04:46:47
2663,P-0500,2,2,"P-0500.TI_HI,P-0500.II_HI",2025-09-19 05:35:20,2025-09-19 05:48:51
2664,P-0500,2,2,"P-0500.TI_HI,P-0500.II_HI",2025-09-19 07:32:26,2025-09-19 07:42:11
2665,P-0500,2,2,"P-0500.SI_LO,P-0500.TI_HI",2025-09-19 08:48:36,2025-09-19 09:15:29
2666,P-0500,3,3,"P-0500.TI_HI,P-0500.II_HI,P-0500.PDI_HI",2025-09-19 09:56:13,2025-09-19 10:15:25
2667,P-0500,3,4,"P-0500.TI_HI,P-0500.SI_LO,P-0500.II_HI",2025-09-19 11:27:20,2025-09-19 12:15:39
2668,P-0500,3,4,"P-0500.TI_HI,P-0500.PI_HI,P-0500.II_HI",2025-09-19 15:00:26,2025-09-19 15:28:06
2669,P-0500,2,3,"P-0500.PI_LO,P-0500.TI_HI",2025-09-19 17:29:19,2025-09-19 18:03:41
2670,P-0500,2,3,"P-0500.TI_HI,P-0500.II_HI",2025-09-20 10:23:34,2025-09-20 11:14:51
2671,P-0500,2,2,"P-0500.TI_HI,P-0500.PI_HI",2025-09-20 11:57:56,2025-09-20 12:24:15
2672,P-0500,2,2,"P-0500.TI_HI,P-0500.II_HI",2025-09-20 13:11:29,2025-09-20 13:35:38
2673,P-0500,2,6,"P-0500.TI_HI,P-0500.II_HI",2025-09-20 14:09:50,2025-09-20 14:46:52
2674,P-0500,2,2,"P-0500.II_HI,P-0500.TI_HI",2025-09-20 17:45:31,2025-09-20 18:11:02
2675,P-0500,3,3,"P-0500.TI_HI,P-0500.PI_HI,P-0500.II_HI",2025-09-21 06:18:20,2025-09-21 06:34:35
2676,P-0500,2,2,"P-0500.II_HI,P-0500.TI_HI",2025-09-21 08:29:12,2025-09-21 08:36:57
2677,P-0500,2,4,"P-0500.TI_HI,P-0500.II_HI",2025-09-21 10:02:06,2025-09-21 10:42:51
2678,P-0500,2,5,"P-0500.II_HI,P-0500.TI_HI",2025-09-21 13:00:24,2025-09-21 13:42:34
2679,P-0500,2,2,"P-0500.TI_HI,P-0500.PI_LO",2025-09-21 15:32:34,2025-09-21 15:36:33
2680,P-0500,3,3,"P-0500.PI_HI,P-0500.II_HI,P-0500.TI_HI",2025-09-21 17:03:04,2025-09-21 17:22:11
2681,P-0500,3,3,"P-0500.PI_LO,P-0500.TI_HI,P-0500.II_HI",2025-09-22 04:26:53,2025-09-22 04:40:57
2682,P-0500,2,3,"P-0500.TI_HI,P-0500.II_HI",2025-09-22 07:20:49,2025-09-22 07:51:46
2683,P-0500,2,3,"P-0500.II_HI,P-0500.TI_HI",2025-09-22 10:16:19,2025-09-22 10:39:33
2684,P-0500,2,3,"P-0500.TI_HI,P-0500.PDI_HI",2025-09-22 15:25:52,2025-09-22 16:09:02
2685,P-0500,2,2,"P-0500.TI_HI,P-0500.II_HI",2025-09-22 17:10:22,2025-09-22 17:15:22
2686,P-0500,2,4,"P-0500.II_HI,P-0500.TI_HI",2025-09-22 19:56:17,2025-09-22 20:35:45
2687,P-0500,3,4,"P-0500.SI_LO,P-0500.TI_HI,P-0500.PI_HI",2025-09-22 23:37:35,2025-09-22 23:54:00
2688,P-0500,2,5,"P-0500.TI_HI,P-0500.PI_HI",2025-09-23 06:05:05,2025-09-23 07:00:44
2689,P-0500,2,7,"P-0500.TI_HI,P-0500.II_HI",2025-09-23 08:21:02,2025-09-23 10:17:34
2690,P-0500,2,5,"P-0500.TI_HI,P-0500.II_HI",2025-09-23 12:48:58,2025-09-23 13:18:12
2691,P-0500,2,2,"P-0500.PI_HI,P-0500.II_HI",2025-09-23 15:24:31,2025-09-23 15:25:16
2692,P-0500,2,3,"P-0500.II_HI,P-0500.SI_LO",2025-09-23 19:47:22,2025-09-23 20:20:43
2693,P-0500,2,2,"P-0500.PI_LO,P-0500.TI_HI",2025-09-23 21:24:02,2025-09-23 21:24:04
2694,P-0500,2,4,"P-0500.II_HI,P-0500.TI_HI",2025-09-24 10:15:56,2025-09-24 10:39:33
2695,P-0500,3,6,"P-0500.PDI_HI,P-0500.TI_HI,P-0500.SI_LO",2025-09-24 11:31:19,2025-09-24 12:43:20
2696,P-0500,2,3,"P-0500.TI_HI,P-0500.II_HI",2025-09-24 13:24:36,2025-09-24 14:17:00
2697,P-0500,2,4,"P-0500.II_HI,P-0500.TI_HI",2025-09-24 15:19:47,2025-09-24 16:09:19
2698,P-0500,4,5,"P-0500.II_HI,P-0500.TI_HI,P-0500.VI_HI,P-0500.PDI_HI",2025-09-24 17:27:28,2025-09-24 17:58:08
2699,P-0500,2,3,"P-0500.TI_HI,P-0500.PI_HI",2025-09-24 20:16:33,2025-09-24 20:26:45
2700,P-0500,2,2,"P-0500.II_HI,P-0500.TI_HI",2025-09-24 21:17:30,2025-09-24 21:32:33
2701,P-0500,2,3,"P-0500.TI_HI,P-0500.PI_HI",2025-09-25 05:28:52,2025-09-25 05:51:51
2702,P-0500,2,2,"P-0500.II_HI,P-0500.TI_HI",2025-09-25 07:22:04,2025-09-25 07:36:03
2703,P-0500,3,5,"P-0500.II_HI,P-0500.TI_HI,P-0500.FI_LO",2025-09-25 08:33:29,2025-09-25 09:20:31
2704,P-0500,2,4,"P-0500.TI_HI,P-0500.II_HI",2025-09-25 10:55:50,2025-09-25 11:40:28
2705,P-0500,3,4,"P-0500.TI_HI,P-0500.II_HI,P-0500.PI_HI",2025-09-25 13:02:46,2025-09-25 13:37:29
2706,P-0500,2,3,"P-0500.TI_HI,P-0500.II_HI",2025-09-25 19:55:30,2025-09-25 20:09:15
2707,P-0500,2,2,"P-0500.FI_LO,P-0500.II_HI",2025-09-25 23:37:33,2025-09-25 23:47:09
2708,P-0500,2,9,"P-0500.TI_HI,P-0500.II_HI",2025-09-26 11:56:54,2025-09-26 12:51:20
2709,P-0500,2,2,"P-0500.II_HI,P-0500.TI_HI",2025-09-26 14:12:55,2025-09-26 14:35:04
2710,P-0500,2,3,"P-0500.II_HI,P-0500.TI_HI",2025-09-26 15:36:03,2025-09-26 15:43:06
2711,P-0500,2,2,"P-0500.II_HI,P-0500.TI_HI",2025-09-27 06:04:00,2025-09-27 06:20:10
2712,P-0500,2,5,"P-0500.TI_HI,P-0500.II_HI",2025-09-27 07:23:56,2025-09-27 08:08:08
2713,P-0500,2,4,"P-0500.TI_HI,P-0500.II_HI",2025-09-27 10:27:57,2025-09-27 10:52:49
2714,P-0500,2,2,"P-0500.II_HI,P-0500.TI_HI",2025-09-27 13:57:58,2025-09-27 14:14:32
2715,P-0500,5,12,"P-0500.TI_HI,P-0500.II_HI,P-0500.PI_HI,P-0500.SI_LO,P-0500.PDI_HI",2025-09-27 15:06:20,2025-09-27 17:30:52
2716,P-0500,2,2,"P-0500.PI_HI,P-0500.TI_HI",2025-09-27 20:53:06,2025-09-27 21:14:28
2717,P-0500,2,2,"P-0500.II_HI,P-0500.VI_HI",2025-10-01 11:01:15,2025-10-01 11:14:29
2718,P-0500,2,2,"P-0500.FI_LO,P-0500.PDI_HI",2025-10-02 10:22:52,2025-10-02 10:46:07
2719,P-0500,2,2,"P-0500.II_HI,P-0500.FI_LO",2025-10-03 12:13:43,2025-10-03 12:22:55
2720,P-0500,2,2,"P-0500.SI_LO,P-0500.TI_HI",2025-10-09 18:08:19,2025-10-09 18:29:44
2721,P-0500,2,2,"P-0500.PI_LO,P-0500.TI_HI",2025-10-10 07:30:47,2025-10-10 07:41:20
2722,P-0500,2,2,"P-0500.PDI_HI,P-0500.TI_HI",2025-10-13 23:42:18,2025-10-13 23:44:01
2723,P-0500,4,4,"P-0500.PI_HI,P-0500.PDI_HI,P-0500.PI_LO,P-0500.VI_HI",2025-10-14 10:07:36,2025-10-14 10:28:42
2724,P-0500,2,2,"P-0500.SI_LO,P-0500.II_HI",2025-10-17 10:29:54,2025-10-17 10:45:31
2725,P-0500,2,2,"P-0500.VI_HI,P-0500.SI_LO",2025-10-17 19:27:44,2025-10-17 19:41:15
2726,P-0500,2,2,"P-0500.II_HI,P-0500.PDI_HI",2025-10-19 12:27:26,2025-10-19 12:43:22
2727,P-0500,2,2,"P-0500.FI_LO,P-0500.II_HI",2025-10-19 16:38:50,2025-10-19 16:54:11
2728,P-0500,2,2,"P-0500.TI_HI,P-0500.FI_LO",2025-10-21 10:43:49,2025-10-21 10:56:12
2729,P-0500,3,3,"P-0500.TI_HI,P-0500.PI_LO,P-0500.II_HI",2025-10-22 12:04:27,2025-10-22 12:42:15
2730,P-0500,2,2,"P-0500.PI_LO,P-0500.VI_HI",2025-10-22 16:25:26,2025-10-22 16:39:54
2731,P-0500,2,2,"P-0500.II_HI,P-0500.PI_LO",2025-10-23 14:45:08,2025-10-23 14:57:02
2732,P-0500,2,2,"P-0500.PDI_HI,P-0500.TI_HI",2025-10-23 17:15:16,2025-10-23 17:36:03
2733,P-0500,2,2,"P-0500.II_HI,P-0500.VI_HI",2025-10-25 08:52:03,2025-10-25 09:11:12
2734,P-0500,2,2,"P-0500.SI_LO,P-0500.TI_HI",2025-10-25 17:07:09,2025-10-25 17:32:16
2735,P-0500,2,2,"P-0500.VI_HI,P-0500.PI_HI",2025-10-26 07:15:47,2025-10-26 07:17:04
2736,P-0500,2,3,"P-0500.PI_HI,P-0500.PDI_HI",2025-10-26 10:41:45,2025-10-26 10:50:34
2737,P-0500,2,2,"P-0500.FI_LO,P-0500.TI_HI",2025-10-27 12:12:37,2025-10-27 12:24:58
2738,P-0500,2,2,"P-0500.PI_HI,P-0500.TI_HI",2025-10-28 10:23:17,2025-10-28 10:44:01
2739,P-0500,2,2,"P-0500.II_HI,P-0500.PI_HI",2025-11-01 15:37:38,2025-11-01 16:01:19
2740,P-0500,2,2,"P-0500.PI_HI,P-0500.VI_HI",2025-11-02 09:26:39,2025-11-02 09:47:02
2741,P-0500,2,2,"P-0500.FI_LO,P-0500.PI_HI",2025-11-09 14:11:39,2025-11-09 14:23:35
2742,P-0500,4,4,"P-0500.VI_HI,P-0500.TI_HI,P-0500.PI_LO,P-0500.FI_LO",2025-11-10 15:47:46,2025-11-10 16:47:13
2743,P-0500,3,3,"P-0500.SI_LO,P-0500.PI_LO,P-0500.PDI_HI",2025-11-13 12:24:25,2025-11-13 12:46:16
2744,P-0500,2,2,"P-0500.PI_HI,P-0500.II_HI",2025-11-16 12:55:54,2025-11-16 12:57:31
2745,P-0500,2,2,"P-0500.VI_HI,P-0500.TI_HI",2025-11-18 10:32:16,2025-11-18 10:44:38
2746,P-0500,2,2,"P-0500.SI_LO,P-0500.VI_HI",2025-11-20 12:42:23,2025-11-20 13:08:25
2747,P-0500,2,2,"P-0500.FI_LO,P-0500.VI_HI",2025-11-21 14:43:38,2025-11-21 14:51:09
2748,P-0500,2,3,"P-0500.II_HI,P-0500.FI_LO",2025-11-24 23:04:25,2025-11-24 23:24:04
2749,P-0500,3,3,"P-0500.II_HI,P-0500.SI_LO,P-0500.FI_LO",2025-11-29 12:46:58,2025-11-29 13:07:07
2750,P-0500,3,3,"P-0500.SI_LO,P-0500.TI_HI,P-0500.PI_LO",2025-11-30 11:01:29,2025-11-30 11:17:50
2751,P-0500,2,2,"P-0500.FI_LO,P-0500.TI_HI",2025-12-05 08:16:46,2025-12-05 08:43:19
2752,P-0500,2,2,"P-0500.TI_HI,P-0500.PI_HI",2025-12-05 18:45:47,2025-12-05 19:02:46
2753,P-0500,2,2,"P-0500.SI_LO,P-0500.FI_LO",2025-12-06 05:11:32,2025-12-06 05:17:14
2754,P-0500,3,3,"P-0500.II_HI,P-0500.SI_LO,P-0500.VI_HI",2025-12-06 14:23:59,2025-12-06 14:52:05
2755,P-0500,3,4,"P-0500.FI_LO,P-0500.VI_HI,P-0500.PI_LO",2025-12-08 10:49:24,2025-12-08 11:39:48
2756,P-0500,2,2,"P-0500.FI_LO,P-0500.VI_HI",2025-12-11 18:07:40,2025-12-11 18:12:26
2757,P-0500,2,2,"P-0500.FI_LO,P-0500.TI_HI",2025-12-12 14:32:49,2025-12-12 14:50:06
2758,P-0500,2,2,"P-0500.II_HI,P-0500.FI_LO",2025-12-12 17:11:03,2025-12-12 17:27:22
2759,P-0500,2,2,"P-0500.II_HI,P-0500.PI_LO",2025-12-13 11:34:41,2025-12-13 11:55:46
2760,P-0500,2,2,"P-0500.II_HI,P-0500.VI_HI",2025-12-14 23:19:50,2025-12-14 23:34:16
2761,P-0500,2,2,"P-0500.PI_LO,P-0500.TI_HI",2025-12-16 17:21:23,2025-12-16 17:50:45
2762,P-0500,2,2,"P-0500.FI_LO,P-0500.PI_LO",2025-12-17 18:00:52,2025-12-17 18:11:51
2763,P-0500,2,2,"P-0500.SI_LO,P-0500.FI_LO",2025-12-18 09:44:08,2025-12-18 10:00:13
2764,P-0500,2,3,"P-0500.PI_LO,P-0500.TI_HI",2025-12-18 11:58:24,2025-12-18 12:46:10
2765,P-0500,2,3,"P-0500.PI_HI,P-0500.PI_LO",2025-12-21 13:29:11,2025-12-21 14:05:58
2766,P-0500,2,2,"P-0500.SI_LO,P-0500.FI_LO",2025-12-23 11:40:38,2025-12-23 12:06:16
2767,P-0500,2,2,"P-0500.TI_HI,P-0500.VI_HI",2025-12-25 14:11:42,2025-12-25 14:31:06
2768,P-0500,2,2,"P-0500.II_HI,P-0500.FI_LO",2025-12-26 13:15:39,2025-12-26 13:27:21
2769,P-0500,2,2,"P-0500.FI_LO,P-0500.PI_LO",2025-12-26 21:35:56,2025-12-26 21:44:10
2770,P-0500,3,4,"P-0500.TI_HI,P-0500.SI_LO,P-0500.VI_HI",2025-12-29 15:08:40,2025-12-29 15:31:59
2771,P-0500,2,2,"P-0500.FI_LO,P-0500.SI_LO",2025-12-29 22:48:03,2025-12-29 23:03:22
2772,P-0500,2,2,"P-0500.SI_LO,P-0500.PI_HI",2025-12-31 16:48:43,2025-12-31 17:12:20
2773,P-0200,2,2,"P-0200.II_HI,P-0200.VI_HI",2025-01-01 14:10:06,2025-01-01 14:35:45
2774,P-0200,2,2,"P-0200.II_HI,P-0200.SI_LO",2025-01-02 11:35:36,2025-01-02 12:02:31
2775,P-0200,2,2,"P-0200.VI_HI,P-0200.SI_LO",2025-01-02 17:08:27,2025-01-02 17:31:17
2776,P-0200,2,2,"P-0200.PI_HI,P-0200.VI_HI",2025-01-03 14:30:35,2025-01-03 14:33:50
2777,P-0200,2,2,"P-0200.PI_LO,P-0200.FI_LO",2025-01-04 04:54:21,2025-01-04 04:54:34
2778,P-0200,3,3,"P-0200.PI_LO,P-0200.FI_LO,P-0200.PDI_HI",2025-01-04 16:18:45,2025-01-04 16:40:41
2779,P-0200,2,2,"P-0200.TI_HI,P-0200.SI_LO",2025-01-06 12:17:34,2025-01-06 12:18:02
2780,P-0200,2,3,"P-0200.PI_HI,P-0200.FI_LO",2025-01-06 13:51:25,2025-01-06 14:28:50
2781,P-0200,3,3,"P-0200.TI_HI,P-0200.PDI_HI,P-0200.FI_LO",2025-01-07 10:50:08,2025-01-07 11:18:47
2782,P-0200,3,3,"P-0200.II_HI,P-0200.PI_LO,P-0200.PDI_HI",2025-01-08 11:25:55,2025-01-08 12:08:41
2783,P-0200,2,3,"P-0200.PDI_HI,P-0200.PI_HI",2025-01-11 18:21:56,2025-01-11 18:52:19
2784,P-0200,2,2,"P-0200.VI_HI,P-0200.II_HI",2025-01-12 13:45:04,2025-01-12 14:15:04
2785,P-0200,2,2,"P-0200.II_HI,P-0200.TI_HI",2025-01-13 16:33:32,2025-01-13 16:46:29
2786,P-0200,2,2,"P-0200.PI_LO,P-0200.SI_LO",2025-01-18 22:40:20,2025-01-18 22:49:07
2787,P-0200,2,3,"P-0200.PI_LO,P-0200.TI_HI",2025-01-19 10:21:07,2025-01-19 10:48:56
2788,P-0200,2,2,"P-0200.PI_LO,P-0200.FI_LO",2025-01-19 17:49:00,2025-01-19 18:18:17
2789,P-0200,2,2,"P-0200.VI_HI,P-0200.II_HI",2025-01-20 09:48:56,2025-01-20 09:54:39
2790,P-0200,2,2,"P-0200.II_HI,P-0200.PDI_HI",2025-01-20 14:09:21,2025-01-20 14:34:18
2791,P-0200,4,4,"P-0200.VI_HI,P-0200.TI_HI,P-0200.SI_LO,P-0200.PDI_HI",2025-01-20 15:45:02,2025-01-20 16:13:15
2792,P-0200,3,3,"P-0200.II_HI,P-0200.PI_HI,P-0200.TI_HI",2025-01-20 16:43:27,2025-01-20 17:09:34
2793,P-0200,2,2,"P-0200.PDI_HI,P-0200.FI_LO",2025-01-21 10:24:40,2025-01-21 10:41:08
2794,P-0200,2,2,"P-0200.TI_HI,P-0200.II_HI",2025-01-22 13:12:30,2025-01-22 13:34:20
2795,P-0200,2,2,"P-0200.PI_HI,P-0200.VI_HI",2025-01-25 18:30:17,2025-01-25 18:47:41
2796,P-0200,2,2,"P-0200.PI_LO,P-0200.PDI_HI",2025-01-26 13:41:11,2025-01-26 13:51:07
2797,P-0200,2,2,"P-0200.PDI_HI,P-0200.PI_LO",2025-01-26 18:25:12,2025-01-26 18:45:55
2798,P-0200,2,3,"P-0200.PDI_HI,P-0200.PI_HI",2025-01-28 08:57:17,2025-01-28 09:13:14
2799,P-0200,2,2,"P-0200.PDI_HI,P-0200.PI_HI",2025-01-30 09:18:58,2025-01-30 09:24:44
2800,P-0200,2,2,"P-0200.PI_HI,P-0200.TI_HI",2025-01-31 13:05:18,2025-01-31 13:29:12
2801,P-0200,2,2,"P-0200.PI_HI,P-0200.TI_HI",2025-02-02 11:14:01,2025-02-02 11:20:02
2802,P-0200,2,2,"P-0200.PI_LO,P-0200.PDI_HI",2025-02-04 08:54:04,2025-02-04 09:01:38
2803,P-0200,2,2,"P-0200.PDI_HI,P-0200.II_HI",2025-02-04 16:54:04,2025-02-04 17:02:25
2804,P-0200,2,2,"P-0200.SI_LO,P-0200.TI_HI",2025-02-05 08:34:35,2025-02-05 08:57:03
2805,P-0200,2,2,"P-0200.II_HI,P-0200.TI_HI",2025-02-08 23:43:28,2025-02-08 23:56:24
2806,P-0200,2,2,"P-0200.II_HI,P-0200.FI_LO",2025-02-09 14:53:36,2025-02-09 15:13:11
2807,P-0200,2,2,"P-0200.FI_LO,P-0200.PDI_HI",2025-02-11 10:16:32,2025-02-11 10:34:41
2808,P-0200,2,2,"P-0200.PI_LO,P-0200.PI_HI",2025-02-14 15:56:05,2025-02-14 16:24:34
2809,P-0200,2,2,"P-0200.TI_HI,P-0200.II_HI",2025-02-18 12:27:31,2025-02-18 12:44:01
2810,P-0200,2,2,"P-0200.TI_HI,P-0200.FI_LO",2025-02-21 10:45:40,2025-02-21 10:48:18
2811,P-0200,2,2,"P-0200.VI_HI,P-0200.TI_HI",2025-02-27 00:03:14,2025-02-27 00:16:25
2812,P-0200,2,2,"P-0200.VI_HI,P-0200.FI_LO",2025-02-27 13:17:33,2025-02-27 13:36:38
2813,P-0200,2,2,"P-0200.PDI_HI,P-0200.SI_LO",2025-02-28 05:38:12,2025-02-28 05:52:58
2814,P-0200,2,2,"P-0200.II_HI,P-0200.PI_HI",2025-03-01 17:17:44,2025-03-01 17:39:21
2815,P-0200,2,2,"P-0200.PI_HI,P-0200.FI_LO",2025-03-03 11:04:34,2025-03-03 11:13:30
2816,P-0200,2,2,"P-0200.PDI_HI,P-0200.VI_HI",2025-03-06 15:32:22,2025-03-06 15:49:37
2817,P-0200,2,2,"P-0200.SI_LO,P-0200.TI_HI",2025-03-12 23:24:54,2025-03-12 23:41:46
2818,P-0200,2,2,"P-0200.SI_LO,P-0200.VI_HI",2025-03-14 19:17:36,2025-03-14 19:20:48
2819,P-0200,2,2,"P-0200.PI_LO,P-0200.FI_LO",2025-03-16 21:27:53,2025-03-16 21:44:53
2820,P-0200,2,2,"P-0200.SI_LO,P-0200.VI_HI",2025-03-19 18:24:47,2025-03-19 18:29:35
2821,P-0200,2,2,"P-0200.VI_HI,P-0200.II_HI",2025-03-20 10:20:16,2025-03-20 10:23:26
2822,P-0200,2,3,"P-0200.PI_HI,P-0200.TI_HI",2025-03-21 09:45:41,2025-03-21 10:03:38
2823,P-0200,2,2,"P-0200.TI_HI,P-0200.VI_HI",2025-03-21 13:43:10,2025-03-21 13:57:31
2824,P-0200,2,2,"P-0200.TI_HI,P-0200.PI_LO",2025-03-21 19:18:31,2025-03-21 19:42:09
2825,P-0200,2,2,"P-0200.VI_HI,P-0200.PI_LO",2025-03-22 08:24:27,2025-03-22 08:31:58
2826,P-0200,2,2,"P-0200.FI_LO,P-0200.PI_HI",2025-03-26 11:23:41,2025-03-26 11:47:17
2827,P-0200,2,2,"P-0200.II_HI,P-0200.TI_HI",2025-03-30 14:00:00,2025-03-30 14:15:11
2828,P-0200,2,2,"P-0200.II_HI,P-0200.PDI_HI",2025-04-05 10:26:28,2025-04-05 10:33:47
2829,P-0200,2,2,"P-0200.FI_LO,P-0200.PDI_HI",2025-04-05 14:38:24,2025-04-05 14:41:50
2830,P-0200,2,2,"P-0200.PI_HI,P-0200.FI_LO",2025-04-05 19:58:41,2025-04-05 20:01:26
2831,P-0200,2,2,"P-0200.VI_HI,P-0200.FI_LO",2025-04-07 23:02:49,2025-04-07 23:24:51
2832,P-0200,2,2,"P-0200.II_HI,P-0200.PI_LO",2025-04-10 11:36:15,2025-04-10 11:36:21
2833,P-0200,2,2,"P-0200.PI_HI,P-0200.PI_LO",2025-04-23 23:33:56,2025-04-23 23:44:32
2834,P-0200,2,2,"P-0200.FI_LO,P-0200.PDI_HI",2025-04-24 16:35:07,2025-04-24 16:57:43
2835,P-0200,2,2,"P-0200.TI_HI,P-0200.PI_HI",2025-04-26 15:11:53,2025-04-26 15:37:08
2836,P-0200,2,2,"P-0200.TI_HI,P-0200.VI_HI",2025-05-02 12:20:05,2025-05-02 12:49:11
2837,P-0200,2,2,"P-0200.SI_LO,P-0200.PDI_HI",2025-05-02 23:34:40,2025-05-02 23:36:05
2838,P-0200,3,3,"P-0200.PDI_HI,P-0200.PI_HI,P-0200.TI_HI",2025-05-03 10:54:38,2025-05-03 11:29:21
2839,P-0200,2,2,"P-0200.PI_LO,P-0200.FI_LO",2025-05-07 16:12:19,2025-05-07 16:27:06
2840,P-0200,2,2,"P-0200.PDI_HI,P-0200.FI_LO",2025-05-09 12:19:29,2025-05-09 12:34:14
2841,P-0200,2,2,"P-0200.TI_HI,P-0200.II_HI",2025-05-10 13:56:32,2025-05-10 14:20:25
2842,P-0200,2,2,"P-0200.PI_LO,P-0200.II_HI",2025-05-10 23:45:31,2025-05-10 23:54:58
2843,P-0200,2,2,"P-0200.FI_LO,P-0200.SI_LO",2025-05-20 12:10:30,2025-05-20 12:39:07
2844,P-0200,2,2,"P-0200.FI_LO,P-0200.TI_HI",2025-05-21 08:31:02,2025-05-21 08:41:12
2845,P-0200,2,2,"P-0200.VI_HI,P-0200.II_HI",2025-05-22 21:04:25,2025-05-22 21:13:50
2846,P-0200,2,2,"P-0200.II_HI,P-0200.FI_LO",2025-05-23 12:17:12,2025-05-23 12:19:57
2847,P-0200,2,2,"P-0200.PI_HI,P-0200.PI_LO",2025-05-27 22:40:43,2025-05-27 22:51:47
2848,P-0200,3,3,"P-0200.PI_LO,P-0200.SI_LO,P-0200.VI_HI",2025-05-31 15:53:29,2025-05-31 16:03:47
2849,P-0200,2,2,"P-0200.PDI_HI,P-0200.VI_HI",2025-06-02 04:36:05,2025-06-02 05:05:07
2850,P-0200,2,3,"P-0200.PI_LO,P-0200.VI_HI",2025-06-02 11:38:21,2025-06-02 12:04:53
2851,P-0200,2,2,"P-0200.PI_LO,P-0200.SI_LO",2025-06-02 17:34:50,2025-06-02 17:51:54
2852,P-0200,2,2,"P-0200.TI_HI,P-0200.PI_LO",2025-06-09 22:07:07,2025-06-09 22:18:18
2853,P-0200,2,2,"P-0200.VI_HI,P-0200.PDI_HI",2025-06-11 12:28:48,2025-06-11 12:35:14
2854,P-0200,2,2,"P-0200.PDI_HI,P-0200.PI_HI",2025-06-11 13:14:23,2025-06-11 13:14:43
2855,P-0200,2,2,"P-0200.II_HI,P-0200.PDI_HI",2025-06-12 23:11:42,2025-06-12 23:25:46
2856,P-0200,2,2,"P-0200.II_HI,P-0200.TI_HI",2025-06-13 16:35:18,2025-06-13 16:56:06
2857,P-0200,2,2,"P-0200.II_HI,P-0200.VI_HI",2025-06-14 05:08:13,2025-06-14 05:30:25
2858,P-0200,2,2,"P-0200.TI_HI,P-0200.PDI_HI",2025-06-14 06:21:55,2025-06-14 06:41:27
2859,P-0200,2,2,"P-0200.VI_HI,P-0200.PI_HI",2025-06-15 08:05:59,2025-06-15 08:26:07
2860,P-0200,2,2,"P-0200.VI_HI,P-0200.SI_LO",2025-06-16 07:24:34,2025-06-16 07:52:36
2861,P-0200,2,4,"P-0200.TI_HI,P-0200.II_HI",2025-06-16 14:23:47,2025-06-16 14:48:42
2862,P-0200,2,2,"P-0200.PI_LO,P-0200.SI_LO",2025-06-17 08:26:57,2025-06-17 08:49:55
2863,P-0200,2,3,"P-0200.FI_LO,P-0200.PI_HI",2025-06-17 12:27:00,2025-06-17 13:01:52
2864,P-0200,2,2,"P-0200.PI_LO,P-0200.TI_HI",2025-06-19 19:45:03,2025-06-19 20:12:13
2865,P-0200,2,2,"P-0200.TI_HI,P-0200.PI_HI",2025-06-20 13:44:58,2025-06-20 14:06:59
2866,P-0200,2,2,"P-0200.PI_HI,P-0200.VI_HI",2025-06-23 21:34:33,2025-06-23 21:34:43
2867,P-0200,2,2,"P-0200.II_HI,P-0200.FI_LO",2025-06-24 06:12:58,2025-06-24 06:40:37
2868,P-0200,2,2,"P-0200.PI_LO,P-0200.FI_LO",2025-06-24 11:06:19,2025-06-24 11:30:13
2869,P-0200,2,2,"P-0200.PI_HI,P-0200.SI_LO",2025-06-24 15:29:14,2025-06-24 15:43:36
2870,P-0200,2,2,"P-0200.SI_LO,P-0200.VI_HI",2025-06-25 15:43:00,2025-06-25 16:01:22
2871,P-0200,2,2,"P-0200.FI_LO,P-0200.II_HI",2025-06-27 19:10:57,2025-06-27 19:37:06
2872,P-0200,3,3,"P-0200.FI_LO,P-0200.PDI_HI,P-0200.SI_LO",2025-06-28 16:30:33,2025-06-28 16:50:55
2873,P-0200,2,2,"P-0200.FI_LO,P-0200.PDI_HI",2025-06-28 23:10:39,2025-06-28 23:13:46
2874,P-0200,2,2,"P-0200.II_HI,P-0200.PI_LO",2025-06-29 20:41:00,2025-06-29 21:00:04
2875,P-0200,2,2,"P-0200.PI_HI,P-0200.TI_HI",2025-06-30 14:44:22,2025-06-30 14:46:17
2876,P-0200,2,2,"P-0200.SI_LO,P-0200.TI_HI",2025-06-30 16:56:11,2025-06-30 17:06:58
2877,P-0200,3,3,"P-0200.VI_HI,P-0200.PDI_HI,P-0200.PI_HI",2025-07-01 10:05:41,2025-07-01 10:52:46
2878,P-0200,2,2,"P-0200.SI_LO,P-0200.FI_LO",2025-07-01 11:52:45,2025-07-01 12:21:57
2879,P-0200,2,2,"P-0200.FI_LO,P-0200.PDI_HI",2025-07-04 07:33:32,2025-07-04 08:00:30
2880,P-0200,2,2,"P-0200.PDI_HI,P-0200.II_HI",2025-07-06 20:34:26,2025-07-06 20:42:49
2881,P-0200,3,3,"P-0200.PI_LO,P-0200.TI_HI,P-0200.PI_HI",2025-07-07 10:00:28,2025-07-07 10:35:48
2882,P-0200,2,2,"P-0200.VI_HI,P-0200.SI_LO",2025-07-07 23:48:07,2025-07-07 23:56:08
2883,P-0200,2,3,"P-0200.VI_HI,P-0200.FI_LO",2025-07-09 07:50:53,2025-07-09 08:40:49
2884,P-0200,2,2,"P-0200.PI_LO,P-0200.FI_LO",2025-07-09 21:24:46,2025-07-09 21:32:59
2885,P-0200,2,2,"P-0200.PI_HI,P-0200.FI_LO",2025-07-14 10:58:03,2025-07-14 11:07:35
2886,P-0200,2,2,"P-0200.FI_LO,P-0200.PDI_HI",2025-07-16 17:54:33,2025-07-16 18:08:44
2887,P-0200,2,2,"P-0200.PI_LO,P-0200.VI_HI",2025-07-17 11:39:27,2025-07-17 12:08:26
2888,P-0200,2,2,"P-0200.PI_LO,P-0200.VI_HI",2025-07-18 16:42:08,2025-07-18 17:07:22
2889,P-0200,2,2,"P-0200.TI_HI,P-0200.PI_LO",2025-07-18 20:57:02,2025-07-18 21:09:51
2890,P-0200,2,2,"P-0200.II_HI,P-0200.VI_HI",2025-07-20 14:01:36,2025-07-20 14:10:37
2891,P-0200,2,2,"P-0200.SI_LO,P-0200.PI_LO",2025-07-23 14:29:39,2025-07-23 14:45:18
2892,P-0200,3,3,"P-0200.PI_HI,P-0200.PDI_HI,P-0200.SI_LO",2025-07-25 09:47:51,2025-07-25 10:12:44
2893,P-0200,2,2,"P-0200.FI_LO,P-0200.II_HI",2025-07-27 16:32:04,2025-07-27 16:42:45
2894,P-0200,2,2,"P-0200.TI_HI,P-0200.PDI_HI",2025-07-28 14:33:58,2025-07-28 14:35:11
2895,P-0200,3,3,"P-0200.PI_HI,P-0200.TI_HI,P-0200.FI_LO",2025-07-31 10:47:04,2025-07-31 11:11:38
2896,P-0200,3,3,"P-0200.PI_HI,P-0200.FI_LO,P-0200.II_HI",2025-08-05 08:52:51,2025-08-05 09:26:35
2897,P-0200,2,2,"P-0200.TI_HI,P-0200.PI_LO",2025-08-06 15:06:37,2025-08-06 15:22:30
2898,P-0200,2,2,"P-0200.PDI_HI,P-0200.FI_LO",2025-08-08 13:15:07,2025-08-08 13:31:11
2899,P-0200,2,3,"P-0200.PI_LO,P-0200.SI_LO",2025-08-08 16:57:22,2025-08-08 17:38:50
2900,P-0200,2,2,"P-0200.TI_HI,P-0200.SI_LO",2025-08-10 10:12:36,2025-08-10 10:28:30
2901,P-0200,2,2,"P-0200.TI_HI,P-0200.SI_LO",2025-08-11 10:37:51,2025-08-11 11:05:39
2902,P-0200,2,2,"P-0200.VI_HI,P-0200.FI_LO",2025-08-11 12:09:10,2025-08-11 12:10:23
2903,P-0200,2,2,"P-0200.VI_HI,P-0200.TI_HI",2025-08-13 13:14:37,2025-08-13 13:17:22
2904,P-0200,2,2,"P-0200.PI_LO,P-0200.II_HI",2025-08-16 05:53:02,2025-08-16 05:55:06
2905,P-0200,3,3,"P-0200.PI_LO,P-0200.PI_HI,P-0200.PDI_HI",2025-08-16 14:17:27,2025-08-16 14:44:00
2906,P-0200,3,3,"P-0200.PDI_HI,P-0200.II_HI,P-0200.PI_LO",2025-08-23 15:25:54,2025-08-23 16:02:47
2907,P-0200,2,2,"P-0200.VI_HI,P-0200.FI_LO",2025-08-25 11:00:33,2025-08-25 11:04:44
2908,P-0200,2,2,"P-0200.FI_LO,P-0200.PI_LO",2025-08-26 13:56:55,2025-08-26 14:08:09
2909,P-0200,2,2,"P-0200.VI_HI,P-0200.II_HI",2025-08-27 13:27:49,2025-08-27 13:31:12
2910,P-0200,2,2,"P-0200.PI_HI,P-0200.PI_LO",2025-08-28 08:40:31,2025-08-28 08:49:08
2911,P-0200,2,2,"P-0200.PDI_HI,P-0200.TI_HI",2025-08-28 17:52:01,2025-08-28 18:03:40
2912,P-0200,2,2,"P-0200.FI_LO,P-0200.SI_LO",2025-08-30 07:55:36,2025-08-30 08:07:39
2913,P-0200,2,2,"P-0200.PI_LO,P-0200.VI_HI",2025-09-04 20:17:32,2025-09-04 20:30:28
2914,P-0200,2,2,"P-0200.VI_HI,P-0200.PI_HI",2025-09-06 09:14:28,2025-09-06 09:36:53
2915,P-0200,2,2,"P-0200.VI_HI,P-0200.PI_HI",2025-09-06 16:16:38,2025-09-06 16:42:55
2916,P-0200,2,2,"P-0200.FI_LO,P-0200.II_HI",2025-09-08 10:01:30,2025-09-08 10:16:01
2917,P-0200,2,2,"P-0200.PI_HI,P-0200.SI_LO",2025-09-08 15:13:35,2025-09-08 15:41:58
2918,P-0200,4,4,"P-0200.FI_LO,P-0200.PI_LO,P-0200.SI_LO,P-0200.PI_HI",2025-09-09 14:53:25,2025-09-09 15:24:04
2919,P-0200,2,2,"P-0200.SI_LO,P-0200.TI_HI",2025-09-09 20:28:49,2025-09-09 20:48:48
2920,P-0200,2,2,"P-0200.VI_HI,P-0200.TI_HI",2025-09-12 08:42:51,2025-09-12 08:58:59
2921,P-0200,2,2,"P-0200.PDI_HI,P-0200.PI_LO",2025-09-14 04:15:00,2025-09-14 04:30:13
2922,P-0200,2,2,"P-0200.SI_LO,P-0200.FI_LO",2025-09-14 15:10:18,2025-09-14 15:11:50
2923,P-0200,2,2,"P-0200.II_HI,P-0200.VI_HI",2025-09-15 11:36:50,2025-09-15 12:01:03
2924,P-0200,2,2,"P-0200.VI_HI,P-0200.PI_HI",2025-09-16 17:11:47,2025-09-16 17:17:52
2925,P-0200,3,3,"P-0200.II_HI,P-0200.PI_HI,P-0200.SI_LO",2025-09-17 16:00:24,2025-09-17 16:07:16
2926,P-0200,2,2,"P-0200.TI_HI,P-0200.SI_LO",2025-09-18 09:18:50,2025-09-18 09:26:28
2927,P-0200,2,2,"P-0200.FI_LO,P-0200.VI_HI",2025-09-18 13:56:02,2025-09-18 14:10:57
2928,P-0200,2,2,"P-0200.PDI_HI,P-0200.PI_LO",2025-09-19 11:49:33,2025-09-19 12:10:20
2929,P-0200,2,2,"P-0200.PI_LO,P-0200.TI_HI",2025-09-20 23:47:58,2025-09-20 23:48:28
2930,P-0200,2,2,"P-0200.PDI_HI,P-0200.PI_LO",2025-09-24 12:17:14,2025-09-24 12:34:18
2931,P-0200,2,3,"P-0200.FI_LO,P-0200.VI_HI",2025-09-25 05:04:17,2025-09-25 05:19:25
2932,P-0200,2,2,"P-0200.TI_HI,P-0200.II_HI",2025-09-26 16:39:41,2025-09-26 16:51:45
2933,P-0200,2,2,"P-0200.PI_HI,P-0200.FI_LO",2025-09-27 10:26:33,2025-09-27 10:44:24
2934,P-0200,2,2,"P-0200.SI_LO,P-0200.TI_HI",2025-09-27 19:49:05,2025-09-27 20:00:41
2935,P-0200,2,2,"P-0200.SI_LO,P-0200.II_HI",2025-10-01 16:37:52,2025-10-01 16:39:47
2936,P-0200,2,2,"P-0200.PDI_HI,P-0200.PI_LO",2025-10-02 21:16:56,2025-10-02 21:40:04
2937,P-0200,2,2,"P-0200.PI_LO,P-0200.VI_HI",2025-10-04 23:12:38,2025-10-04 23:40:04
2938,P-0200,2,3,"P-0200.PDI_HI,P-0200.PI_LO",2025-10-05 17:33:04,2025-10-05 17:49:41
2939,P-0200,2,2,"P-0200.FI_LO,P-0200.II_HI",2025-10-06 22:17:07,2025-10-06 22:20:53
2940,P-0200,3,3,"P-0200.PDI_HI,P-0200.II_HI,P-0200.SI_LO",2025-10-10 11:57:30,2025-10-10 12:53:11
2941,P-0200,2,2,"P-0200.PI_HI,P-0200.PI_LO",2025-10-11 23:24:57,2025-10-11 23:52:04
2942,P-0200,2,2,"P-0200.TI_HI,P-0200.PDI_HI",2025-10-13 16:32:02,2025-10-13 16:42:04
2943,P-0200,2,2,"P-0200.PI_LO,P-0200.PI_HI",2025-10-16 16:10:09,2025-10-16 16:16:11
2944,P-0200,2,2,"P-0200.FI_LO,P-0200.PDI_HI",2025-10-17 15:17:12,2025-10-17 15:25:16
2945,P-0200,2,2,"P-0200.PI_LO,P-0200.FI_LO",2025-10-20 11:22:26,2025-10-20 11:38:24
2946,P-0200,2,2,"P-0200.FI_LO,P-0200.PI_LO",2025-10-20 13:57:40,2025-10-20 14:02:51
2947,P-0200,2,2,"P-0200.VI_HI,P-0200.SI_LO",2025-10-21 15:05:25,2025-10-21 15:25:20
2948,P-0200,2,2,"P-0200.SI_LO,P-0200.TI_HI",2025-10-22 16:01:20,2025-10-22 16:21:22
2949,P-0200,2,2,"P-0200.VI_HI,P-0200.FI_LO",2025-10-27 08:58:45,2025-10-27 09:03:59
2950,P-0200,2,2,"P-0200.PDI_HI,P-0200.SI_LO",2025-10-29 05:46:35,2025-10-29 06:14:19
2951,P-0200,3,3,"P-0200.SI_LO,P-0200.TI_HI,P-0200.FI_LO",2025-11-01 13:10:34,2025-11-01 13:58:39
2952,P-0200,2,3,"P-0200.TI_HI,P-0200.PI_LO",2025-11-03 12:39:50,2025-11-03 13:33:22
2953,P-0200,3,3,"P-0200.PI_HI,P-0200.VI_HI,P-0200.II_HI",2025-11-04 10:32:17,2025-11-04 10:33:29
2954,P-0200,2,2,"P-0200.TI_HI,P-0200.PI_LO",2025-11-04 12:32:54,2025-11-04 12:37:22
2955,P-0200,2,2,"P-0200.PDI_HI,P-0200.PI_LO",2025-11-04 15:04:54,2025-11-04 15:05:38
2956,P-0200,2,2,"P-0200.II_HI,P-0200.SI_LO",2025-11-10 16:52:37,2025-11-10 16:57:12
2957,P-0200,2,2,"P-0200.SI_LO,P-0200.PI_LO",2025-11-12 09:01:09,2025-11-12 09:02:28
2958,P-0200,3,3,"P-0200.SI_LO,P-0200.TI_HI,P-0200.II_HI",2025-11-12 18:13:32,2025-11-12 18:50:42
2959,P-0200,2,2,"P-0200.PDI_HI,P-0200.VI_HI",2025-11-13 18:45:30,2025-11-13 18:49:11
2960,P-0200,2,2,"P-0200.II_HI,P-0200.SI_LO",2025-11-16 10:13:44,2025-11-16 10:17:48
2961,P-0200,2,2,"P-0200.II_HI,P-0200.PDI_HI",2025-11-16 18:57:52,2025-11-16 19:19:11
2962,P-0200,3,3,"P-0200.SI_LO,P-0200.II_HI,P-0200.TI_HI",2025-11-20 09:55:55,2025-11-20 10:25:07
2963,P-0200,2,2,"P-0200.VI_HI,P-0200.II_HI",2025-11-25 08:37:04,2025-11-25 09:05:54
2964,P-0200,2,2,"P-0200.VI_HI,P-0200.FI_LO",2025-11-25 21:09:38,2025-11-25 21:30:14
2965,P-0200,2,2,"P-0200.TI_HI,P-0200.VI_HI",2025-11-29 16:29:04,2025-11-29 16:58:52
2966,P-0200,2,2,"P-0200.VI_HI,P-0200.PI_LO",2025-11-30 18:06:32,2025-11-30 18:12:55
2967,P-0200,2,2,"P-0200.PI_LO,P-0200.FI_LO",2025-12-02 17:16:30,2025-12-02 17:31:35
2968,P-0200,2,2,"P-0200.PI_LO,P-0200.PI_HI",2025-12-04 05:03:06,2025-12-04 05:26:14
2969,P-0200,2,2,"P-0200.PI_LO,P-0200.PI_HI",2025-12-07 11:38:15,2025-12-07 11:56:03
2970,P-0200,2,2,"P-0200.TI_HI,P-0200.SI_LO",2025-12-08 15:33:36,2025-12-08 15:50:57
2971,P-0200,2,2,"P-0200.PDI_HI,P-0200.FI_LO",2025-12-10 12:08:09,2025-12-10 12:21:11
2972,P-0200,2,3,"P-0200.PDI_HI,P-0200.II_HI",2025-12-15 12:50:39,2025-12-15 13:19:33
2973,P-0200,2,2,"P-0200.PI_LO,P-0200.FI_LO",2025-12-15 16:46:00,2025-12-15 16:53:50
2974,P-0200,2,2,"P-0200.PI_LO,P-0200.VI_HI",2025-12-16 04:16:17,2025-12-16 04:17:35
2975,P-0200,3,3,"P-0200.VI_HI,P-0200.PI_LO,P-0200.II_HI",2025-12-16 15:34:55,2025-12-16 16:01:42
2976,P-0200,2,3,"P-0200.II_HI,P-0200.VI_HI",2025-12-17 14:24:04,2025-12-17 14:35:20
2977,P-0200,3,3,"P-0200.TI_HI,P-0200.II_HI,P-0200.PDI_HI",2025-12-18 15:30:49,2025-12-18 16:20:42
2978,P-0200,2,2,"P-0200.PI_HI,P-0200.SI_LO",2025-12-19 15:25:26,2025-12-19 15:36:35
2979,P-0200,2,2,"P-0200.II_HI,P-0200.TI_HI",2025-12-20 08:56:07,2025-12-20 09:00:31
2980,P-0200,2,2,"P-0200.PI_LO,P-0200.II_HI",2025-12-22 22:36:55,2025-12-22 22:43:59
2981,P-0200,3,4,"P-0200.II_HI,P-0200.PI_HI,P-0200.FI_LO",2025-12-23 15:47:24,2025-12-23 16:34:22
2982,P-0200,2,2,"P-0200.SI_LO,P-0200.PI_HI",2025-12-24 10:23:36,2025-12-24 10:37:36
2983,P-0200,2,2,"P-0200.PDI_HI,P-0200.PI_LO",2025-12-25 16:53:40,2025-12-25 17:14:43
2984,P-0200,3,3,"P-0200.SI_LO,P-0200.II_HI,P-0200.FI_LO",2025-12-26 13:45:24,2025-12-26 14:25:17
2985,P-0200,2,2,"P-0200.FI_LO,P-0200.PDI_HI",2025-12-26 21:06:50,2025-12-26 21:08:08
2986,P-0200,2,2,"P-0200.SI_LO,P-0200.VI_HI",2025-12-28 14:27:36,2025-12-28 14:50:43
2987,P-0200,2,2,"P-0200.VI_HI,P-0200.PDI_HI",2025-12-29 12:03:20,2025-12-29 12:28:19
2988,P-0200,2,2,"P-0200.SI_LO,P-0200.PI_LO",2025-12-31 14:08:17,2025-12-31 14:25:57
2988,P-1000,2,2,"P-1000.II_HI,P-1000.FI_LO",2025-01-06 14:29:42,2025-01-06 14:46:54
2989,P-1000,2,2,"P-1000.II_HI,P-1000.PI_HI",2025-01-07 11:27:57,2025-01-07 11:56:08
2990,P-1000,2,2,"P-1000.PI_HI,P-1000.SI_LO",2025-01-09 14:19:02,2025-01-09 14:35:02
2991,P-1000,2,2,"P-1000.VI_HI,P-1000.PI_LO",2025-01-10 20:50:29,2025-01-10 21:13:10
2992,P-1000,2,2,"P-1000.SI_LO,P-1000.II_HI",2025-01-12 11:22:13,2025-01-12 11:44:09
2993,P-1000,2,2,"P-1000.TI_HI,P-1000.FI_LO",2025-01-13 15:16:54,2025-01-13 15:31:56
2994,P-1000,2,2,"P-1000.FI_LO,P-1000.II_HI",2025-01-13 19:46:00,2025-01-13 20:08:10
2995,P-1000,2,2,"P-1000.II_HI,P-1000.SI_LO",2025-01-14 10:25:30,2025-01-14 10:53:34
2996,P-1000,2,2,"P-1000.II_HI,P-1000.PDI_HI",2025-01-15 15:03:04,2025-01-15 15:22:09
2997,P-1000,2,2,"P-1000.PI_LO,P-1000.TI_HI",2025-01-15 21:14:34,2025-01-15 21:20:59
2998,P-1000,2,2,"P-1000.PI_HI,P-1000.VI_HI",2025-01-16 06:44:53,2025-01-16 06:45:25
2999,P-1000,2,2,"P-1000.PI_LO,P-1000.FI_LO",2025-01-17 14:50:24,2025-01-17 14:52:30
3000,P-1000,2,2,"P-1000.II_HI,P-1000.FI_LO",2025-01-20 19:34:52,2025-01-20 19:45:03
3001,P-1000,2,2,"P-1000.TI_HI,P-1000.PDI_HI",2025-01-23 19:07:15,2025-01-23 19:11:57
3002,P-1000,2,2,"P-1000.PI_LO,P-1000.VI_HI",2025-01-24 17:17:51,2025-01-24 17:47:45
3003,P-1000,2,2,"P-1000.TI_HI,P-1000.VI_HI",2025-01-25 11:21:33,2025-01-25 11:44:06
3004,P-1000,2,2,"P-1000.VI_HI,P-1000.FI_LO",2025-01-27 14:05:49,2025-01-27 14:10:29
3005,P-1000,2,2,"P-1000.VI_HI,P-1000.PI_LO",2025-01-29 16:11:05,2025-01-29 16:15:52
3006,P-1000,2,2,"P-1000.FI_LO,P-1000.PI_LO",2025-01-31 17:33:34,2025-01-31 17:54:38
3007,P-1000,2,2,"P-1000.TI_HI,P-1000.PI_HI",2025-02-01 14:13:24,2025-02-01 14:20:03
3008,P-1000,2,2,"P-1000.PI_HI,P-1000.PDI_HI",2025-02-02 15:29:19,2025-02-02 15:39:19
3009,P-1000,2,3,"P-1000.PDI_HI,P-1000.PI_HI",2025-02-04 10:36:53,2025-02-04 10:44:46
3010,P-1000,2,2,"P-1000.TI_HI,P-1000.PDI_HI",2025-02-05 17:35:51,2025-02-05 17:56:28
3011,P-1000,2,2,"P-1000.TI_HI,P-1000.II_HI",2025-02-08 21:58:40,2025-02-08 21:58:53
3012,P-1000,2,2,"P-1000.PDI_HI,P-1000.PI_HI",2025-02-10 22:48:04,2025-02-10 23:02:28
3013,P-1000,2,2,"P-1000.PDI_HI,P-1000.PI_LO",2025-02-11 18:35:50,2025-02-11 19:01:16
3014,P-1000,3,4,"P-1000.PDI_HI,P-1000.PI_LO,P-1000.VI_HI",2025-02-12 18:24:28,2025-02-12 18:50:45
3015,P-1000,3,3,"P-1000.TI_HI,P-1000.FI_LO,P-1000.PI_HI",2025-02-14 09:41:53,2025-02-14 10:11:24
3016,P-1000,2,2,"P-1000.PI_LO,P-1000.PDI_HI",2025-02-16 20:42:20,2025-02-16 20:43:13
3017,P-1000,2,2,"P-1000.PI_LO,P-1000.FI_LO",2025-02-19 22:26:28,2025-02-19 22:31:59
3018,P-1000,2,2,"P-1000.PI_LO,P-1000.PDI_HI",2025-02-20 12:33:10,2025-02-20 12:45:40
3019,P-1000,2,2,"P-1000.II_HI,P-1000.VI_HI",2025-02-21 13:53:46,2025-02-21 13:54:51
3020,P-1000,2,2,"P-1000.II_HI,P-1000.PI_HI",2025-02-22 16:57:09,2025-02-22 17:09:07
3021,P-1000,2,2,"P-1000.PDI_HI,P-1000.SI_LO",2025-02-23 16:04:09,2025-02-23 16:11:39
3022,P-1000,2,3,"P-1000.PI_LO,P-1000.VI_HI",2025-02-25 04:13:24,2025-02-25 04:58:34
3023,P-1000,3,3,"P-1000.SI_LO,P-1000.II_HI,P-1000.VI_HI",2025-02-25 09:15:42,2025-02-25 09:38:26
3024,P-1000,2,2,"P-1000.VI_HI,P-1000.FI_LO",2025-02-25 11:54:14,2025-02-25 12:00:51
3025,P-1000,2,2,"P-1000.PDI_HI,P-1000.PI_LO",2025-03-02 14:22:28,2025-03-02 14:43:46
3026,P-1000,2,2,"P-1000.SI_LO,P-1000.PI_LO",2025-03-05 19:00:25,2025-03-05 19:02:36
3027,P-1000,2,2,"P-1000.FI_LO,P-1000.PI_LO",2025-03-08 15:31:30,2025-03-08 15:40:08
3028,P-1000,2,2,"P-1000.PI_LO,P-1000.PDI_HI",2025-03-10 13:39:10,2025-03-10 14:06:04
3029,P-1000,2,2,"P-1000.SI_LO,P-1000.VI_HI",2025-03-11 11:41:01,2025-03-11 11:41:59
3030,P-1000,2,2,"P-1000.TI_HI,P-1000.VI_HI",2025-03-12 18:14:05,2025-03-12 18:23:57
3031,P-1000,3,3,"P-1000.VI_HI,P-1000.PDI_HI,P-1000.PI_HI",2025-03-13 16:09:34,2025-03-13 16:11:54
3032,P-1000,3,3,"P-1000.TI_HI,P-1000.SI_LO,P-1000.II_HI",2025-03-15 14:23:29,2025-03-15 15:02:49
3033,P-1000,2,2,"P-1000.FI_LO,P-1000.PI_HI",2025-03-15 21:11:38,2025-03-15 21:24:08
3034,P-1000,2,2,"P-1000.PI_LO,P-1000.VI_HI",2025-03-16 14:24:23,2025-03-16 14:45:14
3035,P-1000,2,2,"P-1000.II_HI,P-1000.VI_HI",2025-03-16 16:52:25,2025-03-16 17:01:59
3036,P-1000,2,2,"P-1000.II_HI,P-1000.PI_LO",2025-03-18 12:36:51,2025-03-18 13:03:16
3037,P-1000,2,2,"P-1000.VI_HI,P-1000.FI_LO",2025-03-23 09:54:35,2025-03-23 09:57:04
3038,P-1000,2,2,"P-1000.PI_HI,P-1000.II_HI",2025-03-25 16:44:16,2025-03-25 16:50:30
3039,P-1000,2,2,"P-1000.VI_HI,P-1000.PDI_HI",2025-03-27 15:13:32,2025-03-27 15:34:37
3040,P-1000,2,2,"P-1000.II_HI,P-1000.TI_HI",2025-03-27 17:50:07,2025-03-27 18:10:45
3041,P-1000,2,2,"P-1000.II_HI,P-1000.SI_LO",2025-03-28 04:26:45,2025-03-28 04:46:06
3042,P-1000,2,2,"P-1000.PI_LO,P-1000.SI_LO",2025-03-29 13:23:25,2025-03-29 13:30:45
3043,P-1000,2,2,"P-1000.FI_LO,P-1000.PI_LO",2025-03-29 15:42:21,2025-03-29 15:53:19
3044,P-1000,2,2,"P-1000.PI_HI,P-1000.FI_LO",2025-03-31 12:55:15,2025-03-31 13:13:24
3045,P-1000,2,2,"P-1000.TI_HI,P-1000.VI_HI",2025-04-03 13:03:01,2025-04-03 13:09:04
3046,P-1000,2,3,"P-1000.FI_LO,P-1000.PDI_HI",2025-04-04 12:27:59,2025-04-04 12:33:03
3047,P-1000,2,2,"P-1000.FI_LO,P-1000.SI_LO",2025-04-09 09:56:49,2025-04-09 10:15:55
3048,P-1000,2,2,"P-1000.FI_LO,P-1000.PI_HI",2025-04-09 14:28:56,2025-04-09 14:42:05
3049,P-1000,2,2,"P-1000.PI_LO,P-1000.II_HI",2025-04-10 14:51:38,2025-04-10 15:08:30
3050,P-1000,2,2,"P-1000.FI_LO,P-1000.PDI_HI",2025-04-10 23:39:38,2025-04-10 23:46:15
3051,P-1000,2,2,"P-1000.TI_HI,P-1000.PDI_HI",2025-04-12 04:50:32,2025-04-12 05:08:53
3052,P-1000,2,3,"P-1000.SI_LO,P-1000.PI_HI",2025-04-18 14:18:53,2025-04-18 14:35:22
3053,P-1000,3,3,"P-1000.PI_HI,P-1000.VI_HI,P-1000.PI_LO",2025-04-20 13:36:11,2025-04-20 14:05:35
3054,P-1000,2,2,"P-1000.PI_HI,P-1000.PI_LO",2025-04-20 23:25:47,2025-04-20 23:47:43
3055,P-1000,2,2,"P-1000.PDI_HI,P-1000.VI_HI",2025-04-21 10:17:45,2025-04-21 10:24:16
3056,P-1000,2,2,"P-1000.II_HI,P-1000.PI_HI",2025-04-23 10:37:44,2025-04-23 11:03:14
3057,P-1000,2,2,"P-1000.TI_HI,P-1000.SI_LO",2025-04-26 11:55:00,2025-04-26 12:21:02
3058,P-1000,2,2,"P-1000.PI_LO,P-1000.VI_HI",2025-04-27 23:12:07,2025-04-27 23:34:39
3059,P-1000,2,2,"P-1000.II_HI,P-1000.PDI_HI",2025-04-28 13:17:49,2025-04-28 13:39:15
3060,P-1000,3,3,"P-1000.PI_HI,P-1000.PDI_HI,P-1000.PI_LO",2025-05-03 23:29:37,2025-05-04 00:25:14
3061,P-1000,3,3,"P-1000.PDI_HI,P-1000.PI_LO,P-1000.PI_HI",2025-05-04 13:07:31,2025-05-04 13:13:11
3062,P-1000,2,2,"P-1000.PI_HI,P-1000.FI_LO",2025-05-07 23:30:03,2025-05-07 23:45:10
3063,P-1000,2,2,"P-1000.PI_HI,P-1000.PI_LO",2025-05-10 08:44:55,2025-05-10 09:02:58
3064,P-1000,2,2,"P-1000.PDI_HI,P-1000.VI_HI",2025-05-10 09:33:06,2025-05-10 09:45:21
3065,P-1000,2,2,"P-1000.PDI_HI,P-1000.FI_LO",2025-05-15 12:22:08,2025-05-15 12:43:06
3066,P-1000,2,2,"P-1000.TI_HI,P-1000.FI_LO",2025-05-15 16:13:52,2025-05-15 16:29:45
3067,P-1000,2,2,"P-1000.FI_LO,P-1000.SI_LO",2025-05-22 23:15:52,2025-05-22 23:36:20
3068,P-1000,2,2,"P-1000.PDI_HI,P-1000.FI_LO",2025-05-23 13:21:59,2025-05-23 13:48:19
3069,P-1000,2,2,"P-1000.II_HI,P-1000.SI_LO",2025-05-23 17:09:18,2025-05-23 17:35:09
3070,P-1000,2,2,"P-1000.PDI_HI,P-1000.TI_HI",2025-05-24 18:31:29,2025-05-24 18:43:57
3071,P-1000,3,4,"P-1000.PDI_HI,P-1000.PI_LO,P-1000.FI_LO",2025-05-25 12:55:58,2025-05-25 13:54:35
3072,P-1000,2,2,"P-1000.FI_LO,P-1000.PI_LO",2025-05-27 07:17:03,2025-05-27 07:29:47
3073,P-1000,3,3,"P-1000.PDI_HI,P-1000.VI_HI,P-1000.II_HI",2025-05-28 14:05:17,2025-05-28 14:53:10
3074,P-1000,2,2,"P-1000.PDI_HI,P-1000.PI_LO",2025-06-02 15:02:38,2025-06-02 15:10:51
3075,P-1000,2,2,"P-1000.II_HI,P-1000.TI_HI",2025-06-02 18:15:48,2025-06-02 18:41:27
3076,P-1000,2,2,"P-1000.II_HI,P-1000.FI_LO",2025-06-02 20:22:06,2025-06-02 20:40:36
3077,P-1000,2,2,"P-1000.TI_HI,P-1000.PI_LO",2025-06-04 11:38:35,2025-06-04 11:54:20
3078,P-1000,2,2,"P-1000.PI_LO,P-1000.TI_HI",2025-06-05 08:46:41,2025-06-05 09:15:34
3079,P-1000,2,2,"P-1000.PI_HI,P-1000.II_HI",2025-06-15 13:46:18,2025-06-15 13:46:40
3080,P-1000,2,2,"P-1000.PI_HI,P-1000.TI_HI",2025-06-15 19:00:06,2025-06-15 19:08:54
3081,P-1000,2,2,"P-1000.TI_HI,P-1000.II_HI",2025-06-16 17:17:35,2025-06-16 17:34:16
3082,P-1000,2,2,"P-1000.II_HI,P-1000.FI_LO",2025-06-16 23:32:17,2025-06-16 23:39:59
3083,P-1000,2,3,"P-1000.II_HI,P-1000.VI_HI",2025-06-17 12:24:50,2025-06-17 12:41:51
3084,P-1000,2,2,"P-1000.PDI_HI,P-1000.II_HI",2025-06-18 14:48:04,2025-06-18 15:16:11
3085,P-1000,4,4,"P-1000.PDI_HI,P-1000.SI_LO,P-1000.FI_LO,P-1000.II_HI",2025-06-19 12:32:27,2025-06-19 13:05:31
3086,P-1000,2,2,"P-1000.PDI_HI,P-1000.II_HI",2025-06-23 15:36:55,2025-06-23 16:05:41
3087,P-1000,2,3,"P-1000.TI_HI,P-1000.PI_LO",2025-06-27 13:46:47,2025-06-27 14:08:04
3088,P-1000,2,2,"P-1000.PDI_HI,P-1000.II_HI",2025-06-28 12:16:09,2025-06-28 12:40:57
3089,P-1000,2,2,"P-1000.II_HI,P-1000.PI_HI",2025-06-30 15:14:55,2025-06-30 15:36:40
3090,P-1000,2,2,"P-1000.PDI_HI,P-1000.PI_LO",2025-07-02 14:04:14,2025-07-02 14:33:28
3091,P-1000,2,2,"P-1000.FI_LO,P-1000.PI_LO",2025-07-06 11:42:25,2025-07-06 12:00:39
3092,P-1000,3,3,"P-1000.PI_LO,P-1000.TI_HI,P-1000.PI_HI",2025-07-10 14:29:53,2025-07-10 15:14:26
3093,P-1000,2,2,"P-1000.SI_LO,P-1000.FI_LO",2025-07-10 16:48:48,2025-07-10 16:53:48
3094,P-1000,2,2,"P-1000.PI_HI,P-1000.PDI_HI",2025-07-12 13:30:23,2025-07-12 13:47:27
3095,P-1000,2,2,"P-1000.VI_HI,P-1000.FI_LO",2025-07-13 18:21:45,2025-07-13 18:41:24
3096,P-1000,2,2,"P-1000.VI_HI,P-1000.FI_LO",2025-07-14 11:03:10,2025-07-14 11:20:34
3097,P-1000,2,2,"P-1000.SI_LO,P-1000.VI_HI",2025-07-15 11:58:13,2025-07-15 12:21:52
3098,P-1000,2,2,"P-1000.PI_LO,P-1000.PDI_HI",2025-07-17 17:57:59,2025-07-17 18:27:12
3099,P-1000,2,2,"P-1000.II_HI,P-1000.SI_LO",2025-07-18 06:52:12,2025-07-18 07:20:31
3100,P-1000,2,2,"P-1000.SI_LO,P-1000.VI_HI",2025-07-24 21:49:22,2025-07-24 21:51:33
3101,P-1000,2,2,"P-1000.PDI_HI,P-1000.PI_LO",2025-07-26 20:33:02,2025-07-26 20:55:23
3102,P-1000,2,2,"P-1000.II_HI,P-1000.PI_HI",2025-07-27 06:58:45,2025-07-27 07:09:00
3103,P-1000,2,2,"P-1000.PI_LO,P-1000.PI_HI",2025-07-27 15:08:52,2025-07-27 15:09:33
3104,P-1000,2,2,"P-1000.VI_HI,P-1000.SI_LO",2025-08-03 10:09:13,2025-08-03 10:30:18
3105,P-1000,2,2,"P-1000.PI_HI,P-1000.PI_LO",2025-08-04 10:27:00,2025-08-04 10:32:32
3106,P-1000,2,2,"P-1000.SI_LO,P-1000.PI_HI",2025-08-05 18:45:26,2025-08-05 19:06:55
3107,P-1000,2,2,"P-1000.VI_HI,P-1000.FI_LO",2025-08-06 15:09:33,2025-08-06 15:18:03
3108,P-1000,2,2,"P-1000.PI_HI,P-1000.SI_LO",2025-08-08 18:02:43,2025-08-08 18:06:11
3109,P-1000,2,2,"P-1000.PI_HI,P-1000.FI_LO",2025-08-09 14:21:12,2025-08-09 14:48:50
3110,P-1000,2,2,"P-1000.II_HI,P-1000.SI_LO",2025-08-10 13:33:13,2025-08-10 13:44:04
3111,P-1000,2,2,"P-1000.II_HI,P-1000.FI_LO",2025-08-11 09:42:51,2025-08-11 09:50:05
3112,P-1000,2,2,"P-1000.FI_LO,P-1000.TI_HI",2025-08-12 20:47:51,2025-08-12 20:56:10
3113,P-1000,2,2,"P-1000.PDI_HI,P-1000.FI_LO",2025-08-13 17:10:08,2025-08-13 17:15:08
3114,P-1000,2,2,"P-1000.PDI_HI,P-1000.PI_HI",2025-08-13 20:04:24,2025-08-13 20:31:41
3115,P-1000,2,2,"P-1000.TI_HI,P-1000.FI_LO",2025-08-15 08:45:07,2025-08-15 09:10:15
3116,P-1000,2,2,"P-1000.PI_HI,P-1000.SI_LO",2025-08-18 19:13:28,2025-08-18 19:18:38
3117,P-1000,2,3,"P-1000.TI_HI,P-1000.PI_HI",2025-08-19 16:33:30,2025-08-19 16:54:29
3118,P-1000,2,2,"P-1000.FI_LO,P-1000.VI_HI",2025-08-19 23:45:53,2025-08-19 23:55:08
3119,P-1000,2,2,"P-1000.TI_HI,P-1000.PDI_HI",2025-08-20 08:55:51,2025-08-20 09:20:31
3120,P-1000,2,2,"P-1000.PDI_HI,P-1000.PI_HI",2025-08-21 12:54:15,2025-08-21 13:14:34
3121,P-1000,2,2,"P-1000.FI_LO,P-1000.PI_HI",2025-08-25 14:33:11,2025-08-25 14:57:38
3122,P-1000,2,2,"P-1000.SI_LO,P-1000.PI_HI",2025-08-28 14:55:01,2025-08-28 15:02:41
3123,P-1000,4,4,"P-1000.VI_HI,P-1000.FI_LO,P-1000.PI_HI,P-1000.PDI_HI",2025-08-31 13:08:39,2025-08-31 13:40:52
3124,P-1000,2,2,"P-1000.TI_HI,P-1000.VI_HI",2025-09-05 11:33:03,2025-09-05 11:47:51
3125,P-1000,2,2,"P-1000.SI_LO,P-1000.II_HI",2025-09-05 13:23:33,2025-09-05 13:31:24
3126,P-1000,2,2,"P-1000.SI_LO,P-1000.PI_HI",2025-09-07 19:27:58,2025-09-07 19:39:36
3127,P-1000,2,3,"P-1000.SI_LO,P-1000.PI_LO",2025-09-08 14:01:35,2025-09-08 14:19:36
3128,P-1000,2,2,"P-1000.FI_LO,P-1000.II_HI",2025-09-09 23:01:25,2025-09-09 23:22:03
3129,P-1000,2,2,"P-1000.VI_HI,P-1000.PI_HI",2025-09-13 11:58:30,2025-09-13 12:06:03
3130,P-1000,2,2,"P-1000.II_HI,P-1000.VI_HI",2025-09-16 11:58:42,2025-09-16 12:02:55
3131,P-1000,3,3,"P-1000.II_HI,P-1000.PDI_HI,P-1000.PI_LO",2025-09-17 03:16:54,2025-09-17 03:40:40
3132,P-1000,2,2,"P-1000.SI_LO,P-1000.PI_LO",2025-09-17 13:38:46,2025-09-17 13:52:41
3133,P-1000,2,2,"P-1000.PDI_HI,P-1000.II_HI",2025-09-21 15:00:40,2025-09-21 15:28:33
3134,P-1000,2,2,"P-1000.PI_LO,P-1000.FI_LO",2025-09-25 11:20:16,2025-09-25 11:30:57
3135,P-1000,2,2,"P-1000.VI_HI,P-1000.TI_HI",2025-09-25 13:39:13,2025-09-25 14:08:49
3136,P-1000,2,2,"P-1000.TI_HI,P-1000.SI_LO",2025-09-26 05:33:55,2025-09-26 05:35:17
3137,P-1000,3,4,"P-1000.II_HI,P-1000.PDI_HI,P-1000.VI_HI",2025-09-26 16:31:23,2025-09-26 17:14:18
3138,P-1000,2,2,"P-1000.PDI_HI,P-1000.TI_HI",2025-09-27 15:26:02,2025-09-27 15:32:09
3139,P-1000,2,2,"P-1000.TI_HI,P-1000.II_HI",2025-09-28 09:54:36,2025-09-28 10:16:16
3140,P-1000,2,2,"P-1000.PI_LO,P-1000.SI_LO",2025-09-29 23:45:33,2025-09-29 23:50:12
3141,P-1000,2,2,"P-1000.VI_HI,P-1000.PDI_HI",2025-10-02 08:18:51,2025-10-02 08:46:57
3142,P-1000,2,3,"P-1000.PDI_HI,P-1000.FI_LO",2025-10-02 17:32:33,2025-10-02 18:04:46
3143,P-1000,2,2,"P-1000.SI_LO,P-1000.TI_HI",2025-10-03 05:22:27,2025-10-03 05:51:32
3144,P-1000,2,2,"P-1000.TI_HI,P-1000.PI_LO",2025-10-04 13:55:59,2025-10-04 14:05:25
3145,P-1000,3,3,"P-1000.PDI_HI,P-1000.TI_HI,P-1000.PI_LO",2025-10-05 07:30:42,2025-10-05 08:07:51
3146,P-1000,2,3,"P-1000.PDI_HI,P-1000.PI_HI",2025-10-07 13:28:11,2025-10-07 13:58:32
3147,P-1000,3,3,"P-1000.PI_HI,P-1000.TI_HI,P-1000.PDI_HI",2025-10-09 08:41:39,2025-10-09 08:47:40
3148,P-1000,2,3,"P-1000.SI_LO,P-1000.TI_HI",2025-10-12 09:41:48,2025-10-12 10:13:15
3149,P-1000,2,2,"P-1000.PI_LO,P-1000.SI_LO",2025-10-12 11:03:46,2025-10-12 11:19:01
3150,P-1000,2,2,"P-1000.II_HI,P-1000.VI_HI",2025-10-13 13:14:49,2025-10-13 13:32:56
3151,P-1000,2,2,"P-1000.PDI_HI,P-1000.PI_HI",2025-10-13 14:05:37,2025-10-13 14:11:49
3152,P-1000,4,4,"P-1000.PDI_HI,P-1000.PI_LO,P-1000.SI_LO,P-1000.II_HI",2025-10-14 23:11:16,2025-10-14 23:47:08
3153,P-1000,2,2,"P-1000.PI_HI,P-1000.SI_LO",2025-10-16 08:42:00,2025-10-16 08:46:14
3154,P-1000,2,2,"P-1000.PI_LO,P-1000.VI_HI",2025-10-17 14:07:49,2025-10-17 14:10:29
3155,P-1000,2,2,"P-1000.TI_HI,P-1000.FI_LO",2025-10-17 16:51:30,2025-10-17 17:00:55
3156,P-1000,3,3,"P-1000.SI_LO,P-1000.VI_HI,P-1000.PDI_HI",2025-10-18 10:07:30,2025-10-18 10:55:14
3157,P-1000,3,3,"P-1000.PDI_HI,P-1000.PI_LO,P-1000.PI_HI",2025-10-25 21:47:25,2025-10-25 22:13:48
3158,P-1000,2,2,"P-1000.PDI_HI,P-1000.SI_LO",2025-10-25 23:15:49,2025-10-25 23:41:04
3159,P-1000,2,2,"P-1000.PI_HI,P-1000.VI_HI",2025-10-26 14:08:42,2025-10-26 14:38:01
3160,P-1000,2,2,"P-1000.VI_HI,P-1000.SI_LO",2025-10-28 09:30:20,2025-10-28 09:56:16
3161,P-1000,2,2,"P-1000.VI_HI,P-1000.TI_HI",2025-11-02 08:34:25,2025-11-02 09:00:34
3162,P-1000,2,2,"P-1000.VI_HI,P-1000.PDI_HI",2025-11-02 15:09:17,2025-11-02 15:27:12
3163,P-1000,2,2,"P-1000.TI_HI,P-1000.PI_LO",2025-11-04 06:42:08,2025-11-04 06:49:47
3164,P-1000,2,2,"P-1000.VI_HI,P-1000.PDI_HI",2025-11-05 17:21:09,2025-11-05 17:23:10
3165,P-1000,3,4,"P-1000.PI_HI,P-1000.PI_LO,P-1000.PDI_HI",2025-11-06 14:28:44,2025-11-06 15:10:42
3166,P-1000,3,3,"P-1000.SI_LO,P-1000.TI_HI,P-1000.PI_LO",2025-11-09 10:05:16,2025-11-09 10:32:07
3167,P-1000,2,2,"P-1000.PI_LO,P-1000.II_HI",2025-11-12 14:43:23,2025-11-12 14:55:55
3168,P-1000,3,3,"P-1000.VI_HI,P-1000.SI_LO,P-1000.TI_HI",2025-11-13 13:07:03,2025-11-13 13:35:17
3169,P-1000,2,2,"P-1000.VI_HI,P-1000.PI_HI",2025-11-13 14:44:10,2025-11-13 15:02:38
3170,P-1000,2,2,"P-1000.PI_HI,P-1000.SI_LO",2025-11-14 13:29:19,2025-11-14 13:41:19
3171,P-1000,2,2,"P-1000.PI_LO,P-1000.TI_HI",2025-11-18 17:36:44,2025-11-18 17:37:27
3172,P-1000,2,2,"P-1000.PI_HI,P-1000.PDI_HI",2025-11-19 09:21:00,2025-11-19 09:22:49
3173,P-1000,3,3,"P-1000.PI_HI,P-1000.TI_HI,P-1000.SI_LO",2025-11-20 18:12:17,2025-11-20 18:54:34
3174,P-1000,2,2,"P-1000.PDI_HI,P-1000.FI_LO",2025-11-20 21:45:51,2025-11-20 22:10:06
3175,P-1000,2,2,"P-1000.FI_LO,P-1000.PDI_HI",2025-11-21 09:09:19,2025-11-21 09:18:37
3176,P-1000,2,2,"P-1000.FI_LO,P-1000.VI_HI",2025-11-21 10:39:43,2025-11-21 10:56:00
3177,P-1000,2,2,"P-1000.PI_HI,P-1000.FI_LO",2025-11-21 20:54:41,2025-11-21 21:09:58
3178,P-1000,2,2,"P-1000.II_HI,P-1000.FI_LO",2025-11-22 10:09:28,2025-11-22 10:20:22
3179,P-1000,2,2,"P-1000.FI_LO,P-1000.SI_LO",2025-11-22 14:26:34,2025-11-22 14:53:52
3180,P-1000,2,2,"P-1000.FI_LO,P-1000.PI_LO",2025-11-24 06:04:55,2025-11-24 06:22:41
3181,P-1000,2,2,"P-1000.PI_LO,P-1000.FI_LO",2025-11-25 10:44:06,2025-11-25 10:58:00
3182,P-1000,2,2,"P-1000.SI_LO,P-1000.PI_HI",2025-11-26 20:41:07,2025-11-26 21:06:55
3183,P-1000,2,2,"P-1000.II_HI,P-1000.FI_LO",2025-11-27 19:52:01,2025-11-27 20:04:02
3184,P-1000,2,2,"P-1000.FI_LO,P-1000.SI_LO",2025-11-28 10:32:03,2025-11-28 10:36:51
3185,P-1000,2,2,"P-1000.II_HI,P-1000.SI_LO",2025-11-28 13:58:57,2025-11-28 14:00:44
3186,P-1000,2,2,"P-1000.II_HI,P-1000.PI_LO",2025-11-28 20:24:10,2025-11-28 20:44:18
3187,P-1000,2,2,"P-1000.TI_HI,P-1000.SI_LO",2025-11-29 09:03:18,2025-11-29 09:03:50
3188,P-1000,2,2,"P-1000.PI_HI,P-1000.VI_HI",2025-12-02 23:44:07,2025-12-02 23:56:16
3189,P-1000,2,2,"P-1000.PI_LO,P-1000.PDI_HI",2025-12-03 18:33:14,2025-12-03 18:42:34
3190,P-1000,2,2,"P-1000.PDI_HI,P-1000.II_HI",2025-12-03 19:47:33,2025-12-03 19:53:30
3191,P-1000,2,2,"P-1000.II_HI,P-1000.PDI_HI",2025-12-05 14:58:45,2025-12-05 15:26:00
3192,P-1000,2,2,"P-1000.II_HI,P-1000.PI_LO",2025-12-06 22:57:53,2025-12-06 23:12:35
3193,P-1000,2,2,"P-1000.PI_HI,P-1000.VI_HI",2025-12-07 10:15:33,2025-12-07 10:32:41
3194,P-1000,2,2,"P-1000.SI_LO,P-1000.TI_HI",2025-12-08 17:45:56,2025-12-08 17:51:50
3195,P-1000,2,3,"P-1000.PI_HI,P-1000.PI_LO",2025-12-09 14:43:10,2025-12-09 14:51:38
3196,P-1000,2,2,"P-1000.PDI_HI,P-1000.PI_HI",2025-12-10 07:51:17,2025-12-10 08:13:50
3197,P-1000,2,2,"P-1000.FI_LO,P-1000.SI_LO",2025-12-11 13:48:23,2025-12-11 14:17:49
3198,P-1000,2,2,"P-1000.TI_HI,P-1000.FI_LO",2025-12-11 17:43:30,2025-12-11 17:44:32
3199,P-1000,2,2,"P-1000.SI_LO,P-1000.FI_LO",2025-12-13 17:56:00,2025-12-13 18:19:20
3200,P-1000,2,2,"P-1000.TI_HI,P-1000.SI_LO",2025-12-13 19:26:43,2025-12-13 19:35:56
3201,P-1000,2,2,"P-1000.PI_LO,P-1000.PDI_HI",2025-12-14 12:33:42,2025-12-14 12:35:41
3202,P-1000,2,2,"P-1000.PI_LO,P-1000.II_HI",2025-12-15 16:23:17,2025-12-15 16:35:42
3203,P-1000,2,2,"P-1000.PDI_HI,P-1000.VI_HI",2025-12-17 10:12:45,2025-12-17 10:28:17
3204,P-1000,3,3,"P-1000.PI_LO,P-1000.SI_LO,P-1000.FI_LO",2025-12-18 11:39:22,2025-12-18 11:54:06
3205,P-1000,2,2,"P-1000.PDI_HI,P-1000.FI_LO",2025-12-20 14:36:37,2025-12-20 14:55:12
3206,P-1000,2,2,"P-1000.II_HI,P-1000.FI_LO",2025-12-21 17:51:51,2025-12-21 17:58:45
3207,P-1000,2,2,"P-1000.SI_LO,P-1000.TI_HI",2025-12-24 23:13:22,2025-12-24 23:33:51
3208,P-1000,2,2,"P-1000.SI_LO,P-1000.VI_HI",2025-12-26 10:49:03,2025-12-26 11:15:05
3209,P-1000,2,2,"P-1000.PDI_HI,P-1000.FI_LO",2025-12-28 13:29:06,2025-12-28 13:42:53
3210,P-1000,2,2,"P-1000.SI_LO,P-1000.PI_HI",2025-12-29 08:03:52,2025-12-29 08:20:10
3211,P-0900,2,2,"P-0900.VI_HI,P-0900.II_HI",2025-01-01 10:10:05,2025-01-01 10:18:08
3212,P-0900,2,2,"P-0900.PI_HI,P-0900.TI_HI",2025-01-01 20:04:50,2025-01-01 20:26:06
3213,P-0900,2,2,"P-0900.II_HI,P-0900.SI_LO",2025-01-03 08:10:08,2025-01-03 08:12:47
3214,P-0900,2,2,"P-0900.SI_LO,P-0900.TI_HI",2025-01-03 11:18:50,2025-01-03 11:44:03
3215,P-0900,3,3,"P-0900.TI_HI,P-0900.SI_LO,P-0900.PI_HI",2025-01-05 15:50:06,2025-01-05 16:26:48
3216,P-0900,2,2,"P-0900.TI_HI,P-0900.SI_LO",2025-01-06 09:29:30,2025-01-06 09:45:17
3217,P-0900,3,3,"P-0900.PDI_HI,P-0900.PI_HI,P-0900.II_HI",2025-01-07 17:35:52,2025-01-07 18:28:47
3218,P-0900,3,3,"P-0900.SI_LO,P-0900.PDI_HI,P-0900.PI_LO",2025-01-08 14:08:38,2025-01-08 14:47:19
3219,P-0900,2,2,"P-0900.PI_HI,P-0900.PDI_HI",2025-01-08 17:46:58,2025-01-08 17:51:50
3220,P-0900,2,2,"P-0900.PDI_HI,P-0900.VI_HI",2025-01-10 18:34:46,2025-01-10 19:04:45
3221,P-0900,2,2,"P-0900.VI_HI,P-0900.II_HI",2025-01-11 20:50:00,2025-01-11 20:50:54
3222,P-0900,2,2,"P-0900.FI_LO,P-0900.VI_HI",2025-01-12 20:50:23,2025-01-12 20:51:06
3223,P-0900,3,3,"P-0900.VI_HI,P-0900.FI_LO,P-0900.PDI_HI",2025-01-15 23:26:23,2025-01-15 23:58:19
3224,P-0900,3,3,"P-0900.PI_HI,P-0900.FI_LO,P-0900.SI_LO",2025-01-16 16:55:33,2025-01-16 17:20:16
3225,P-0900,2,2,"P-0900.PI_HI,P-0900.TI_HI",2025-01-18 23:25:04,2025-01-18 23:49:12
3226,P-0900,2,3,"P-0900.SI_LO,P-0900.VI_HI",2025-01-19 09:54:01,2025-01-19 10:07:08
3227,P-0900,2,2,"P-0900.FI_LO,P-0900.PI_HI",2025-01-19 18:08:44,2025-01-19 18:35:45
3228,P-0900,3,3,"P-0900.PDI_HI,P-0900.II_HI,P-0900.SI_LO",2025-01-20 07:23:59,2025-01-20 07:50:55
3229,P-0900,2,2,"P-0900.PI_LO,P-0900.PI_HI",2025-01-21 11:23:26,2025-01-21 11:28:11
3230,P-0900,2,2,"P-0900.PI_HI,P-0900.VI_HI",2025-01-23 10:39:21,2025-01-23 10:50:39
3231,P-0900,2,2,"P-0900.SI_LO,P-0900.PI_LO",2025-01-25 18:52:04,2025-01-25 19:18:49
3232,P-0900,2,2,"P-0900.II_HI,P-0900.PI_HI",2025-01-26 08:35:32,2025-01-26 08:54:35
3233,P-0900,2,2,"P-0900.VI_HI,P-0900.FI_LO",2025-01-26 11:58:26,2025-01-26 12:12:30
3234,P-0900,2,2,"P-0900.VI_HI,P-0900.II_HI",2025-01-29 08:14:23,2025-01-29 08:21:44
3235,P-0900,3,3,"P-0900.PI_LO,P-0900.PI_HI,P-0900.SI_LO",2025-01-29 15:36:35,2025-01-29 16:11:11
3236,P-0900,2,2,"P-0900.PDI_HI,P-0900.SI_LO",2025-01-31 08:11:50,2025-01-31 08:36:23
3237,P-0900,2,2,"P-0900.II_HI,P-0900.PI_HI",2025-01-31 13:37:33,2025-01-31 14:01:10
3238,P-0900,2,2,"P-0900.FI_LO,P-0900.II_HI",2025-02-06 09:47:33,2025-02-06 10:15:15
3239,P-0900,4,4,"P-0900.SI_LO,P-0900.TI_HI,P-0900.PI_LO,P-0900.FI_LO",2025-02-07 23:28:47,2025-02-07 23:55:10
3240,P-0900,2,3,"P-0900.II_HI,P-0900.FI_LO",2025-02-10 08:24:14,2025-02-10 09:03:20
3241,P-0900,2,2,"P-0900.VI_HI,P-0900.PI_LO",2025-02-11 14:41:54,2025-02-11 15:00:44
3242,P-0900,3,3,"P-0900.TI_HI,P-0900.PI_LO,P-0900.SI_LO",2025-02-12 13:48:51,2025-02-12 14:34:59
3243,P-0900,2,2,"P-0900.VI_HI,P-0900.II_HI",2025-02-13 16:34:02,2025-02-13 16:57:08
3244,P-0900,2,2,"P-0900.PI_HI,P-0900.SI_LO",2025-02-17 17:33:19,2025-02-17 17:56:46
3245,P-0900,2,2,"P-0900.VI_HI,P-0900.FI_LO",2025-02-19 14:50:14,2025-02-19 15:12:00
3246,P-0900,2,2,"P-0900.PI_LO,P-0900.VI_HI",2025-02-20 15:21:05,2025-02-20 15:43:46
3247,P-0900,2,2,"P-0900.SI_LO,P-0900.TI_HI",2025-02-21 14:22:47,2025-02-21 14:32:34
3248,P-0900,2,2,"P-0900.VI_HI,P-0900.SI_LO",2025-02-24 16:21:05,2025-02-24 16:27:11
3249,P-0900,2,2,"P-0900.VI_HI,P-0900.II_HI",2025-02-26 00:14:44,2025-02-26 00:27:45
3250,P-0900,2,2,"P-0900.PI_LO,P-0900.II_HI",2025-02-26 16:50:34,2025-02-26 17:05:11
3251,P-0900,2,2,"P-0900.PI_LO,P-0900.TI_HI",2025-02-26 23:54:22,2025-02-27 00:00:06
3252,P-0900,3,3,"P-0900.PDI_HI,P-0900.FI_LO,P-0900.PI_LO",2025-03-02 05:52:43,2025-03-02 06:49:44
3253,P-0900,3,3,"P-0900.PI_HI,P-0900.II_HI,P-0900.PDI_HI",2025-03-05 11:02:19,2025-03-05 11:13:48
3254,P-0900,2,2,"P-0900.PI_HI,P-0900.VI_HI",2025-03-06 18:55:00,2025-03-06 19:10:03
3255,P-0900,2,2,"P-0900.PI_HI,P-0900.II_HI",2025-03-10 14:15:47,2025-03-10 14:43:26
3256,P-0900,2,2,"P-0900.II_HI,P-0900.PI_LO",2025-03-11 09:56:00,2025-03-11 10:18:40
3257,P-0900,2,3,"P-0900.PI_LO,P-0900.II_HI",2025-03-13 17:18:51,2025-03-13 17:50:45
3258,P-0900,2,2,"P-0900.TI_HI,P-0900.PI_LO",2025-03-14 14:08:18,2025-03-14 14:16:38
3259,P-0900,2,2,"P-0900.PI_HI,P-0900.SI_LO",2025-03-14 16:24:09,2025-03-14 16:26:33
3260,P-0900,2,2,"P-0900.FI_LO,P-0900.PI_LO",2025-03-14 20:03:27,2025-03-14 20:14:13
3261,P-0900,2,3,"P-0900.TI_HI,P-0900.VI_HI",2025-03-16 14:07:49,2025-03-16 14:33:31
3262,P-0900,2,2,"P-0900.TI_HI,P-0900.SI_LO",2025-03-16 15:30:17,2025-03-16 15:58:04
3263,P-0900,2,2,"P-0900.TI_HI,P-0900.FI_LO",2025-03-19 18:09:38,2025-03-19 18:13:52
3264,P-0900,2,3,"P-0900.TI_HI,P-0900.FI_LO",2025-03-20 09:37:48,2025-03-20 09:56:24
3265,P-0900,2,2,"P-0900.TI_HI,P-0900.PI_LO",2025-03-20 17:21:58,2025-03-20 17:32:28
3266,P-0900,2,2,"P-0900.II_HI,P-0900.SI_LO",2025-03-24 23:30:54,2025-03-24 23:40:06
3267,P-0900,2,2,"P-0900.VI_HI,P-0900.PDI_HI",2025-03-30 16:20:15,2025-03-30 16:25:36
3268,P-0900,2,3,"P-0900.FI_LO,P-0900.SI_LO",2025-03-31 14:14:31,2025-03-31 14:40:40
3269,P-0900,2,2,"P-0900.TI_HI,P-0900.SI_LO",2025-03-31 17:26:43,2025-03-31 17:39:23
3270,P-0900,2,2,"P-0900.II_HI,P-0900.VI_HI",2025-03-31 19:55:57,2025-03-31 20:01:54
3271,P-0900,2,2,"P-0900.VI_HI,P-0900.TI_HI",2025-04-01 12:42:37,2025-04-01 12:48:05
3272,P-0900,2,2,"P-0900.SI_LO,P-0900.II_HI",2025-04-04 07:36:54,2025-04-04 07:55:05
3273,P-0900,2,2,"P-0900.PI_HI,P-0900.PI_LO",2025-04-05 12:31:18,2025-04-05 12:51:58
3274,P-0900,2,2,"P-0900.PI_LO,P-0900.FI_LO",2025-04-05 14:05:43,2025-04-05 14:34:10
3275,P-0900,2,2,"P-0900.PI_HI,P-0900.PI_LO",2025-04-06 14:27:29,2025-04-06 14:50:28
3276,P-0900,2,2,"P-0900.PI_HI,P-0900.SI_LO",2025-04-06 19:55:45,2025-04-06 20:02:14
3277,P-0900,2,2,"P-0900.SI_LO,P-0900.PI_LO",2025-04-07 08:20:28,2025-04-07 08:35:03
3278,P-0900,2,2,"P-0900.SI_LO,P-0900.PDI_HI",2025-04-08 09:14:28,2025-04-08 09:22:36
3279,P-0900,2,2,"P-0900.SI_LO,P-0900.II_HI",2025-04-09 05:00:44,2025-04-09 05:23:52
3280,P-0900,2,2,"P-0900.II_HI,P-0900.PI_HI",2025-04-09 13:25:43,2025-04-09 13:36:38
3281,P-0900,2,2,"P-0900.VI_HI,P-0900.PI_LO",2025-04-11 13:05:25,2025-04-11 13:30:15
3282,P-0900,2,2,"P-0900.SI_LO,P-0900.PDI_HI",2025-04-11 17:14:49,2025-04-11 17:39:20
3283,P-0900,2,2,"P-0900.TI_HI,P-0900.PDI_HI",2025-04-12 15:24:11,2025-04-12 15:50:30
3284,P-0900,3,3,"P-0900.FI_LO,P-0900.VI_HI,P-0900.PI_HI",2025-04-15 10:16:58,2025-04-15 10:39:39
3285,P-0900,3,3,"P-0900.II_HI,P-0900.TI_HI,P-0900.FI_LO",2025-04-18 10:50:24,2025-04-18 11:11:37
3286,P-0900,2,2,"P-0900.PDI_HI,P-0900.II_HI",2025-04-19 09:47:46,2025-04-19 10:11:06
3287,P-0900,2,2,"P-0900.PI_LO,P-0900.VI_HI",2025-04-20 16:00:58,2025-04-20 16:28:23
3288,P-0900,2,2,"P-0900.PI_LO,P-0900.II_HI",2025-04-22 06:16:19,2025-04-22 06:18:34
3289,P-0900,2,2,"P-0900.II_HI,P-0900.TI_HI",2025-04-22 22:47:24,2025-04-22 23:08:54
3290,P-0900,2,2,"P-0900.PI_HI,P-0900.VI_HI",2025-04-24 16:27:16,2025-04-24 16:31:44
3291,P-0900,2,2,"P-0900.PI_LO,P-0900.SI_LO",2025-04-25 22:57:56,2025-04-25 23:19:55
3292,P-0900,2,2,"P-0900.PI_LO,P-0900.PI_HI",2025-04-27 18:23:21,2025-04-27 18:33:59
3293,P-0900,2,2,"P-0900.TI_HI,P-0900.II_HI",2025-04-28 18:04:27,2025-04-28 18:23:56
3294,P-0900,2,3,"P-0900.VI_HI,P-0900.SI_LO",2025-04-30 10:15:16,2025-04-30 10:49:06
3295,P-0900,2,2,"P-0900.TI_HI,P-0900.PI_HI",2025-05-01 14:42:43,2025-05-01 15:05:46
3296,P-0900,2,2,"P-0900.PDI_HI,P-0900.VI_HI",2025-05-07 13:53:54,2025-05-07 13:55:19
3297,P-0900,2,2,"P-0900.VI_HI,P-0900.PI_HI",2025-05-07 21:48:45,2025-05-07 21:52:48
3298,P-0900,3,3,"P-0900.SI_LO,P-0900.PDI_HI,P-0900.PI_LO",2025-05-11 11:57:32,2025-05-11 12:38:50
3299,P-0900,2,2,"P-0900.PI_HI,P-0900.SI_LO",2025-05-16 20:18:09,2025-05-16 20:46:32
3300,P-0900,2,2,"P-0900.II_HI,P-0900.PI_HI",2025-05-18 12:04:33,2025-05-18 12:30:09
3301,P-0900,3,3,"P-0900.SI_LO,P-0900.TI_HI,P-0900.II_HI",2025-05-18 15:10:52,2025-05-18 15:43:50
3302,P-0900,2,2,"P-0900.PDI_HI,P-0900.TI_HI",2025-05-19 18:21:15,2025-05-19 18:37:41
3303,P-0900,3,3,"P-0900.TI_HI,P-0900.VI_HI,P-0900.SI_LO",2025-05-20 10:15:26,2025-05-20 10:26:43
3304,P-0900,2,2,"P-0900.PI_HI,P-0900.VI_HI",2025-05-21 23:04:08,2025-05-21 23:12:14
3305,P-0900,3,3,"P-0900.FI_LO,P-0900.II_HI,P-0900.VI_HI",2025-05-24 10:25:22,2025-05-24 10:25:50
3306,P-0900,3,3,"P-0900.II_HI,P-0900.TI_HI,P-0900.PI_HI",2025-05-24 14:18:12,2025-05-24 14:52:46
3307,P-0900,2,2,"P-0900.PDI_HI,P-0900.SI_LO",2025-05-25 14:06:51,2025-05-25 14:12:39
3308,P-0900,3,3,"P-0900.PDI_HI,P-0900.VI_HI,P-0900.II_HI",2025-05-26 09:10:20,2025-05-26 09:34:24
3309,P-0900,2,2,"P-0900.SI_LO,P-0900.PI_HI",2025-05-28 09:41:09,2025-05-28 09:44:50
3310,P-0900,3,3,"P-0900.TI_HI,P-0900.PDI_HI,P-0900.SI_LO",2025-05-30 09:00:36,2025-05-30 09:27:06
3311,P-0900,2,2,"P-0900.VI_HI,P-0900.PI_LO",2025-06-03 08:05:11,2025-06-03 08:28:16
3312,P-0900,2,2,"P-0900.PI_HI,P-0900.PDI_HI",2025-06-06 09:48:10,2025-06-06 10:01:00
3313,P-0900,2,2,"P-0900.PI_LO,P-0900.VI_HI",2025-06-06 14:03:39,2025-06-06 14:17:09
3314,P-0900,2,2,"P-0900.PI_LO,P-0900.II_HI",2025-06-07 17:10:45,2025-06-07 17:19:55
3315,P-0900,2,2,"P-0900.PDI_HI,P-0900.II_HI",2025-06-10 18:21:24,2025-06-10 18:48:26
3316,P-0900,3,4,"P-0900.PI_LO,P-0900.TI_HI,P-0900.II_HI",2025-06-16 17:51:20,2025-06-16 18:22:09
3317,P-0900,2,2,"P-0900.TI_HI,P-0900.VI_HI",2025-06-17 07:49:14,2025-06-17 08:13:39
3318,P-0900,2,3,"P-0900.TI_HI,P-0900.SI_LO",2025-06-17 16:34:57,2025-06-17 17:31:36
3319,P-0900,3,3,"P-0900.TI_HI,P-0900.II_HI,P-0900.FI_LO",2025-06-19 16:34:58,2025-06-19 16:57:15
3320,P-0900,3,3,"P-0900.VI_HI,P-0900.PDI_HI,P-0900.TI_HI",2025-06-23 11:04:22,2025-06-23 11:29:14
3321,P-0900,4,4,"P-0900.VI_HI,P-0900.FI_LO,P-0900.PI_LO,P-0900.II_HI",2025-06-23 12:56:26,2025-06-23 13:11:57
3322,P-0900,2,2,"P-0900.SI_LO,P-0900.PI_LO",2025-06-23 15:45:58,2025-06-23 16:06:49
3323,P-0900,3,3,"P-0900.SI_LO,P-0900.PI_HI,P-0900.PDI_HI",2025-06-24 23:09:26,2025-06-24 23:17:58
3324,P-0900,2,2,"P-0900.PI_LO,P-0900.II_HI",2025-06-27 09:57:23,2025-06-27 10:16:56
3325,P-0900,2,2,"P-0900.PI_LO,P-0900.FI_LO",2025-06-28 05:50:21,2025-06-28 05:54:36
3326,P-0900,2,2,"P-0900.PDI_HI,P-0900.PI_LO",2025-06-30 07:23:16,2025-06-30 07:29:02
3327,P-0900,2,2,"P-0900.SI_LO,P-0900.II_HI",2025-07-01 15:20:55,2025-07-01 15:49:25
3328,P-0900,2,2,"P-0900.SI_LO,P-0900.PI_LO",2025-07-04 14:13:12,2025-07-04 14:36:49
3329,P-0900,2,2,"P-0900.TI_HI,P-0900.PI_LO",2025-07-04 17:29:20,2025-07-04 17:45:40
3330,P-0900,2,2,"P-0900.SI_LO,P-0900.PI_LO",2025-07-06 16:46:08,2025-07-06 16:54:00
3331,P-0900,2,2,"P-0900.VI_HI,P-0900.FI_LO",2025-07-07 14:30:02,2025-07-07 14:54:37
3332,P-0900,2,2,"P-0900.VI_HI,P-0900.PI_LO",2025-07-08 16:02:27,2025-07-08 16:20:37
3333,P-0900,2,2,"P-0900.VI_HI,P-0900.II_HI",2025-07-09 19:57:07,2025-07-09 20:00:48
3334,P-0900,2,2,"P-0900.TI_HI,P-0900.SI_LO",2025-07-10 13:10:03,2025-07-10 13:19:16
3335,P-0900,2,2,"P-0900.PI_HI,P-0900.PDI_HI",2025-07-11 17:50:55,2025-07-11 18:03:38
3336,P-0900,2,2,"P-0900.VI_HI,P-0900.PDI_HI",2025-07-11 19:34:01,2025-07-11 20:01:53
3337,P-0900,3,3,"P-0900.PI_LO,P-0900.FI_LO,P-0900.II_HI",2025-07-12 16:08:29,2025-07-12 16:20:17
3338,P-0900,2,2,"P-0900.TI_HI,P-0900.FI_LO",2025-07-14 11:14:15,2025-07-14 11:43:53
3339,P-0900,2,2,"P-0900.II_HI,P-0900.PDI_HI",2025-07-14 15:27:16,2025-07-14 15:46:02
3340,P-0900,2,2,"P-0900.VI_HI,P-0900.PI_HI",2025-07-19 18:33:09,2025-07-19 18:35:11
3341,P-0900,2,3,"P-0900.SI_LO,P-0900.FI_LO",2025-07-20 12:05:31,2025-07-20 12:18:01
3342,P-0900,2,2,"P-0900.PDI_HI,P-0900.II_HI",2025-07-21 10:03:23,2025-07-21 10:07:37
3343,P-0900,2,2,"P-0900.PDI_HI,P-0900.SI_LO",2025-07-23 11:01:48,2025-07-23 11:09:47
3344,P-0900,2,2,"P-0900.SI_LO,P-0900.VI_HI",2025-07-25 17:32:36,2025-07-25 17:48:43
3345,P-0900,2,2,"P-0900.TI_HI,P-0900.PI_LO",2025-07-27 12:03:28,2025-07-27 12:27:51
3346,P-0900,2,2,"P-0900.FI_LO,P-0900.PI_LO",2025-07-27 13:06:19,2025-07-27 13:12:02
3347,P-0900,2,2,"P-0900.PI_LO,P-0900.PDI_HI",2025-07-27 16:09:31,2025-07-27 16:26:21
3348,P-0900,2,2,"P-0900.PI_LO,P-0900.PDI_HI",2025-07-29 11:53:07,2025-07-29 12:00:41
3349,P-0900,2,2,"P-0900.VI_HI,P-0900.TI_HI",2025-07-29 23:21:34,2025-07-29 23:22:29
3350,P-0900,2,2,"P-0900.VI_HI,P-0900.PDI_HI",2025-07-30 12:19:38,2025-07-30 12:34:45
3351,P-0900,2,2,"P-0900.SI_LO,P-0900.VI_HI",2025-08-01 10:32:34,2025-08-01 10:37:58
3352,P-0900,2,2,"P-0900.TI_HI,P-0900.SI_LO",2025-08-01 20:18:35,2025-08-01 20:26:29
3353,P-0900,2,3,"P-0900.FI_LO,P-0900.II_HI",2025-08-04 13:15:58,2025-08-04 14:03:17
3354,P-0900,2,2,"P-0900.SI_LO,P-0900.VI_HI",2025-08-04 17:15:15,2025-08-04 17:15:27
3355,P-0900,2,2,"P-0900.TI_HI,P-0900.PI_LO",2025-08-08 14:24:21,2025-08-08 14:40:14
3356,P-0900,4,4,"P-0900.FI_LO,P-0900.PDI_HI,P-0900.PI_LO,P-0900.SI_LO",2025-08-09 09:03:54,2025-08-09 09:35:39
3357,P-0900,4,4,"P-0900.FI_LO,P-0900.II_HI,P-0900.PI_LO,P-0900.PI_HI",2025-08-13 16:58:46,2025-08-13 17:36:45
3358,P-0900,2,2,"P-0900.PI_LO,P-0900.PDI_HI",2025-08-16 05:36:37,2025-08-16 05:41:00
3359,P-0900,2,2,"P-0900.VI_HI,P-0900.PI_LO",2025-08-17 05:12:40,2025-08-17 05:24:03
3360,P-0900,2,2,"P-0900.II_HI,P-0900.VI_HI",2025-08-20 17:50:55,2025-08-20 17:55:18
3361,P-0900,2,2,"P-0900.PI_LO,P-0900.PI_HI",2025-08-21 17:58:29,2025-08-21 18:26:45
3362,P-0900,2,2,"P-0900.TI_HI,P-0900.II_HI",2025-08-22 08:27:20,2025-08-22 08:39:58
3363,P-0900,2,2,"P-0900.II_HI,P-0900.SI_LO",2025-08-22 15:16:48,2025-08-22 15:42:49
3364,P-0900,2,2,"P-0900.FI_LO,P-0900.PI_LO",2025-08-23 04:40:14,2025-08-23 04:55:36
3365,P-0900,2,2,"P-0900.PI_LO,P-0900.II_HI",2025-08-29 19:07:03,2025-08-29 19:14:45
3366,P-0900,2,3,"P-0900.PI_LO,P-0900.FI_LO",2025-08-30 12:23:09,2025-08-30 13:07:37
3367,P-0900,2,2,"P-0900.PI_LO,P-0900.TI_HI",2025-08-31 16:18:18,2025-08-31 16:38:56
3368,P-0900,2,2,"P-0900.PDI_HI,P-0900.TI_HI",2025-09-01 13:07:32,2025-09-01 13:18:44
3369,P-0900,2,2,"P-0900.PI_LO,P-0900.SI_LO",2025-09-02 07:43:36,2025-09-02 08:06:02
3370,P-0900,2,2,"P-0900.VI_HI,P-0900.PI_LO",2025-09-04 05:38:26,2025-09-04 05:46:09
3371,P-0900,2,2,"P-0900.PI_HI,P-0900.II_HI",2025-09-04 06:53:53,2025-09-04 06:58:32
3372,P-0900,2,2,"P-0900.SI_LO,P-0900.PI_LO",2025-09-04 11:51:39,2025-09-04 12:04:06
3373,P-0900,3,3,"P-0900.SI_LO,P-0900.FI_LO,P-0900.VI_HI",2025-09-06 12:03:49,2025-09-06 12:22:54
3374,P-0900,2,2,"P-0900.PI_HI,P-0900.FI_LO",2025-09-07 14:36:25,2025-09-07 15:03:34
3375,P-0900,2,2,"P-0900.PDI_HI,P-0900.TI_HI",2025-09-09 05:06:44,2025-09-09 05:27:38
3376,P-0900,2,2,"P-0900.PI_LO,P-0900.II_HI",2025-09-10 16:29:44,2025-09-10 16:32:46
3377,P-0900,3,3,"P-0900.PDI_HI,P-0900.VI_HI,P-0900.SI_LO",2025-09-12 13:39:31,2025-09-12 14:22:58
3378,P-0900,2,2,"P-0900.PDI_HI,P-0900.FI_LO",2025-09-12 23:04:44,2025-09-12 23:10:31
3379,P-0900,2,2,"P-0900.II_HI,P-0900.PI_HI",2025-09-14 11:37:26,2025-09-14 11:43:40
3380,P-0900,2,2,"P-0900.PI_LO,P-0900.PI_HI",2025-09-15 17:31:09,2025-09-15 17:32:44
3381,P-0900,2,2,"P-0900.VI_HI,P-0900.PI_LO",2025-09-15 23:17:54,2025-09-15 23:21:02
3382,P-0900,2,2,"P-0900.PI_HI,P-0900.II_HI",2025-09-23 11:57:52,2025-09-23 12:00:38
3383,P-0900,2,2,"P-0900.PDI_HI,P-0900.VI_HI",2025-09-23 14:26:47,2025-09-23 14:56:26
3384,P-0900,3,3,"P-0900.PDI_HI,P-0900.II_HI,P-0900.TI_HI",2025-09-23 23:19:14,2025-09-23 23:30:59
3385,P-0900,2,2,"P-0900.II_HI,P-0900.PI_LO",2025-09-24 13:48:25,2025-09-24 14:11:39
3386,P-0900,2,2,"P-0900.II_HI,P-0900.PI_LO",2025-09-30 21:08:13,2025-09-30 21:29:28
3387,P-0900,2,2,"P-0900.VI_HI,P-0900.TI_HI",2025-10-01 10:39:24,2025-10-01 11:05:33
3388,P-0900,2,2,"P-0900.PI_LO,P-0900.PI_HI",2025-10-04 07:47:16,2025-10-04 07:53:33
3389,P-0900,3,3,"P-0900.PI_LO,P-0900.FI_LO,P-0900.PDI_HI",2025-10-04 14:17:21,2025-10-04 14:35:38
3390,P-0900,3,3,"P-0900.VI_HI,P-0900.FI_LO,P-0900.PI_HI",2025-10-04 19:07:27,2025-10-04 19:27:10
3391,P-0900,2,3,"P-0900.II_HI,P-0900.TI_HI",2025-10-07 18:27:44,2025-10-07 18:54:06
3392,P-0900,2,2,"P-0900.PI_HI,P-0900.VI_HI",2025-10-07 23:31:02,2025-10-07 23:44:46
3393,P-0900,2,2,"P-0900.PDI_HI,P-0900.II_HI",2025-10-08 10:13:40,2025-10-08 10:27:40
3394,P-0900,2,2,"P-0900.FI_LO,P-0900.VI_HI",2025-10-10 12:30:14,2025-10-10 12:40:42
3395,P-0900,2,2,"P-0900.SI_LO,P-0900.TI_HI",2025-10-12 22:46:14,2025-10-12 23:04:48
3396,P-0900,2,2,"P-0900.SI_LO,P-0900.PDI_HI",2025-10-16 19:11:57,2025-10-16 19:37:14
3397,P-0900,2,3,"P-0900.TI_HI,P-0900.FI_LO",2025-10-18 14:56:57,2025-10-18 15:18:22
3398,P-0900,3,3,"P-0900.PDI_HI,P-0900.VI_HI,P-0900.PI_LO",2025-10-20 11:27:40,2025-10-20 11:57:36
3399,P-0900,2,2,"P-0900.VI_HI,P-0900.PI_HI",2025-10-25 18:19:57,2025-10-25 18:28:56
3400,P-0900,2,2,"P-0900.TI_HI,P-0900.VI_HI",2025-10-26 20:44:02,2025-10-26 20:58:56
3401,P-0900,3,3,"P-0900.II_HI,P-0900.PI_HI,P-0900.FI_LO",2025-10-29 23:03:41,2025-10-29 23:31:23
3402,P-0900,2,2,"P-0900.VI_HI,P-0900.TI_HI",2025-10-30 13:04:05,2025-10-30 13:33:16
3403,P-0900,4,4,"P-0900.PI_HI,P-0900.PI_LO,P-0900.TI_HI,P-0900.PDI_HI",2025-11-01 10:58:12,2025-11-01 11:38:37
3404,P-0900,3,3,"P-0900.SI_LO,P-0900.PI_LO,P-0900.FI_LO",2025-11-05 09:18:06,2025-11-05 09:46:51
3405,P-0900,2,2,"P-0900.FI_LO,P-0900.PDI_HI",2025-11-06 09:11:55,2025-11-06 09:17:19
3406,P-0900,2,2,"P-0900.PDI_HI,P-0900.FI_LO",2025-11-06 13:33:53,2025-11-06 13:55:14
3407,P-0900,2,2,"P-0900.PDI_HI,P-0900.SI_LO",2025-11-06 23:33:21,2025-11-06 23:45:07
3408,P-0900,3,3,"P-0900.PDI_HI,P-0900.II_HI,P-0900.FI_LO",2025-11-07 12:27:04,2025-11-07 13:00:04
3409,P-0900,2,2,"P-0900.VI_HI,P-0900.II_HI",2025-11-09 12:28:52,2025-11-09 12:56:44
3410,P-0900,2,2,"P-0900.II_HI,P-0900.VI_HI",2025-11-10 12:11:55,2025-11-10 12:31:16
3411,P-0900,2,2,"P-0900.SI_LO,P-0900.PDI_HI",2025-11-10 22:42:10,2025-11-10 22:50:14
3412,P-0900,2,2,"P-0900.PI_LO,P-0900.PI_HI",2025-11-11 23:21:44,2025-11-11 23:32:24
3413,P-0900,2,2,"P-0900.VI_HI,P-0900.PI_LO",2025-11-16 14:40:05,2025-11-16 14:57:46
3414,P-0900,2,3,"P-0900.TI_HI,P-0900.VI_HI",2025-11-16 23:32:20,2025-11-16 23:41:36
3415,P-0900,2,2,"P-0900.SI_LO,P-0900.PI_HI",2025-11-17 13:12:26,2025-11-17 13:26:08
3416,P-0900,2,2,"P-0900.PDI_HI,P-0900.TI_HI",2025-11-17 18:32:56,2025-11-17 18:39:24
3417,P-0900,2,2,"P-0900.PI_HI,P-0900.II_HI",2025-11-19 17:56:41,2025-11-19 18:10:39
3418,P-0900,2,2,"P-0900.PDI_HI,P-0900.FI_LO",2025-11-20 07:37:47,2025-11-20 08:02:10
3419,P-0900,2,2,"P-0900.PI_HI,P-0900.SI_LO",2025-11-20 12:20:20,2025-11-20 12:22:03
3420,P-0900,2,2,"P-0900.VI_HI,P-0900.FI_LO",2025-11-21 15:32:25,2025-11-21 15:50:30
3421,P-0900,2,2,"P-0900.PI_HI,P-0900.PI_LO",2025-11-23 11:27:50,2025-11-23 11:29:11
3422,P-0900,2,2,"P-0900.VI_HI,P-0900.TI_HI",2025-11-23 13:03:12,2025-11-23 13:10:20
3423,P-0900,3,3,"P-0900.PI_LO,P-0900.PI_HI,P-0900.TI_HI",2025-11-25 14:19:30,2025-11-25 14:48:08
3424,P-0900,2,2,"P-0900.PDI_HI,P-0900.II_HI",2025-11-27 09:38:20,2025-11-27 09:42:38
3425,P-0900,3,3,"P-0900.PI_HI,P-0900.SI_LO,P-0900.II_HI",2025-11-28 09:52:18,2025-11-28 10:18:05
3426,P-0900,2,3,"P-0900.TI_HI,P-0900.SI_LO",2025-11-28 18:05:54,2025-11-28 18:29:57
3427,P-0900,2,2,"P-0900.FI_LO,P-0900.SI_LO",2025-11-28 19:42:45,2025-11-28 19:49:43
3428,P-0900,2,2,"P-0900.FI_LO,P-0900.II_HI",2025-11-29 23:07:20,2025-11-29 23:27:56
3429,P-0900,2,2,"P-0900.II_HI,P-0900.VI_HI",2025-11-30 17:54:23,2025-11-30 18:18:21
3430,P-0900,2,2,"P-0900.II_HI,P-0900.TI_HI",2025-11-30 20:06:26,2025-11-30 20:11:14
3431,P-0900,2,2,"P-0900.FI_LO,P-0900.PI_HI",2025-12-05 18:42:02,2025-12-05 19:08:25
3432,P-0900,2,2,"P-0900.TI_HI,P-0900.PDI_HI",2025-12-06 12:30:41,2025-12-06 12:34:34
3433,P-0900,2,3,"P-0900.PDI_HI,P-0900.PI_HI",2025-12-06 16:08:57,2025-12-06 16:51:33
3434,P-0900,2,2,"P-0900.PDI_HI,P-0900.PI_LO",2025-12-07 12:03:22,2025-12-07 12:23:30
3435,P-0900,2,2,"P-0900.PI_LO,P-0900.VI_HI",2025-12-07 20:40:12,2025-12-07 21:03:59
3436,P-0900,2,2,"P-0900.TI_HI,P-0900.PDI_HI",2025-12-10 03:21:34,2025-12-10 03:26:42
3437,P-0900,2,2,"P-0900.PDI_HI,P-0900.SI_LO",2025-12-13 09:08:25,2025-12-13 09:31:42
3438,P-0900,2,2,"P-0900.PDI_HI,P-0900.FI_LO",2025-12-14 10:45:27,2025-12-14 10:50:14
3439,P-0900,2,2,"P-0900.TI_HI,P-0900.FI_LO",2025-12-14 13:21:21,2025-12-14 13:34:45
3440,P-0900,2,2,"P-0900.PI_LO,P-0900.PDI_HI",2025-12-15 11:09:36,2025-12-15 11:17:16
3441,P-0900,2,2,"P-0900.FI_LO,P-0900.VI_HI",2025-12-15 14:29:52,2025-12-15 14:38:55
3442,P-0900,2,2,"P-0900.PDI_HI,P-0900.TI_HI",2025-12-16 16:31:20,2025-12-16 16:44:50
3443,P-0900,2,2,"P-0900.FI_LO,P-0900.SI_LO",2025-12-18 20:44:41,2025-12-18 20:48:33
3444,P-0900,2,2,"P-0900.TI_HI,P-0900.FI_LO",2025-12-19 13:44:06,2025-12-19 13:58:58
3445,P-0900,2,2,"P-0900.PI_HI,P-0900.II_HI",2025-12-20 13:50:34,2025-12-20 13:56:20
3446,P-0900,2,2,"P-0900.SI_LO,P-0900.PI_LO",2025-12-26 22:42:53,2025-12-26 23:02:48
3447,P-0900,2,2,"P-0900.TI_HI,P-0900.PI_HI",2025-12-28 16:20:13,2025-12-28 16:49:35
3448,P-0900,2,2,"P-0900.PI_LO,P-0900.FI_LO",2025-12-30 12:41:47,2025-12-30 13:11:37
3449,P-0400,2,2,"P-0400.II_HI,P-0400.VI_HI",2025-01-04 06:15:22,2025-01-04 06:27:50
3450,P-0400,2,2,"P-0400.SI_LO,P-0400.PI_LO",2025-01-04 15:55:03,2025-01-04 16:17:39
3451,P-0400,2,3,"P-0400.PDI_HI,P-0400.VI_HI",2025-01-05 15:56:22,2025-01-05 16:11:00
3452,P-0400,2,2,"P-0400.TI_HI,P-0400.PI_HI",2025-01-06 12:49:06,2025-01-06 12:52:52
3453,P-0400,2,2,"P-0400.FI_LO,P-0400.PI_HI",2025-01-07 12:11:31,2025-01-07 12:19:03
3454,P-0400,2,2,"P-0400.PDI_HI,P-0400.VI_HI",2025-01-08 23:34:57,2025-01-08 23:46:30
3455,P-0400,3,3,"P-0400.PDI_HI,P-0400.VI_HI,P-0400.SI_LO",2025-01-11 11:06:33,2025-01-11 11:18:10
3456,P-0400,2,2,"P-0400.PI_LO,P-0400.VI_HI",2025-01-12 09:55:27,2025-01-12 10:21:37
3457,P-0400,2,2,"P-0400.PI_HI,P-0400.PI_LO",2025-01-12 20:28:11,2025-01-12 20:52:15
3458,P-0400,2,2,"P-0400.SI_LO,P-0400.TI_HI",2025-01-13 11:39:00,2025-01-13 11:54:20
3459,P-0400,2,2,"P-0400.PDI_HI,P-0400.SI_LO",2025-01-14 14:03:39,2025-01-14 14:17:42
3460,P-0400,2,2,"P-0400.PI_LO,P-0400.SI_LO",2025-01-15 14:27:55,2025-01-15 14:36:04
3461,P-0400,2,2,"P-0400.VI_HI,P-0400.PI_HI",2025-01-16 07:45:30,2025-01-16 07:46:57
3462,P-0400,2,2,"P-0400.FI_LO,P-0400.II_HI",2025-01-16 09:23:15,2025-01-16 09:41:12
3463,P-0400,2,2,"P-0400.PI_HI,P-0400.FI_LO",2025-01-16 12:42:38,2025-01-16 12:42:56
3464,P-0400,4,4,"P-0400.PI_LO,P-0400.FI_LO,P-0400.PDI_HI,P-0400.VI_HI",2025-01-18 14:31:46,2025-01-18 15:07:32
3465,P-0400,3,4,"P-0400.TI_HI,P-0400.SI_LO,P-0400.VI_HI",2025-01-23 09:17:39,2025-01-23 10:12:49
3466,P-0400,2,2,"P-0400.TI_HI,P-0400.PI_LO",2025-01-24 10:51:07,2025-01-24 11:00:03
3467,P-0400,3,3,"P-0400.SI_LO,P-0400.PI_HI,P-0400.VI_HI",2025-01-27 14:25:22,2025-01-27 14:54:51
3468,P-0400,2,2,"P-0400.PDI_HI,P-0400.TI_HI",2025-01-27 16:05:02,2025-01-27 16:32:35
3469,P-0400,2,2,"P-0400.SI_LO,P-0400.VI_HI",2025-01-30 14:04:38,2025-01-30 14:06:50
3470,P-0400,2,2,"P-0400.FI_LO,P-0400.TI_HI",2025-02-04 16:25:55,2025-02-04 16:45:11
3471,P-0400,2,2,"P-0400.VI_HI,P-0400.SI_LO",2025-02-04 20:40:57,2025-02-04 20:53:20
3472,P-0400,2,2,"P-0400.PI_HI,P-0400.II_HI",2025-02-08 09:16:56,2025-02-08 09:26:13
3473,P-0400,2,2,"P-0400.PI_HI,P-0400.SI_LO",2025-02-10 07:52:43,2025-02-10 08:09:53
3474,P-0400,2,2,"P-0400.PI_LO,P-0400.PI_HI",2025-02-11 08:02:35,2025-02-11 08:03:04
3475,P-0400,2,2,"P-0400.TI_HI,P-0400.VI_HI",2025-02-11 12:54:10,2025-02-11 13:15:00
3476,P-0400,2,2,"P-0400.TI_HI,P-0400.PDI_HI",2025-02-12 18:40:53,2025-02-12 18:53:32
3477,P-0400,2,2,"P-0400.II_HI,P-0400.PI_HI",2025-02-13 14:23:03,2025-02-13 14:32:45
3478,P-0400,3,3,"P-0400.II_HI,P-0400.PI_HI,P-0400.VI_HI",2025-02-15 14:05:32,2025-02-15 14:33:52
3479,P-0400,2,2,"P-0400.PDI_HI,P-0400.SI_LO",2025-02-15 20:05:36,2025-02-15 20:07:54
3480,P-0400,2,2,"P-0400.PI_HI,P-0400.TI_HI",2025-02-16 10:34:06,2025-02-16 10:48:52
3481,P-0400,2,2,"P-0400.PI_HI,P-0400.TI_HI",2025-02-16 17:47:41,2025-02-16 17:51:22
3482,P-0400,2,2,"P-0400.SI_LO,P-0400.PDI_HI",2025-02-19 15:40:38,2025-02-19 15:50:57
3483,P-0400,2,2,"P-0400.TI_HI,P-0400.PDI_HI",2025-02-20 11:51:04,2025-02-20 12:01:54
3484,P-0400,2,2,"P-0400.PI_HI,P-0400.PDI_HI",2025-02-20 14:11:47,2025-02-20 14:18:52
3485,P-0400,2,2,"P-0400.TI_HI,P-0400.II_HI",2025-02-22 10:32:37,2025-02-22 10:51:06
3486,P-0400,2,2,"P-0400.PDI_HI,P-0400.FI_LO",2025-02-22 14:07:15,2025-02-22 14:16:34
3487,P-0400,2,2,"P-0400.PI_LO,P-0400.II_HI",2025-02-26 19:58:55,2025-02-26 20:17:53
3488,P-0400,2,2,"P-0400.VI_HI,P-0400.PI_LO",2025-02-27 13:47:45,2025-02-27 14:00:53
3489,P-0400,2,2,"P-0400.FI_LO,P-0400.VI_HI",2025-02-28 14:29:58,2025-02-28 14:44:27
3490,P-0400,2,2,"P-0400.II_HI,P-0400.PI_LO",2025-03-01 11:54:20,2025-03-01 12:09:16
3491,P-0400,2,2,"P-0400.VI_HI,P-0400.PDI_HI",2025-03-02 10:50:03,2025-03-02 10:53:09
3492,P-0400,2,2,"P-0400.SI_LO,P-0400.PI_LO",2025-03-04 23:13:58,2025-03-04 23:15:53
3493,P-0400,2,2,"P-0400.VI_HI,P-0400.PI_HI",2025-03-06 14:52:54,2025-03-06 14:55:35
3494,P-0400,2,2,"P-0400.II_HI,P-0400.FI_LO",2025-03-10 10:09:01,2025-03-10 10:28:34
3495,P-0400,3,3,"P-0400.PI_LO,P-0400.VI_HI,P-0400.TI_HI",2025-03-10 18:15:28,2025-03-10 18:28:53
3496,P-0400,2,2,"P-0400.VI_HI,P-0400.PI_LO",2025-03-14 20:12:59,2025-03-14 20:39:52
3497,P-0400,2,2,"P-0400.VI_HI,P-0400.TI_HI",2025-03-15 13:02:14,2025-03-15 13:08:50
3498,P-0400,3,3,"P-0400.PI_HI,P-0400.PI_LO,P-0400.VI_HI",2025-03-16 15:20:33,2025-03-16 16:04:16
3499,P-0400,2,2,"P-0400.VI_HI,P-0400.II_HI",2025-03-21 23:53:09,2025-03-22 00:11:59
3500,P-0400,3,3,"P-0400.TI_HI,P-0400.PDI_HI,P-0400.VI_HI",2025-03-22 17:00:23,2025-03-22 17:18:58
3501,P-0400,2,2,"P-0400.PI_LO,P-0400.PI_HI",2025-03-23 12:44:23,2025-03-23 12:45:42
3502,P-0400,2,2,"P-0400.FI_LO,P-0400.TI_HI",2025-03-24 02:07:36,2025-03-24 02:08:20
3503,P-0400,2,2,"P-0400.TI_HI,P-0400.PDI_HI",2025-03-29 03:27:56,2025-03-29 03:36:58
3504,P-0400,3,3,"P-0400.PI_LO,P-0400.PI_HI,P-0400.PDI_HI",2025-03-31 12:19:55,2025-03-31 12:58:34
3505,P-0400,2,2,"P-0400.VI_HI,P-0400.SI_LO",2025-04-02 19:43:22,2025-04-02 19:46:12
3506,P-0400,2,2,"P-0400.PI_HI,P-0400.FI_LO",2025-04-03 10:37:08,2025-04-03 10:56:40
3507,P-0400,2,3,"P-0400.SI_LO,P-0400.TI_HI",2025-04-04 10:53:18,2025-04-04 11:18:53
3508,P-0400,2,2,"P-0400.PI_HI,P-0400.PDI_HI",2025-04-05 11:52:05,2025-04-05 12:06:08
3509,P-0400,2,2,"P-0400.II_HI,P-0400.SI_LO",2025-04-06 13:24:01,2025-04-06 13:46:26
3510,P-0400,2,2,"P-0400.PI_LO,P-0400.II_HI",2025-04-11 04:53:47,2025-04-11 05:17:56
3511,P-0400,2,2,"P-0400.PI_LO,P-0400.II_HI",2025-04-11 13:53:31,2025-04-11 14:01:36
3512,P-0400,3,3,"P-0400.FI_LO,P-0400.SI_LO,P-0400.PI_LO",2025-04-11 17:22:25,2025-04-11 17:45:50
3513,P-0400,2,3,"P-0400.FI_LO,P-0400.II_HI",2025-04-12 12:56:30,2025-04-12 13:15:27
3514,P-0400,2,2,"P-0400.TI_HI,P-0400.FI_LO",2025-04-15 04:05:56,2025-04-15 04:32:22
3515,P-0400,2,2,"P-0400.PI_LO,P-0400.TI_HI",2025-04-15 12:03:46,2025-04-15 12:03:52
3516,P-0400,2,2,"P-0400.II_HI,P-0400.VI_HI",2025-04-16 19:34:38,2025-04-16 19:41:48
3517,P-0400,2,2,"P-0400.TI_HI,P-0400.PI_HI",2025-04-18 07:12:33,2025-04-18 07:31:00
3518,P-0400,2,2,"P-0400.II_HI,P-0400.PDI_HI",2025-04-23 15:22:20,2025-04-23 15:26:14
3519,P-0400,2,2,"P-0400.PI_HI,P-0400.VI_HI",2025-04-24 07:51:14,2025-04-24 07:52:19
3520,P-0400,2,2,"P-0400.PI_LO,P-0400.FI_LO",2025-04-29 09:30:21,2025-04-29 09:41:57
3521,P-0400,2,2,"P-0400.TI_HI,P-0400.PI_HI",2025-04-29 23:54:40,2025-04-29 23:58:09
3522,P-0400,2,3,"P-0400.SI_LO,P-0400.FI_LO",2025-05-01 07:27:20,2025-05-01 07:45:35
3523,P-0400,2,2,"P-0400.FI_LO,P-0400.PI_LO",2025-05-02 05:37:51,2025-05-02 05:41:07
3524,P-0400,2,2,"P-0400.VI_HI,P-0400.TI_HI",2025-05-06 00:49:44,2025-05-06 00:55:50
3525,P-0400,2,2,"P-0400.FI_LO,P-0400.PI_HI",2025-05-06 18:47:52,2025-05-06 19:02:23
3526,P-0400,2,2,"P-0400.TI_HI,P-0400.PI_LO",2025-05-08 07:01:08,2025-05-08 07:21:52
3527,P-0400,2,2,"P-0400.PI_LO,P-0400.TI_HI",2025-05-09 18:52:21,2025-05-09 19:17:45
3528,P-0400,2,2,"P-0400.VI_HI,P-0400.SI_LO",2025-05-11 10:47:50,2025-05-11 10:51:50
3529,P-0400,2,2,"P-0400.PI_HI,P-0400.TI_HI",2025-05-15 16:27:54,2025-05-15 16:44:34
3530,P-0400,2,2,"P-0400.PDI_HI,P-0400.SI_LO",2025-05-17 00:23:41,2025-05-17 00:25:50
3531,P-0400,2,2,"P-0400.SI_LO,P-0400.PI_HI",2025-05-18 12:16:16,2025-05-18 12:45:20
3532,P-0400,2,2,"P-0400.PDI_HI,P-0400.FI_LO",2025-05-20 07:50:34,2025-05-20 08:06:33
3533,P-0400,2,2,"P-0400.II_HI,P-0400.PI_LO",2025-05-23 08:44:18,2025-05-23 08:47:02
3534,P-0400,2,2,"P-0400.PDI_HI,P-0400.TI_HI",2025-05-25 23:36:03,2025-05-25 23:58:17
3535,P-0400,2,2,"P-0400.SI_LO,P-0400.II_HI",2025-05-27 15:03:17,2025-05-27 15:04:30
3536,P-0400,2,2,"P-0400.VI_HI,P-0400.PDI_HI",2025-05-29 13:05:05,2025-05-29 13:30:59
3537,P-0400,2,2,"P-0400.VI_HI,P-0400.PI_HI",2025-05-29 17:56:00,2025-05-29 18:19:33
3538,P-0400,2,2,"P-0400.PI_LO,P-0400.II_HI",2025-06-01 15:47:37,2025-06-01 16:13:37
3539,P-0400,2,2,"P-0400.TI_HI,P-0400.VI_HI",2025-06-02 05:57:54,2025-06-02 06:00:26
3540,P-0400,2,2,"P-0400.TI_HI,P-0400.II_HI",2025-06-02 11:02:22,2025-06-02 11:08:46
3541,P-0400,2,2,"P-0400.II_HI,P-0400.FI_LO",2025-06-05 13:48:08,2025-06-05 13:52:32
3542,P-0400,2,2,"P-0400.PI_LO,P-0400.VI_HI",2025-06-07 06:34:16,2025-06-07 06:36:26
3543,P-0400,2,2,"P-0400.PDI_HI,P-0400.PI_LO",2025-06-07 18:16:51,2025-06-07 18:40:55
3544,P-0400,2,2,"P-0400.PI_LO,P-0400.SI_LO",2025-06-08 18:29:19,2025-06-08 18:36:06
3545,P-0400,2,2,"P-0400.VI_HI,P-0400.PI_HI",2025-06-10 11:34:51,2025-06-10 11:42:10
3546,P-0400,2,3,"P-0400.SI_LO,P-0400.VI_HI",2025-06-15 16:36:28,2025-06-15 16:51:24
3547,P-0400,2,2,"P-0400.TI_HI,P-0400.VI_HI",2025-06-15 23:12:43,2025-06-15 23:27:28
3548,P-0400,2,2,"P-0400.II_HI,P-0400.PI_LO",2025-06-17 04:10:59,2025-06-17 04:15:22
3549,P-0400,2,2,"P-0400.TI_HI,P-0400.PI_LO",2025-06-17 11:29:43,2025-06-17 11:44:08
3550,P-0400,2,2,"P-0400.PI_HI,P-0400.TI_HI",2025-06-17 13:07:53,2025-06-17 13:27:41
3551,P-0400,2,2,"P-0400.VI_HI,P-0400.PDI_HI",2025-06-21 14:44:53,2025-06-21 15:12:02
3552,P-0400,2,2,"P-0400.PI_HI,P-0400.SI_LO",2025-06-21 18:22:41,2025-06-21 18:29:31
3553,P-0400,2,2,"P-0400.SI_LO,P-0400.II_HI",2025-06-22 16:14:24,2025-06-22 16:31:15
3554,P-0400,2,2,"P-0400.PI_LO,P-0400.SI_LO",2025-06-26 15:18:22,2025-06-26 15:32:29
3555,P-0400,2,2,"P-0400.II_HI,P-0400.SI_LO",2025-06-26 18:16:54,2025-06-26 18:18:42
3556,P-0400,2,2,"P-0400.PI_HI,P-0400.SI_LO",2025-06-27 05:41:27,2025-06-27 05:44:32
3557,P-0400,2,2,"P-0400.VI_HI,P-0400.PDI_HI",2025-06-27 07:05:32,2025-06-27 07:19:05
3558,P-0400,2,2,"P-0400.SI_LO,P-0400.TI_HI",2025-07-02 21:25:53,2025-07-02 21:27:02
3559,P-0400,2,2,"P-0400.PDI_HI,P-0400.II_HI",2025-07-06 15:28:44,2025-07-06 15:51:09
3560,P-0400,2,2,"P-0400.II_HI,P-0400.PI_LO",2025-07-08 09:00:05,2025-07-08 09:28:17
3561,P-0400,2,2,"P-0400.PI_HI,P-0400.TI_HI",2025-07-08 13:22:26,2025-07-08 13:40:01
3562,P-0400,3,3,"P-0400.SI_LO,P-0400.VI_HI,P-0400.PI_HI",2025-07-08 17:54:59,2025-07-08 18:06:44
3563,P-0400,2,2,"P-0400.FI_LO,P-0400.SI_LO",2025-07-09 13:50:58,2025-07-09 13:54:22
3564,P-0400,2,2,"P-0400.PI_HI,P-0400.PI_LO",2025-07-12 16:40:38,2025-07-12 16:57:40
3565,P-0400,3,3,"P-0400.TI_HI,P-0400.FI_LO,P-0400.PI_HI",2025-07-17 15:16:53,2025-07-17 15:46:03
3566,P-0400,2,2,"P-0400.II_HI,P-0400.PI_HI",2025-07-22 19:15:09,2025-07-22 19:30:25
3567,P-0400,2,3,"P-0400.TI_HI,P-0400.VI_HI",2025-07-23 17:14:43,2025-07-23 17:32:13
3568,P-0400,2,2,"P-0400.PI_LO,P-0400.II_HI",2025-07-23 22:28:10,2025-07-23 22:52:38
3569,P-0400,2,2,"P-0400.SI_LO,P-0400.FI_LO",2025-07-24 10:08:14,2025-07-24 10:16:07
3570,P-0400,2,2,"P-0400.VI_HI,P-0400.TI_HI",2025-07-24 12:25:09,2025-07-24 12:40:15
3571,P-0400,2,2,"P-0400.TI_HI,P-0400.VI_HI",2025-07-24 15:53:00,2025-07-24 16:19:01
3572,P-0400,2,2,"P-0400.FI_LO,P-0400.PI_LO",2025-07-28 13:45:22,2025-07-28 13:51:59
3573,P-0400,4,4,"P-0400.FI_LO,P-0400.PI_HI,P-0400.PI_LO,P-0400.TI_HI",2025-07-30 14:08:03,2025-07-30 14:53:59
3574,P-0400,2,2,"P-0400.PI_LO,P-0400.SI_LO",2025-07-30 16:43:25,2025-07-30 17:08:06
3575,P-0400,2,2,"P-0400.PI_LO,P-0400.II_HI",2025-07-31 11:36:24,2025-07-31 12:00:29
3576,P-0400,2,2,"P-0400.TI_HI,P-0400.II_HI",2025-08-01 16:33:21,2025-08-01 17:02:08
3577,P-0400,2,2,"P-0400.PI_LO,P-0400.FI_LO",2025-08-03 06:57:59,2025-08-03 07:03:11
3578,P-0400,2,2,"P-0400.VI_HI,P-0400.PDI_HI",2025-08-03 20:08:27,2025-08-03 20:21:19
3579,P-0400,2,2,"P-0400.II_HI,P-0400.PDI_HI",2025-08-07 12:43:23,2025-08-07 13:03:25
3580,P-0400,2,2,"P-0400.PI_LO,P-0400.FI_LO",2025-08-13 13:49:08,2025-08-13 14:12:36
3581,P-0400,3,3,"P-0400.TI_HI,P-0400.FI_LO,P-0400.PI_HI",2025-08-16 13:16:00,2025-08-16 13:55:14
3582,P-0400,2,2,"P-0400.TI_HI,P-0400.FI_LO",2025-08-17 10:05:00,2025-08-17 10:31:31
3583,P-0400,2,2,"P-0400.TI_HI,P-0400.SI_LO",2025-08-17 15:45:25,2025-08-17 16:13:40
3584,P-0400,2,2,"P-0400.TI_HI,P-0400.FI_LO",2025-08-21 13:15:57,2025-08-21 13:20:56
3585,P-0400,2,2,"P-0400.PI_LO,P-0400.II_HI",2025-08-22 08:13:51,2025-08-22 08:37:05
3586,P-0400,2,2,"P-0400.PDI_HI,P-0400.TI_HI",2025-08-26 11:17:04,2025-08-26 11:22:42
3587,P-0400,2,2,"P-0400.PDI_HI,P-0400.TI_HI",2025-08-26 23:41:08,2025-08-27 00:04:56
3588,P-0400,2,2,"P-0400.II_HI,P-0400.TI_HI",2025-08-27 10:36:10,2025-08-27 10:44:48
3589,P-0400,2,2,"P-0400.TI_HI,P-0400.PDI_HI",2025-08-29 05:22:17,2025-08-29 05:51:23
3590,P-0400,2,3,"P-0400.PI_LO,P-0400.PI_HI",2025-08-30 12:36:35,2025-08-30 12:48:07
3591,P-0400,2,2,"P-0400.II_HI,P-0400.PI_LO",2025-09-01 11:22:25,2025-09-01 11:24:32
3592,P-0400,4,4,"P-0400.PI_HI,P-0400.FI_LO,P-0400.VI_HI,P-0400.SI_LO",2025-09-01 12:23:30,2025-09-01 13:08:00
3593,P-0400,3,4,"P-0400.PI_HI,P-0400.TI_HI,P-0400.FI_LO",2025-09-02 15:11:38,2025-09-02 15:56:19
3594,P-0400,2,2,"P-0400.PI_LO,P-0400.II_HI",2025-09-05 15:50:33,2025-09-05 16:12:02
3595,P-0400,2,2,"P-0400.VI_HI,P-0400.FI_LO",2025-09-06 11:34:34,2025-09-06 12:04:08
3596,P-0400,3,4,"P-0400.PI_HI,P-0400.FI_LO,P-0400.SI_LO",2025-09-08 10:30:09,2025-09-08 11:37:46
3597,P-0400,2,2,"P-0400.PDI_HI,P-0400.FI_LO",2025-09-08 14:03:55,2025-09-08 14:19:52
3598,P-0400,3,3,"P-0400.FI_LO,P-0400.TI_HI,P-0400.PDI_HI",2025-09-09 10:21:21,2025-09-09 10:55:39
3599,P-0400,2,2,"P-0400.PI_HI,P-0400.VI_HI",2025-09-10 23:49:24,2025-09-10 23:53:21
3600,P-0400,2,2,"P-0400.II_HI,P-0400.FI_LO",2025-09-11 11:39:00,2025-09-11 11:41:01
3601,P-0400,2,2,"P-0400.TI_HI,P-0400.PI_LO",2025-09-13 08:01:31,2025-09-13 08:19:22
3602,P-0400,2,2,"P-0400.II_HI,P-0400.PI_LO",2025-09-14 08:10:37,2025-09-14 08:20:39
3603,P-0400,2,2,"P-0400.FI_LO,P-0400.TI_HI",2025-09-17 13:57:26,2025-09-17 14:03:53
3604,P-0400,2,2,"P-0400.II_HI,P-0400.SI_LO",2025-09-18 13:38:10,2025-09-18 13:44:09
3605,P-0400,4,5,"P-0400.PI_LO,P-0400.II_HI,P-0400.FI_LO,P-0400.PI_HI",2025-09-20 09:24:02,2025-09-20 10:21:56
3606,P-0400,3,3,"P-0400.TI_HI,P-0400.SI_LO,P-0400.II_HI",2025-09-26 11:07:58,2025-09-26 11:36:27
3607,P-0400,3,3,"P-0400.PI_HI,P-0400.PDI_HI,P-0400.TI_HI",2025-09-28 07:25:07,2025-09-28 07:55:53
3608,P-0400,3,3,"P-0400.TI_HI,P-0400.II_HI,P-0400.PDI_HI",2025-09-28 17:01:06,2025-09-28 17:44:35
3609,P-0400,2,2,"P-0400.II_HI,P-0400.VI_HI",2025-09-30 15:15:11,2025-09-30 15:31:26
3610,P-0400,2,2,"P-0400.PDI_HI,P-0400.II_HI",2025-10-04 13:46:57,2025-10-04 14:11:46
3611,P-0400,2,2,"P-0400.PI_HI,P-0400.VI_HI",2025-10-05 04:07:14,2025-10-05 04:11:16
3612,P-0400,3,3,"P-0400.PI_LO,P-0400.II_HI,P-0400.TI_HI",2025-10-05 20:48:27,2025-10-05 21:34:04
3613,P-0400,3,3,"P-0400.PI_LO,P-0400.SI_LO,P-0400.PDI_HI",2025-10-07 23:25:17,2025-10-07 23:55:08
3614,P-0400,2,2,"P-0400.II_HI,P-0400.TI_HI",2025-10-10 18:12:31,2025-10-10 18:14:10
3615,P-0400,2,2,"P-0400.PI_LO,P-0400.SI_LO",2025-10-11 17:14:50,2025-10-11 17:25:01
3616,P-0400,2,2,"P-0400.II_HI,P-0400.PDI_HI",2025-10-15 08:25:57,2025-10-15 08:52:17
3617,P-0400,2,2,"P-0400.VI_HI,P-0400.II_HI",2025-10-18 07:35:04,2025-10-18 07:38:52
3618,P-0400,2,2,"P-0400.PI_LO,P-0400.VI_HI",2025-10-19 05:38:31,2025-10-19 05:58:25
3619,P-0400,2,2,"P-0400.SI_LO,P-0400.VI_HI",2025-10-19 13:44:56,2025-10-19 13:50:08
3620,P-0400,2,2,"P-0400.PDI_HI,P-0400.VI_HI",2025-10-19 17:36:30,2025-10-19 17:58:54
3621,P-0400,3,3,"P-0400.II_HI,P-0400.PI_HI,P-0400.FI_LO",2025-10-21 12:14:59,2025-10-21 12:48:31
3622,P-0400,2,2,"P-0400.PDI_HI,P-0400.PI_HI",2025-10-23 13:58:08,2025-10-23 14:02:07
3623,P-0400,2,2,"P-0400.PI_LO,P-0400.TI_HI",2025-10-24 14:03:57,2025-10-24 14:24:26
3624,P-0400,2,2,"P-0400.FI_LO,P-0400.PI_HI",2025-10-24 15:36:12,2025-10-24 16:04:19
3625,P-0400,2,2,"P-0400.VI_HI,P-0400.TI_HI",2025-10-24 19:41:19,2025-10-24 19:57:36
3626,P-0400,2,2,"P-0400.TI_HI,P-0400.PDI_HI",2025-10-27 05:39:16,2025-10-27 06:02:13
3627,P-0400,2,2,"P-0400.II_HI,P-0400.VI_HI",2025-10-27 09:30:45,2025-10-27 09:47:47
3628,P-0400,2,2,"P-0400.VI_HI,P-0400.PI_HI",2025-10-27 19:50:45,2025-10-27 19:51:44
3629,P-0400,2,3,"P-0400.PI_HI,P-0400.PDI_HI",2025-10-28 19:04:23,2025-10-28 19:11:43
3630,P-0400,2,2,"P-0400.SI_LO,P-0400.II_HI",2025-10-29 09:35:10,2025-10-29 09:36:00
3631,P-0400,2,2,"P-0400.PI_LO,P-0400.PI_HI",2025-11-03 15:20:12,2025-11-03 15:24:06
3632,P-0400,2,2,"P-0400.VI_HI,P-0400.FI_LO",2025-11-08 11:53:47,2025-11-08 12:21:32
3633,P-0400,2,2,"P-0400.PI_HI,P-0400.PI_LO",2025-11-08 17:16:28,2025-11-08 17:44:07
3634,P-0400,2,2,"P-0400.TI_HI,P-0400.SI_LO",2025-11-09 11:37:09,2025-11-09 12:06:40
3635,P-0400,2,2,"P-0400.PI_LO,P-0400.II_HI",2025-11-10 15:48:57,2025-11-10 16:12:34
3636,P-0400,2,2,"P-0400.PDI_HI,P-0400.SI_LO",2025-11-10 17:09:34,2025-11-10 17:29:45
3637,P-0400,3,3,"P-0400.FI_LO,P-0400.PI_LO,P-0400.II_HI",2025-11-11 15:11:51,2025-11-11 16:00:36
3638,P-0400,2,2,"P-0400.PI_HI,P-0400.TI_HI",2025-11-12 13:26:23,2025-11-12 13:33:01
3639,P-0400,2,2,"P-0400.SI_LO,P-0400.VI_HI",2025-11-12 15:32:44,2025-11-12 16:02:05
3640,P-0400,2,2,"P-0400.PDI_HI,P-0400.II_HI",2025-11-12 22:48:18,2025-11-12 23:08:51
3641,P-0400,3,4,"P-0400.VI_HI,P-0400.SI_LO,P-0400.PDI_HI",2025-11-18 17:45:52,2025-11-18 18:09:08
3642,P-0400,2,2,"P-0400.PI_HI,P-0400.PDI_HI",2025-11-18 23:40:25,2025-11-18 23:55:22
3643,P-0400,3,3,"P-0400.TI_HI,P-0400.VI_HI,P-0400.FI_LO",2025-11-20 12:32:40,2025-11-20 13:04:35
3644,P-0400,2,2,"P-0400.PI_LO,P-0400.PDI_HI",2025-11-20 17:48:41,2025-11-20 17:51:03
3645,P-0400,5,6,"P-0400.VI_HI,P-0400.SI_LO,P-0400.PDI_HI,P-0400.PI_HI,P-0400.PI_LO",2025-11-22 11:26:43,2025-11-22 12:06:12
3646,P-0400,2,2,"P-0400.VI_HI,P-0400.PI_HI",2025-11-22 23:44:31,2025-11-22 23:52:12
3647,P-0400,2,2,"P-0400.PI_HI,P-0400.FI_LO",2025-11-24 20:32:47,2025-11-24 20:43:09
3648,P-0400,2,2,"P-0400.TI_HI,P-0400.PDI_HI",2025-11-25 17:11:34,2025-11-25 17:39:44
3649,P-0400,2,2,"P-0400.FI_LO,P-0400.VI_HI",2025-11-28 15:39:28,2025-11-28 16:08:23
3650,P-0400,2,2,"P-0400.PDI_HI,P-0400.SI_LO",2025-12-01 09:52:37,2025-12-01 10:11:06
3651,P-0400,2,2,"P-0400.II_HI,P-0400.FI_LO",2025-12-04 07:21:57,2025-12-04 07:33:41
3652,P-0400,2,2,"P-0400.SI_LO,P-0400.II_HI",2025-12-04 18:48:49,2025-12-04 18:58:04
3653,P-0400,2,2,"P-0400.PI_HI,P-0400.PDI_HI",2025-12-05 12:13:27,2025-12-05 12:22:02
3654,P-0400,2,2,"P-0400.PI_LO,P-0400.SI_LO",2025-12-08 19:19:28,2025-12-08 19:31:05
3655,P-0400,2,2,"P-0400.PI_LO,P-0400.VI_HI",2025-12-09 11:57:03,2025-12-09 12:08:53
3656,P-0400,2,2,"P-0400.PDI_HI,P-0400.PI_LO",2025-12-11 06:58:45,2025-12-11 07:04:00
3657,P-0400,2,2,"P-0400.PI_HI,P-0400.SI_LO",2025-12-11 13:50:40,2025-12-11 14:16:14
3658,P-0400,2,2,"P-0400.VI_HI,P-0400.II_HI",2025-12-12 15:43:07,2025-12-12 16:11:36
3659,P-0400,2,2,"P-0400.FI_LO,P-0400.SI_LO",2025-12-14 16:03:12,2025-12-14 16:16:43
3660,P-0400,2,2,"P-0400.FI_LO,P-0400.SI_LO",2025-12-15 19:20:17,2025-12-15 19:35:19
3661,P-0400,3,3,"P-0400.PI_LO,P-0400.VI_HI,P-0400.II_HI",2025-12-15 23:17:31,2025-12-15 23:29:33
3662,P-0400,2,2,"P-0400.PDI_HI,P-0400.PI_LO",2025-12-17 12:06:53,2025-12-17 12:10:12
3663,P-0400,2,2,"P-0400.PI_HI,P-0400.PDI_HI",2025-12-26 23:53:35,2025-12-26 23:54:11
3664,P-0400,2,2,"P-0400.TI_HI,P-0400.PI_HI",2025-12-30 18:32:34,2025-12-30 18:53:06
