datetime,01646500_cfs,temp_c,precip_mm
2025-02-01 05:00:00,4925.0,7.1,0.0
2025-02-01 06:00:00,5012.5,7.0,0.0
2025-02-01 07:00:00,4992.5,6.2,0.0
2025-02-01 08:00:00,4907.5,4.8,0.0
2025-02-01 09:00:00,4907.5,6.1,0.0
2025-02-01 10:00:00,4977.5,6.8,0.0
2025-02-01 11:00:00,4975.0,6.8,0.0
2025-02-01 12:00:00,4975.0,5.8,0.0
2025-02-01 13:00:00,5160.0,6.1,0.0
2025-02-01 14:00:00,5107.5,6.0,0.0
2025-02-01 15:00:00,5195.0,5.8,0.0
2025-02-01 16:00:00,5142.5,5.4,0.0
2025-02-01 17:00:00,5247.5,4.6,0.0
2025-02-01 18:00:00,5265.0,3.1,0.0
2025-02-01 19:00:00,5265.0,1.2,0.0
2025-02-01 20:00:00,5212.5,-0.3,0.0
2025-02-01 21:00:00,5107.5,1.0,0.0
2025-02-01 22:00:00,5090.0,-0.1,0.0
2025-02-01 23:00:00,5075.0,-1.2,0.0
2025-02-02 00:00:00,5045.0,-2.1,0.0
2025-02-02 01:00:00,5012.5,-2.8,0.0
2025-02-02 02:00:00,4960.0,-3.3,0.0
2025-02-02 03:00:00,5012.5,-3.8,0.0
2025-02-02 04:00:00,5045.0,-4.3,0.0
2025-02-02 05:00:00,5060.0,-4.7,0.0
2025-02-02 06:00:00,5030.0,-5.0,0.0
2025-02-02 07:00:00,5060.0,-5.2,0.0
2025-02-02 08:00:00,5045.0,-5.4,0.0
2025-02-02 09:00:00,5060.0,-4.8,0.0
2025-02-02 10:00:00,5090.0,-3.6,0.0
2025-02-02 11:00:00,5075.0,-1.8,0.0
2025-02-02 12:00:00,4977.5,-0.3,0.0
2025-02-02 13:00:00,4960.0,0.9,0.0
2025-02-02 14:00:00,4995.0,1.6,0.0
2025-02-02 15:00:00,5030.0,2.4,0.0
2025-02-02 16:00:00,5060.0,3.1,0.0
2025-02-02 17:00:00,5125.0,3.2,0.0
2025-02-02 18:00:00,5142.5,3.0,0.0
2025-02-02 19:00:00,5125.0,2.4,0.0
2025-02-02 20:00:00,5142.5,1.9,0.0
2025-02-02 21:00:00,5177.5,1.0,0.0
2025-02-02 22:00:00,5212.5,1.1,0.0
2025-02-02 23:00:00,5247.5,0.9,0.0
2025-02-03 00:00:00,5335.0,0.8,0.0
2025-02-03 01:00:00,5387.5,1.0,0.0
2025-02-03 02:00:00,5422.5,1.0,0.0
2025-02-03 03:00:00,5370.0,0.9,0.0
2025-02-03 04:00:00,5422.5,0.6,0.0
2025-02-03 05:00:00,5510.0,0.2,0.0
2025-02-03 06:00:00,5597.5,0.1,0.0
2025-02-03 07:00:00,5667.5,0.1,0.0
2025-02-03 08:00:00,5795.0,0.1,0.0
2025-02-03 09:00:00,5975.0,-0.5,0.0
2025-02-03 10:00:00,6070.0,2.0,0.0
2025-02-03 11:00:00,6160.0,4.0,0.0
2025-02-03 12:00:00,6220.0,5.9,0.0
2025-02-03 13:00:00,6280.0,7.4,0.0
2025-02-03 14:00:00,6372.5,8.0,0.0
2025-02-03 15:00:00,6450.0,9.4,0.0
2025-02-03 16:00:00,6490.0,10.8,0.0
2025-02-03 17:00:00,6567.5,10.0,0.0
2025-02-03 18:00:00,6530.0,9.8,0.0
2025-02-03 19:00:00,6567.5,9.9,0.0
2025-02-03 20:00:00,6700.0,9.9,0.0
2025-02-03 21:00:00,6900.0,9.1,0.0
2025-02-03 22:00:00,7220.0,9.4,0.0
2025-02-03 23:00:00,7797.5,9.2,0.0
2025-02-04 00:00:00,8860.0,9.5,0.0
2025-02-04 01:00:00,10472.5,9.5,0.0
2025-02-04 02:00:00,12350.0,9.2,0.0
2025-02-04 03:00:00,14050.0,8.8,0.0
2025-02-04 04:00:00,15400.0,8.3,0.0
2025-02-04 05:00:00,16500.0,8.1,0.0
2025-02-04 06:00:00,17300.0,8.1,0.0
2025-02-04 07:00:00,17875.0,8.0,0.0
2025-02-04 08:00:00,18225.0,7.7,0.0
2025-02-04 09:00:00,18575.0,8.0,0.0
2025-02-04 10:00:00,18800.0,10.2,0.0
2025-02-04 11:00:00,18800.0,12.4,0.0
2025-02-04 12:00:00,18725.0,12.2,0.0
2025-02-04 13:00:00,18675.0,11.4,0.0
2025-02-04 14:00:00,18450.0,10.4,0.0
2025-02-04 15:00:00,18325.0,9.2,0.0
2025-02-04 16:00:00,18125.0,8.6,0.0
2025-02-04 17:00:00,18025.0,7.9,0.0
2025-02-04 18:00:00,17775.0,6.4,0.0
2025-02-04 19:00:00,17700.0,4.4,0.0
2025-02-04 20:00:00,17400.0,2.9,0.0
2025-02-04 21:00:00,17325.0,4.0,0.0
2025-02-04 22:00:00,17125.0,3.1,0.0
2025-02-04 23:00:00,16875.0,2.2,0.0
2025-02-05 00:00:00,16575.0,1.7,0.0
2025-02-05 01:00:00,16300.0,0.8,0.0
2025-02-05 02:00:00,15900.0,0.8,0.0
2025-02-05 03:00:00,15600.0,0.5,0.0
2025-02-05 04:00:00,15425.0,0.3,0.0
2025-02-05 05:00:00,15200.0,-0.1,0.0
2025-02-05 06:00:00,15075.0,-0.4,0.0
2025-02-05 07:00:00,14875.0,-0.6,0.0
2025-02-05 08:00:00,14700.0,-0.7,0.0
2025-02-05 09:00:00,14600.0,0.8,0.0
2025-02-05 10:00:00,14550.0,1.7,0.0
2025-02-05 11:00:00,14400.0,1.9,0.0
2025-02-05 12:00:00,14250.0,2.2,0.0
2025-02-05 13:00:00,14100.0,2.7,0.0
2025-02-05 14:00:00,13975.0,3.4,0.0
2025-02-05 15:00:00,13700.0,3.7,0.0
2025-02-05 16:00:00,13525.0,3.7,0.0
2025-02-05 17:00:00,13200.0,3.3,0.0
2025-02-05 18:00:00,13050.0,2.8,0.0
2025-02-05 19:00:00,13075.0,2.2,0.0
2025-02-05 20:00:00,13000.0,1.7,0.0
2025-02-05 21:00:00,12900.0,1.0,0.1
2025-02-05 22:00:00,12800.0,1.0,0.1
2025-02-05 23:00:00,12675.0,0.2,2.1
2025-02-06 00:00:00,12575.0,0.0,1.8
2025-02-06 01:00:00,12525.0,0.2,0.6
2025-02-06 02:00:00,12425.0,0.0,2.8
2025-02-06 03:00:00,12325.0,-0.1,2.1
2025-02-06 04:00:00,12250.0,-0.2,2.3
2025-02-06 05:00:00,11975.0,0.1,0.7
2025-02-06 06:00:00,11900.0,0.3,0.2
2025-02-06 07:00:00,11900.0,0.4,1.2
2025-02-06 08:00:00,11900.0,0.6,0.5
2025-02-06 09:00:00,11825.0,0.1,0.3
2025-02-06 10:00:00,12025.0,0.5,0.7
2025-02-06 11:00:00,12000.0,0.8,1.6
2025-02-06 12:00:00,12000.0,1.7,0.2
2025-02-06 13:00:00,12000.0,2.9,0.0
2025-02-06 14:00:00,12000.0,7.1,0.0
2025-02-06 15:00:00,12000.0,8.4,0.0
2025-02-06 16:00:00,12025.0,10.0,0.0
2025-02-06 17:00:00,12125.0,10.9,0.0
2025-02-06 18:00:00,12125.0,10.9,0.0
2025-02-06 19:00:00,12150.0,9.8,0.0
2025-02-06 20:00:00,12075.0,9.2,0.0
2025-02-06 21:00:00,11925.0,6.0,0.0
2025-02-06 22:00:00,11900.0,5.9,0.0
2025-02-06 23:00:00,11825.0,6.0,0.0
2025-02-07 00:00:00,11800.0,5.8,0.0
2025-02-07 01:00:00,11725.0,5.5,0.0
2025-02-07 02:00:00,11800.0,5.2,0.0
2025-02-07 03:00:00,11750.0,6.7,0.1
2025-02-07 04:00:00,11700.0,6.9,0.0
2025-02-07 05:00:00,11650.0,6.5,0.0
2025-02-07 06:00:00,11525.0,6.8,0.0
2025-02-07 07:00:00,11500.0,5.5,0.0
2025-02-07 08:00:00,11450.0,4.1,0.0
2025-02-07 09:00:00,11350.0,6.1,0.0
2025-02-07 10:00:00,11250.0,6.8,0.0
2025-02-07 11:00:00,11125.0,7.5,0.0
2025-02-07 12:00:00,11025.0,7.7,0.0
2025-02-07 13:00:00,11050.0,7.5,0.0
2025-02-07 14:00:00,10900.0,7.5,0.0
2025-02-07 15:00:00,10925.0,7.9,0.0
2025-02-07 16:00:00,10950.0,7.6,0.0
2025-02-07 17:00:00,11050.0,6.7,0.0
2025-02-07 18:00:00,11025.0,5.4,0.0
2025-02-07 19:00:00,11000.0,3.7,0.0
2025-02-07 20:00:00,10975.0,2.8,0.0
2025-02-07 21:00:00,11025.0,3.9,0.0
2025-02-07 22:00:00,11125.0,3.2,0.0
2025-02-07 23:00:00,11375.0,2.0,0.0
2025-02-08 00:00:00,11500.0,0.9,0.0
2025-02-08 01:00:00,11650.0,-0.2,0.0
2025-02-08 02:00:00,11850.0,-0.4,0.0
2025-02-08 03:00:00,12100.0,-0.5,0.0
2025-02-08 04:00:00,12400.0,-1.3,0.0
2025-02-08 05:00:00,12750.0,-0.7,0.0
2025-02-08 06:00:00,13150.0,-0.6,0.0
2025-02-08 07:00:00,13625.0,-0.6,0.0
2025-02-08 08:00:00,14250.0,-0.6,0.0
2025-02-08 09:00:00,14850.0,0.6,0.0
2025-02-08 10:00:00,15625.0,0.7,0.0
2025-02-08 11:00:00,16575.0,1.6,0.0
2025-02-08 12:00:00,17625.0,1.2,0.0
2025-02-08 13:00:00,18800.0,1.7,0.0
2025-02-08 14:00:00,20000.0,1.1,0.0
2025-02-08 15:00:00,21275.0,2.2,0.0
2025-02-08 16:00:00,22600.0,2.4,0.0
2025-02-08 17:00:00,24000.0,1.6,0.4
2025-02-08 18:00:00,25575.0,1.2,0.2
2025-02-08 19:00:00,27250.0,0.8,0.0
2025-02-08 20:00:00,29175.0,1.0,0.0
2025-02-08 21:00:00,31175.0,-0.2,0.0
2025-02-08 22:00:00,33300.0,0.1,0.0
2025-02-08 23:00:00,35375.0,0.5,0.0
2025-02-09 00:00:00,37200.0,1.0,0.0
2025-02-09 01:00:00,38800.0,1.5,0.0
2025-02-09 02:00:00,40100.0,2.4,0.2
2025-02-09 03:00:00,41100.0,3.7,0.0
2025-02-09 04:00:00,41875.0,3.7,0.0
2025-02-09 05:00:00,42400.0,3.6,0.0
2025-02-09 06:00:00,42625.0,3.9,0.0
2025-02-09 07:00:00,42650.0,4.6,0.0
2025-02-09 08:00:00,42700.0,3.4,0.0
2025-02-09 09:00:00,42350.0,3.3,0.0
2025-02-09 10:00:00,42000.0,4.3,0.0
2025-02-09 11:00:00,41575.0,5.2,0.0
2025-02-09 12:00:00,40975.0,5.9,0.0
2025-02-09 13:00:00,40350.0,6.3,0.0
2025-02-09 14:00:00,39700.0,6.8,0.0
2025-02-09 15:00:00,39050.0,7.0,0.0
2025-02-09 16:00:00,38400.0,6.7,0.0
2025-02-09 17:00:00,37800.0,6.1,0.0
2025-02-09 18:00:00,37150.0,4.9,0.0
2025-02-09 19:00:00,36300.0,2.7,0.0
2025-02-09 20:00:00,35600.0,1.9,0.0
2025-02-09 21:00:00,34900.0,1.9,0.0
2025-02-09 22:00:00,34075.0,2.1,0.0
2025-02-09 23:00:00,33450.0,2.0,0.0
2025-02-10 00:00:00,32800.0,1.6,0.0
2025-02-10 01:00:00,32100.0,1.2,0.0
2025-02-10 02:00:00,31575.0,1.0,0.0
2025-02-10 03:00:00,31000.0,0.8,0.0
2025-02-10 04:00:00,30475.0,0.6,0.0
2025-02-10 05:00:00,29975.0,0.1,0.0
2025-02-10 06:00:00,29500.0,-0.1,0.0
2025-02-10 07:00:00,29000.0,-0.3,0.0
2025-02-10 08:00:00,28600.0,-0.3,0.0
2025-02-10 09:00:00,28225.0,0.4,0.0
2025-02-10 10:00:00,27825.0,1.7,0.0
2025-02-10 11:00:00,27475.0,2.8,0.0
2025-02-10 12:00:00,27100.0,3.5,0.0
2025-02-10 13:00:00,26775.0,4.3,0.0
2025-02-10 14:00:00,26500.0,5.1,0.0
2025-02-10 15:00:00,26125.0,5.5,0.0
2025-02-10 16:00:00,25800.0,6.1,0.0
2025-02-10 17:00:00,25425.0,6.0,0.0
2025-02-10 18:00:00,25125.0,5.0,0.0
2025-02-10 19:00:00,24775.0,3.0,0.0
2025-02-10 20:00:00,24475.0,2.0,0.0
2025-02-10 21:00:00,24125.0,1.0,0.0
2025-02-10 22:00:00,23825.0,0.1,0.0
2025-02-10 23:00:00,23575.0,-0.7,0.0
2025-02-11 00:00:00,23325.0,-1.4,0.0
2025-02-11 01:00:00,23150.0,-1.9,0.0
2025-02-11 02:00:00,22875.0,-2.0,0.0
2025-02-11 03:00:00,22725.0,-2.1,0.0
2025-02-11 04:00:00,22550.0,-2.4,0.0
2025-02-11 05:00:00,22425.0,-2.0,0.0
2025-02-11 06:00:00,22300.0,-1.8,0.0
2025-02-11 07:00:00,22200.0,-1.6,0.0
2025-02-11 08:00:00,22125.0,-1.6,0.0
2025-02-11 09:00:00,21950.0,-0.9,0.0
2025-02-11 10:00:00,21875.0,-0.6,0.0
2025-02-11 11:00:00,21775.0,-0.3,0.0
2025-02-11 12:00:00,21675.0,1.2,0.0
2025-02-11 13:00:00,21600.0,2.0,0.0
2025-02-11 14:00:00,21450.0,2.2,0.2
2025-02-11 15:00:00,21325.0,1.7,0.3
2025-02-11 16:00:00,21225.0,0.8,0.7
2025-02-11 17:00:00,21125.0,0.0,1.0
2025-02-11 18:00:00,21000.0,-0.5,1.2
2025-02-11 19:00:00,20850.0,-0.9,1.4
2025-02-11 20:00:00,20725.0,-1.2,1.7
2025-02-11 21:00:00,20675.0,-1.5,1.9
2025-02-11 22:00:00,20575.0,-1.4,1.9
2025-02-11 23:00:00,20500.0,-1.5,2.0
2025-02-12 00:00:00,20450.0,-1.5,1.5
2025-02-12 01:00:00,20300.0,-1.4,0.7
2025-02-12 02:00:00,20300.0,-1.4,0.5
2025-02-12 03:00:00,20225.0,-1.3,0.4
2025-02-12 04:00:00,20100.0,-1.4,0.1
2025-02-12 05:00:00,19975.0,-1.3,0.0
2025-02-12 06:00:00,19800.0,-1.3,0.0
2025-02-12 07:00:00,19600.0,-1.3,0.0
2025-02-12 08:00:00,19475.0,-1.3,0.1
2025-02-12 09:00:00,19325.0,-1.1,0.1
2025-02-12 10:00:00,19075.0,-0.6,0.1
2025-02-12 11:00:00,19000.0,-0.2,0.1
2025-02-12 12:00:00,18900.0,0.3,0.1
2025-02-12 13:00:00,18775.0,0.6,0.1
2025-02-12 14:00:00,18675.0,0.8,0.1
2025-02-12 15:00:00,18500.0,0.9,0.0
2025-02-12 16:00:00,18275.0,1.1,0.0
2025-02-12 17:00:00,18150.0,1.0,0.2
2025-02-12 18:00:00,18025.0,1.1,0.4
2025-02-12 19:00:00,17925.0,1.0,0.7
2025-02-12 20:00:00,17675.0,1.1,0.8
2025-02-12 21:00:00,17550.0,0.9,0.8
2025-02-12 22:00:00,17425.0,1.1,0.6
2025-02-12 23:00:00,17350.0,1.3,0.4
2025-02-13 00:00:00,17225.0,1.2,0.3
2025-02-13 01:00:00,17150.0,1.2,0.3
2025-02-13 02:00:00,17025.0,1.2,0.5
2025-02-13 03:00:00,16900.0,1.2,1.1
2025-02-13 04:00:00,16750.0,1.1,1.4
2025-02-13 05:00:00,16625.0,1.0,1.5
2025-02-13 06:00:00,16525.0,1.2,1.0
2025-02-13 07:00:00,16400.0,1.3,4.2
2025-02-13 08:00:00,16300.0,1.2,1.9
2025-02-13 09:00:00,16200.0,1.4,0.0
2025-02-13 10:00:00,16125.0,1.8,0.0
2025-02-13 11:00:00,16050.0,2.4,0.0
2025-02-13 12:00:00,16000.0,4.0,0.0
2025-02-13 13:00:00,15900.0,5.3,0.0
2025-02-13 14:00:00,15850.0,6.1,0.0
2025-02-13 15:00:00,15700.0,7.1,0.0
2025-02-13 16:00:00,15700.0,9.1,0.0
2025-02-13 17:00:00,15675.0,8.4,0.0
2025-02-13 18:00:00,15625.0,6.7,0.0
2025-02-13 19:00:00,15600.0,4.7,0.0
2025-02-13 20:00:00,15575.0,3.4,0.0
2025-02-13 21:00:00,15500.0,3.3,0.0
2025-02-13 22:00:00,15475.0,2.4,0.0
2025-02-13 23:00:00,15400.0,1.9,0.0
2025-02-14 00:00:00,15425.0,1.3,0.0
2025-02-14 01:00:00,15475.0,0.8,0.0
2025-02-14 02:00:00,15600.0,0.3,0.0
2025-02-14 03:00:00,15600.0,-0.2,0.0
2025-02-14 04:00:00,15500.0,-0.6,0.0
2025-02-14 05:00:00,15325.0,-1.5,0.0
2025-02-14 06:00:00,15250.0,-2.2,0.0
2025-02-14 07:00:00,15250.0,-3.3,0.0
2025-02-14 08:00:00,15150.0,-3.9,0.0
2025-02-14 09:00:00,15075.0,-1.6,0.0
2025-02-14 10:00:00,15000.0,-0.4,0.0
2025-02-14 11:00:00,14925.0,0.2,0.0
2025-02-14 12:00:00,14875.0,0.9,0.0
2025-02-14 13:00:00,14750.0,1.5,0.0
2025-02-14 14:00:00,14675.0,2.1,0.0
2025-02-14 15:00:00,14550.0,2.6,0.0
2025-02-14 16:00:00,14525.0,2.8,0.0
2025-02-14 17:00:00,14500.0,2.7,0.0
2025-02-14 18:00:00,14450.0,2.0,0.0
2025-02-14 19:00:00,14425.0,-0.1,0.0
2025-02-14 20:00:00,14425.0,-0.7,0.0
2025-02-14 21:00:00,14400.0,-0.4,0.0
2025-02-14 22:00:00,14300.0,-0.4,0.0
2025-02-14 23:00:00,14300.0,-0.4,0.0
2025-02-15 00:00:00,14225.0,-0.2,0.0
2025-02-15 01:00:00,14200.0,-0.9,0.0
2025-02-15 02:00:00,14200.0,-0.5,0.0
2025-02-15 03:00:00,14200.0,-0.3,0.0
2025-02-15 04:00:00,14200.0,-1.1,0.0
2025-02-15 05:00:00,14150.0,-0.3,0.0
2025-02-15 06:00:00,14050.0,-0.1,0.0
2025-02-15 07:00:00,14000.0,-0.4,0.0
2025-02-15 08:00:00,14000.0,0.1,0.0
2025-02-15 09:00:00,14150.0,0.2,0.1
2025-02-15 10:00:00,14200.0,0.8,0.1
2025-02-15 11:00:00,14200.0,1.7,0.1
2025-02-15 12:00:00,14200.0,2.3,0.0
2025-02-15 13:00:00,14300.0,3.0,0.0
2025-02-15 14:00:00,14375.0,3.1,0.1
2025-02-15 15:00:00,14400.0,3.8,0.7
2025-02-15 16:00:00,14450.0,2.5,2.8
2025-02-15 17:00:00,14500.0,2.7,2.4
2025-02-15 18:00:00,14500.0,2.6,2.7
2025-02-15 19:00:00,14600.0,2.8,2.4
2025-02-15 20:00:00,14675.0,3.3,0.5
2025-02-15 21:00:00,14750.0,2.2,1.0
2025-02-15 22:00:00,14825.0,2.5,0.8
2025-02-15 23:00:00,14950.0,2.9,0.6
2025-02-16 00:00:00,15075.0,3.1,0.1
2025-02-16 01:00:00,15150.0,3.3,0.1
2025-02-16 02:00:00,15325.0,3.8,0.0
2025-02-16 03:00:00,15475.0,4.3,1.2
2025-02-16 04:00:00,15650.0,4.9,0.9
2025-02-16 05:00:00,15875.0,5.5,0.1
2025-02-16 06:00:00,16200.0,5.8,0.0
2025-02-16 07:00:00,16475.0,6.4,0.0
2025-02-16 08:00:00,16775.0,7.8,0.0
2025-02-16 09:00:00,17100.0,6.4,0.1
2025-02-16 10:00:00,17375.0,8.1,0.0
2025-02-16 11:00:00,17575.0,8.2,3.6
2025-02-16 12:00:00,17775.0,9.1,4.7
2025-02-16 13:00:00,18025.0,10.2,0.8
2025-02-16 14:00:00,18150.0,12.4,0.0
2025-02-16 15:00:00,18475.0,16.0,0.1
2025-02-16 16:00:00,18900.0,16.0,0.2
2025-02-16 17:00:00,19450.0,13.6,0.1
2025-02-16 18:00:00,19650.0,8.5,0.0
2025-02-16 19:00:00,19600.0,5.5,0.0
2025-02-16 20:00:00,19800.0,4.1,0.0
2025-02-16 21:00:00,20000.0,5.1,0.0
2025-02-16 22:00:00,20100.0,4.2,0.0
2025-02-16 23:00:00,20250.0,3.0,0.0
2025-02-17 00:00:00,20275.0,1.9,0.0
2025-02-17 01:00:00,20100.0,1.0,0.0
2025-02-17 02:00:00,19875.0,0.4,0.0
2025-02-17 03:00:00,19825.0,-0.1,0.0
2025-02-17 04:00:00,19575.0,-0.7,0.0
2025-02-17 05:00:00,19500.0,-1.3,0.0
2025-02-17 06:00:00,19500.0,-1.9,0.0
2025-02-17 07:00:00,19450.0,-2.3,0.0
2025-02-17 08:00:00,19425.0,-2.6,0.0
2025-02-17 09:00:00,19250.0,-1.0,0.0
2025-02-17 10:00:00,19375.0,0.1,0.0
2025-02-17 11:00:00,19225.0,0.9,0.0
2025-02-17 12:00:00,19025.0,0.9,0.0
2025-02-17 13:00:00,19050.0,1.7,0.0
2025-02-17 14:00:00,19125.0,2.1,0.0
2025-02-17 15:00:00,19025.0,2.4,0.0
2025-02-17 16:00:00,19225.0,2.6,0.0
2025-02-17 17:00:00,19125.0,1.7,0.0
2025-02-17 18:00:00,19350.0,0.9,0.0
2025-02-17 19:00:00,19400.0,-0.3,0.0
2025-02-17 20:00:00,19550.0,-1.1,0.0
2025-02-17 21:00:00,19625.0,-0.3,0.0
2025-02-17 22:00:00,19725.0,-0.4,0.0
2025-02-17 23:00:00,19800.0,-0.8,0.0
2025-02-18 00:00:00,20025.0,-1.4,0.0
2025-02-18 01:00:00,20200.0,-2.2,0.0
2025-02-18 02:00:00,20500.0,-3.0,0.0
2025-02-18 03:00:00,20800.0,-3.7,0.0
2025-02-18 04:00:00,21125.0,-4.3,0.0
2025-02-18 05:00:00,21425.0,-4.8,0.0
2025-02-18 06:00:00,21775.0,-5.2,0.0
2025-02-18 07:00:00,22150.0,-5.6,0.0
2025-02-18 08:00:00,22450.0,-6.0,0.0
2025-02-18 09:00:00,22700.0,-4.6,0.0
2025-02-18 10:00:00,22925.0,-4.3,0.0
2025-02-18 11:00:00,23275.0,-3.8,0.0
2025-02-18 12:00:00,23575.0,-3.2,0.0
2025-02-18 13:00:00,23825.0,-2.3,0.0
2025-02-18 14:00:00,24050.0,-1.7,0.0
2025-02-18 15:00:00,24250.0,-1.0,0.0
2025-02-18 16:00:00,24300.0,-0.8,0.0
2025-02-18 17:00:00,24500.0,-1.3,0.0
2025-02-18 18:00:00,24625.0,-1.4,0.0
2025-02-18 19:00:00,24700.0,-2.8,0.0
2025-02-18 20:00:00,24750.0,-3.7,0.0
2025-02-18 21:00:00,24875.0,-3.3,0.0
2025-02-18 22:00:00,24975.0,-4.0,0.0
2025-02-18 23:00:00,25075.0,-4.7,0.0
2025-02-19 00:00:00,25200.0,-5.5,0.0
2025-02-19 01:00:00,25300.0,-6.4,0.0
2025-02-19 02:00:00,25425.0,-6.9,0.0
2025-02-19 03:00:00,25425.0,-7.2,0.0
2025-02-19 04:00:00,25650.0,-7.5,0.0
2025-02-19 05:00:00,25750.0,-7.5,0.0
2025-02-19 06:00:00,25750.0,-7.4,0.0
2025-02-19 07:00:00,25800.0,-7.3,0.0
2025-02-19 08:00:00,25800.0,-7.2,0.0
2025-02-19 09:00:00,25700.0,-6.9,0.0
2025-02-19 10:00:00,25700.0,-6.2,0.1
2025-02-19 11:00:00,25600.0,-5.6,0.1
2025-02-19 12:00:00,25475.0,-5.1,0.1
2025-02-19 13:00:00,25325.0,-4.4,0.2
2025-02-19 14:00:00,25150.0,-4.3,0.1
2025-02-19 15:00:00,24975.0,-4.2,0.1
2025-02-19 16:00:00,24800.0,-4.0,0.1
2025-02-19 17:00:00,24625.0,-4.0,0.1
2025-02-19 18:00:00,24450.0,-4.0,0.0
2025-02-19 19:00:00,24225.0,-3.9,0.0
2025-02-19 20:00:00,24050.0,-4.0,0.0
2025-02-19 21:00:00,23750.0,-7.1,0.0
2025-02-19 22:00:00,23500.0,-7.7,0.0
2025-02-19 23:00:00,23225.0,-7.8,0.0
2025-02-20 00:00:00,23050.0,-7.4,0.0
2025-02-20 01:00:00,22850.0,-7.4,0.0
2025-02-20 02:00:00,22650.0,-7.7,0.0
2025-02-20 03:00:00,22425.0,-7.8,0.0
2025-02-20 04:00:00,22275.0,-7.8,0.0
2025-02-20 05:00:00,21975.0,-8.0,0.0
2025-02-20 06:00:00,21800.0,-8.3,0.0
2025-02-20 07:00:00,21650.0,-8.5,0.0
2025-02-20 08:00:00,21375.0,-8.1,0.0
2025-02-20 09:00:00,21200.0,-7.1,0.0
2025-02-20 10:00:00,21050.0,-6.2,0.3
2025-02-20 11:00:00,20800.0,-5.7,0.1
2025-02-20 12:00:00,20650.0,-5.2,0.1
2025-02-20 13:00:00,20475.0,-4.8,0.1
2025-02-20 14:00:00,20250.0,-4.4,0.0
2025-02-20 15:00:00,20100.0,-3.8,0.0
2025-02-20 16:00:00,19925.0,-3.8,0.0
2025-02-20 17:00:00,19675.0,-4.0,0.0
2025-02-20 18:00:00,19350.0,-4.1,0.0
2025-02-20 19:00:00,19100.0,-4.7,0.0
2025-02-20 20:00:00,18900.0,-5.1,0.0
2025-02-20 21:00:00,18750.0,-4.2,0.0
2025-02-20 22:00:00,18550.0,-4.3,0.0
2025-02-20 23:00:00,18375.0,-4.7,0.0
2025-02-21 00:00:00,18300.0,-5.1,0.0
2025-02-21 01:00:00,18200.0,-5.4,0.0
2025-02-21 02:00:00,18025.0,-5.5,0.0
2025-02-21 03:00:00,17700.0,-5.6,0.0
2025-02-21 04:00:00,17575.0,-5.7,0.0
2025-02-21 05:00:00,17425.0,-5.7,0.0
2025-02-21 06:00:00,17300.0,-5.7,0.0
2025-02-21 07:00:00,17200.0,-5.8,0.0
2025-02-21 08:00:00,17125.0,-5.7,0.0
2025-02-21 09:00:00,16850.0,-3.5,0.0
2025-02-21 10:00:00,16800.0,-2.3,0.0
2025-02-21 11:00:00,16750.0,-0.9,0.0
2025-02-21 12:00:00,16700.0,0.0,0.0
2025-02-21 13:00:00,16575.0,0.5,0.0
2025-02-21 14:00:00,16325.0,0.7,0.0
2025-02-21 15:00:00,16175.0,1.0,0.0
2025-02-21 16:00:00,16200.0,0.9,0.0
2025-02-21 17:00:00,15950.0,0.5,0.0
2025-02-21 18:00:00,15900.0,-0.5,0.0
2025-02-21 19:00:00,15625.0,-2.0,0.0
2025-02-21 20:00:00,15525.0,-2.6,0.0
2025-02-21 21:00:00,15425.0,-1.7,0.0
2025-02-21 22:00:00,15325.0,-2.0,0.0
2025-02-21 23:00:00,15200.0,-2.4,0.0
2025-02-22 00:00:00,15100.0,-2.9,0.0
2025-02-22 01:00:00,15000.0,-3.3,0.0
2025-02-22 02:00:00,14925.0,-3.6,0.0
2025-02-22 03:00:00,14800.0,-3.8,0.0
2025-02-22 04:00:00,14725.0,-4.1,0.0
2025-02-22 05:00:00,14700.0,-4.4,0.0
2025-02-22 06:00:00,14625.0,-4.6,0.0
2025-02-22 07:00:00,14575.0,-5.0,0.0
2025-02-22 08:00:00,14500.0,-5.4,0.0
2025-02-22 09:00:00,14425.0,-4.1,0.0
2025-02-22 10:00:00,14400.0,-1.6,0.0
2025-02-22 11:00:00,14325.0,0.6,0.0
2025-02-22 12:00:00,14300.0,2.3,0.0
2025-02-22 13:00:00,14100.0,3.6,0.0
2025-02-22 14:00:00,14100.0,4.3,0.0
2025-02-22 15:00:00,14000.0,5.0,0.0
2025-02-22 16:00:00,13925.0,5.3,0.0
2025-02-22 17:00:00,13900.0,4.7,0.0
2025-02-22 18:00:00,13825.0,3.6,0.0
2025-02-22 19:00:00,13725.0,2.1,0.0
2025-02-22 20:00:00,13650.0,1.8,0.0
2025-02-22 21:00:00,13525.0,0.9,0.0
2025-02-22 22:00:00,13425.0,0.5,0.0
2025-02-22 23:00:00,13375.0,0.4,0.0
2025-02-23 00:00:00,13300.0,0.0,0.0
2025-02-23 01:00:00,13200.0,-0.3,0.0
2025-02-23 02:00:00,13100.0,-0.6,0.0
2025-02-23 03:00:00,13100.0,-1.0,0.0
2025-02-23 04:00:00,13000.0,-1.2,0.0
2025-02-23 05:00:00,13000.0,-0.9,0.0
2025-02-23 06:00:00,12975.0,-0.8,0.0
2025-02-23 07:00:00,12900.0,-1.0,0.0
2025-02-23 08:00:00,12900.0,-1.3,0.0
2025-02-23 09:00:00,12900.0,0.9,0.0
2025-02-23 10:00:00,12800.0,3.1,0.0
2025-02-23 11:00:00,12725.0,4.4,0.0
2025-02-23 12:00:00,12700.0,5.2,0.0
2025-02-23 13:00:00,12625.0,6.2,0.0
2025-02-23 14:00:00,12550.0,7.0,0.0
2025-02-23 15:00:00,12500.0,7.6,0.0
2025-02-23 16:00:00,12450.0,8.0,0.0
2025-02-23 17:00:00,12425.0,8.0,0.0
2025-02-23 18:00:00,12375.0,7.0,0.0
2025-02-23 19:00:00,12300.0,4.2,0.0
2025-02-23 20:00:00,12175.0,2.9,0.0
2025-02-23 21:00:00,12075.0,3.8,0.0
2025-02-23 22:00:00,11950.0,2.8,0.0
2025-02-23 23:00:00,11850.0,2.3,0.0
2025-02-24 00:00:00,11725.0,2.0,0.0
2025-02-24 01:00:00,11625.0,2.2,0.0
2025-02-24 02:00:00,11550.0,1.7,0.0
2025-02-24 03:00:00,11500.0,1.6,0.0
2025-02-24 04:00:00,11425.0,0.9,0.0
2025-02-24 05:00:00,11400.0,-0.6,0.0
2025-02-24 06:00:00,11375.0,-1.3,0.0
2025-02-24 07:00:00,11300.0,-1.5,0.0
2025-02-24 08:00:00,11275.0,-1.6,0.0
2025-02-24 09:00:00,11225.0,0.8,0.0
2025-02-24 10:00:00,11200.0,3.3,0.0
2025-02-24 11:00:00,11125.0,5.4,0.0
2025-02-24 12:00:00,11100.0,7.1,0.0
2025-02-24 13:00:00,11100.0,8.7,0.0
2025-02-24 14:00:00,11100.0,10.1,0.0
2025-02-24 15:00:00,11125.0,11.0,0.0
2025-02-24 16:00:00,11125.0,11.5,0.0
2025-02-24 17:00:00,11100.0,11.6,0.0
2025-02-24 18:00:00,11125.0,10.5,0.0
2025-02-24 19:00:00,11050.0,8.1,0.0
2025-02-24 20:00:00,11000.0,6.9,0.0
2025-02-24 21:00:00,10950.0,8.4,0.0
2025-02-24 22:00:00,10875.0,7.6,0.0
2025-02-24 23:00:00,10800.0,6.8,0.0
2025-02-25 00:00:00,10725.0,6.3,0.0
2025-02-25 01:00:00,10625.0,5.5,0.0
2025-02-25 02:00:00,10525.0,5.1,0.0
2025-02-25 03:00:00,10450.0,4.7,0.0
2025-02-25 04:00:00,10375.0,4.4,0.0
2025-02-25 05:00:00,10300.0,3.8,0.0
2025-02-25 06:00:00,10250.0,3.3,0.0
2025-02-25 07:00:00,10200.0,2.7,0.0
2025-02-25 08:00:00,10200.0,1.8,0.0
2025-02-25 09:00:00,10200.0,4.6,0.0
2025-02-25 10:00:00,10200.0,7.0,0.0
2025-02-25 11:00:00,10125.0,9.7,0.0
2025-02-25 12:00:00,10100.0,11.3,0.0
2025-02-25 13:00:00,10100.0,11.3,0.0
2025-02-25 14:00:00,10065.0,13.0,0.0
2025-02-25 15:00:00,10100.0,12.7,0.0
2025-02-25 16:00:00,10065.0,13.8,0.0
2025-02-25 17:00:00,10030.0,14.1,0.0
2025-02-25 18:00:00,9960.0,13.2,0.0
2025-02-25 19:00:00,10065.0,11.1,0.0
2025-02-25 20:00:00,9972.5,9.4,0.0
2025-02-25 21:00:00,9915.0,10.2,0.0
2025-02-25 22:00:00,9870.0,9.4,0.0
2025-02-25 23:00:00,9847.5,7.9,0.0
2025-02-26 00:00:00,9802.5,6.4,0.0
2025-02-26 01:00:00,9780.0,5.6,0.0
2025-02-26 02:00:00,9780.0,5.2,0.0
2025-02-26 03:00:00,9780.0,4.7,0.0
2025-02-26 04:00:00,9755.0,4.4,0.0
2025-02-26 05:00:00,9680.0,4.3,0.0
2025-02-26 06:00:00,9612.5,4.3,0.0
2025-02-26 07:00:00,9590.0,4.0,0.0
2025-02-26 08:00:00,9567.5,3.8,0.0
2025-02-26 09:00:00,9500.0,5.7,0.0
2025-02-26 10:00:00,9500.0,9.2,0.0
2025-02-26 11:00:00,9477.5,12.1,0.0
2025-02-26 12:00:00,9410.0,13.7,0.0
2025-02-26 13:00:00,9410.0,15.0,0.0
2025-02-26 14:00:00,9410.0,15.9,0.0
2025-02-26 15:00:00,9360.0,16.3,0.0
2025-02-26 16:00:00,9360.0,16.7,0.0
2025-02-26 17:00:00,9312.5,16.5,0.0
2025-02-26 18:00:00,9287.5,14.5,0.2
2025-02-26 19:00:00,9287.5,12.2,0.0
2025-02-26 20:00:00,9220.0,11.7,0.0
2025-02-26 21:00:00,9220.0,11.1,0.0
2025-02-26 22:00:00,9197.5,9.6,0.0
2025-02-26 23:00:00,9130.0,8.8,0.0
2025-02-27 00:00:00,9107.5,8.2,0.0
2025-02-27 01:00:00,9107.5,8.0,0.0
2025-02-27 02:00:00,9085.0,8.7,0.0
2025-02-27 03:00:00,9040.0,8.9,0.0
2025-02-27 04:00:00,9040.0,9.8,0.0
2025-02-27 05:00:00,8972.5,10.1,0.0
2025-02-27 06:00:00,8950.0,10.3,0.0
2025-02-27 07:00:00,8882.5,10.8,0.0
2025-02-27 08:00:00,8860.0,10.5,0.0
2025-02-27 09:00:00,8837.5,10.8,0.0
2025-02-27 10:00:00,8837.5,10.6,0.0
2025-02-27 11:00:00,8792.5,11.4,0.0
2025-02-27 12:00:00,8837.5,12.9,0.0
2025-02-27 13:00:00,8772.5,14.1,0.0
2025-02-27 14:00:00,8837.5,15.0,0.0
2025-02-27 15:00:00,8860.0,16.0,0.0
2025-02-27 16:00:00,8837.5,16.3,0.0
2025-02-27 17:00:00,8860.0,16.4,0.0
2025-02-27 18:00:00,8815.0,14.9,0.0
2025-02-27 19:00:00,8770.0,12.9,0.0
2025-02-27 20:00:00,8770.0,11.3,0.0
2025-02-27 21:00:00,8750.0,11.0,0.0
2025-02-27 22:00:00,8730.0,9.9,0.0
2025-02-27 23:00:00,8665.0,8.7,0.0
2025-02-28 00:00:00,8622.5,8.0,0.0
2025-02-28 01:00:00,8622.5,7.2,0.0
2025-02-28 02:00:00,8645.0,6.3,0.0
2025-02-28 03:00:00,8690.0,5.4,0.0
2025-02-28 04:00:00,8622.5,5.6,0.0
2025-02-28 05:00:00,8600.0,5.0,0.0
2025-02-28 06:00:00,8577.5,4.5,0.0
2025-02-28 07:00:00,8555.0,4.1,0.0
2025-02-28 08:00:00,8465.0,3.7,0.0
2025-02-28 09:00:00,8442.5,6.3,0.0
2025-02-28 10:00:00,8422.5,7.3,0.0
2025-02-28 11:00:00,8420.0,7.8,0.0
2025-02-28 12:00:00,8442.5,8.3,0.0
2025-02-28 13:00:00,8400.0,8.6,0.0
2025-02-28 14:00:00,8360.0,9.6,0.0
2025-02-28 15:00:00,8337.5,10.4,0.0
2025-02-28 16:00:00,8272.5,11.1,0.0
2025-02-28 17:00:00,8317.5,10.8,0.0
2025-02-28 18:00:00,8295.0,10.3,0.0
2025-02-28 19:00:00,8272.5,8.5,0.0
2025-02-28 20:00:00,8227.5,7.8,0.0
2025-02-28 21:00:00,8182.5,8.2,0.0
2025-02-28 22:00:00,8140.0,8.2,0.0
2025-02-28 23:00:00,8080.0,7.9,0.0
2025-03-01 00:00:00,8080.0,7.7,0.0
2025-03-01 01:00:00,8012.5,7.6,0.0
2025-03-01 02:00:00,7930.0,7.8,0.0
2025-03-01 03:00:00,7865.0,7.6,0.0
2025-03-01 04:00:00,7820.0,7.2,0.0
2025-03-01 05:00:00,7780.0,7.1,0.0
2025-03-01 06:00:00,7760.0,7.2,0.0
2025-03-01 07:00:00,7740.0,7.2,0.0
2025-03-01 08:00:00,7740.0,7.1,0.0
2025-03-01 09:00:00,7800.0,8.8,0.0
2025-03-01 10:00:00,7820.0,11.2,0.0
2025-03-01 11:00:00,7820.0,13.6,0.0
2025-03-01 12:00:00,7740.0,15.5,0.0
2025-03-01 13:00:00,7720.0,15.1,0.0
2025-03-01 14:00:00,7720.0,13.3,0.0
2025-03-01 15:00:00,7660.0,10.5,0.0
2025-03-01 16:00:00,7660.0,9.4,0.0
2025-03-01 17:00:00,7570.0,8.7,0.0
2025-03-01 18:00:00,7490.0,4.8,0.0
2025-03-01 19:00:00,7370.0,3.4,0.0
2025-03-01 20:00:00,7410.0,2.1,0.0
2025-03-01 21:00:00,7530.0,1.8,0.0
2025-03-01 22:00:00,7660.0,0.4,0.0
2025-03-01 23:00:00,7570.0,-1.3,0.0
2025-03-02 00:00:00,7490.0,-2.6,0.0
2025-03-02 01:00:00,7165.0,-3.5,0.0
2025-03-02 02:00:00,7276.666666666667,-4.7,0.0
2025-03-02 03:00:00,7250.0,-5.4,0.0
2025-03-02 04:00:00,7270.0,-6.1,0.0
2025-03-02 05:00:00,7276.666666666667,-6.1,0.0
2025-03-02 06:00:00,7276.666666666667,-6.4,0.0
2025-03-02 07:00:00,7290.0,-6.4,0.0
2025-03-02 08:00:00,7270.0,-6.2,0.0
2025-03-02 09:00:00,7247.5,-5.2,0.0
2025-03-02 10:00:00,7250.0,-4.1,0.0
2025-03-02 11:00:00,7250.0,-2.8,0.0
2025-03-02 12:00:00,7270.0,-1.4,0.0
2025-03-02 13:00:00,7250.0,0.0,0.0
2025-03-02 14:00:00,7160.0,1.0,0.0
2025-03-02 15:00:00,7227.5,1.7,0.0
2025-03-02 16:00:00,7276.666666666667,2.2,0.0
2025-03-02 17:00:00,7276.666666666667,2.3,0.0
2025-03-02 18:00:00,7250.0,2.0,0.0
2025-03-02 19:00:00,7250.0,0.5,0.0
2025-03-02 20:00:00,7270.0,0.1,0.0
2025-03-02 21:00:00,7290.0,-0.7,0.0
2025-03-02 22:00:00,7270.0,-1.4,0.0
2025-03-02 23:00:00,7250.0,-2.0,0.0
2025-03-03 00:00:00,7160.0,-2.4,0.0
2025-03-03 01:00:00,7160.0,-2.8,0.0
2025-03-03 02:00:00,7100.0,-2.9,0.0
2025-03-03 03:00:00,7080.0,-3.3,0.0
2025-03-03 04:00:00,7060.0,-3.4,0.0
2025-03-03 05:00:00,7000.0,-3.5,0.0
2025-03-03 06:00:00,7000.0,-3.6,0.0
2025-03-03 07:00:00,7000.0,-3.8,0.0
2025-03-03 08:00:00,6960.0,-3.8,0.0
2025-03-03 09:00:00,6920.0,-2.3,0.0
2025-03-03 10:00:00,6920.0,-0.6,0.0
2025-03-03 11:00:00,6920.0,0.7,0.0
2025-03-03 12:00:00,6920.0,1.8,0.0
2025-03-03 13:00:00,6920.0,2.7,0.0
2025-03-03 14:00:00,6920.0,3.8,0.0
2025-03-03 15:00:00,6940.0,4.5,0.0
2025-03-03 16:00:00,6920.0,5.0,0.0
2025-03-03 17:00:00,6940.0,5.2,0.0
2025-03-03 18:00:00,6960.0,4.9,0.0
2025-03-03 19:00:00,6920.0,3.0,0.0
2025-03-03 20:00:00,6920.0,2.0,0.0
2025-03-03 21:00:00,6960.0,2.5,0.0
2025-03-03 22:00:00,6920.0,1.4,0.0
2025-03-03 23:00:00,6920.0,0.6,0.0
2025-03-04 00:00:00,6920.0,0.3,0.0
2025-03-04 01:00:00,6920.0,0.0,0.0
2025-03-04 02:00:00,6920.0,-0.2,0.0
2025-03-04 03:00:00,6920.0,-0.3,0.0
2025-03-04 04:00:00,6920.0,-0.4,0.0
2025-03-04 05:00:00,6920.0,0.2,0.0
2025-03-04 06:00:00,6920.0,0.3,0.0
2025-03-04 07:00:00,6900.0,0.0,0.0
2025-03-04 08:00:00,6840.0,0.0,0.0
2025-03-04 09:00:00,6840.0,2.5,0.0
2025-03-04 10:00:00,6840.0,4.3,0.0
2025-03-04 11:00:00,6822.5,7.4,0.0
2025-03-04 12:00:00,6840.0,10.1,0.0
2025-03-04 13:00:00,6805.0,12.5,0.0
2025-03-04 14:00:00,6840.0,14.1,0.0
2025-03-04 15:00:00,6805.0,14.2,0.0
2025-03-04 16:00:00,6787.5,14.4,0.0
2025-03-04 17:00:00,6787.5,14.4,0.0
2025-03-04 18:00:00,6787.5,14.1,0.0
2025-03-04 19:00:00,6787.5,12.4,0.0
2025-03-04 20:00:00,6822.5,10.9,0.0
2025-03-04 21:00:00,6822.5,10.4,0.0
2025-03-04 22:00:00,6787.5,10.3,0.0
2025-03-04 23:00:00,6770.0,10.5,0.0
2025-03-05 00:00:00,6730.0,11.4,0.0
2025-03-05 01:00:00,6690.0,12.0,0.0
2025-03-05 02:00:00,6670.0,11.9,0.0
2025-03-05 03:00:00,6610.0,11.6,0.0
2025-03-05 04:00:00,6570.0,12.0,0.0
2025-03-05 05:00:00,6570.0,12.2,0.0
2025-03-05 06:00:00,6530.0,12.2,0.0
2025-03-05 07:00:00,6550.0,12.5,0.0
2025-03-05 08:00:00,6530.0,12.5,0.0
2025-03-05 09:00:00,6570.0,13.7,0.0
2025-03-05 10:00:00,6530.0,14.5,0.0
2025-03-05 11:00:00,6530.0,15.0,0.2
2025-03-05 12:00:00,6510.0,14.5,0.6
2025-03-05 13:00:00,6510.0,15.0,1.5
2025-03-05 14:00:00,6510.0,14.5,2.0
2025-03-05 15:00:00,6490.0,14.8,5.1
2025-03-05 16:00:00,6490.0,14.5,9.4
2025-03-05 17:00:00,6490.0,14.2,9.7
2025-03-05 18:00:00,6570.0,14.3,6.3
2025-03-05 19:00:00,6630.0,14.7,0.8
2025-03-05 20:00:00,6690.0,14.3,0.1
2025-03-05 21:00:00,6805.0,14.1,0.1
2025-03-05 22:00:00,6840.0,12.0,3.3
2025-03-05 23:00:00,6880.0,11.8,0.1
2025-03-06 00:00:00,6860.0,11.0,0.1
2025-03-06 01:00:00,6840.0,10.7,0.5
2025-03-06 02:00:00,6880.0,9.4,0.0
2025-03-06 03:00:00,6920.0,8.0,0.0
2025-03-06 04:00:00,7020.0,7.2,0.0
2025-03-06 05:00:00,7100.0,6.2,0.0
2025-03-06 06:00:00,7140.0,5.0,0.0
2025-03-06 07:00:00,7160.0,4.5,0.0
2025-03-06 08:00:00,7140.0,4.3,0.0
2025-03-06 09:00:00,7163.333333333333,5.6,0.0
2025-03-06 10:00:00,7136.666666666667,6.2,0.0
2025-03-06 11:00:00,7250.0,7.3,0.0
2025-03-06 12:00:00,7140.0,7.7,0.0
2025-03-06 13:00:00,7120.0,7.7,0.0
2025-03-06 14:00:00,7040.0,6.3,0.0
2025-03-06 15:00:00,6946.666666666667,6.5,0.0
2025-03-06 16:00:00,7000.0,5.4,0.0
2025-03-06 17:00:00,7040.0,4.7,0.0
2025-03-06 18:00:00,6960.0,4.6,0.0
2025-03-06 19:00:00,6920.0,4.0,0.0
2025-03-06 20:00:00,6946.666666666667,3.2,0.0
2025-03-06 21:00:00,6980.0,3.4,0.0
2025-03-06 22:00:00,7080.0,3.2,0.0
2025-03-06 23:00:00,7020.0,3.2,0.0
2025-03-07 00:00:00,7160.0,2.9,0.0
2025-03-07 01:00:00,7120.0,2.2,0.0
2025-03-07 02:00:00,7133.333333333333,1.7,0.0
2025-03-07 03:00:00,7080.0,1.3,0.0
2025-03-07 04:00:00,7060.0,1.1,0.0
2025-03-07 05:00:00,6960.0,0.7,0.0
2025-03-07 06:00:00,6960.0,0.4,0.0
2025-03-07 07:00:00,7080.0,-0.1,0.0
2025-03-07 08:00:00,7080.0,0.0,0.0
2025-03-07 09:00:00,7060.0,2.5,0.0
2025-03-07 10:00:00,7060.0,4.2,0.0
2025-03-07 11:00:00,7080.0,5.5,0.0
2025-03-07 12:00:00,7060.0,7.2,0.0
2025-03-07 13:00:00,7060.0,8.4,0.0
2025-03-07 14:00:00,7020.0,9.4,0.0
2025-03-07 15:00:00,7053.333333333333,10.4,0.0
2025-03-07 16:00:00,7080.0,11.0,0.0
2025-03-07 17:00:00,7053.333333333333,11.1,0.0
2025-03-07 18:00:00,7120.0,10.6,0.0
2025-03-07 19:00:00,7205.0,9.0,0.0
2025-03-07 20:00:00,7310.0,8.2,0.0
2025-03-07 21:00:00,7330.0,7.8,0.0
2025-03-07 22:00:00,7330.0,7.2,0.0
2025-03-07 23:00:00,7330.0,6.7,0.0
2025-03-08 00:00:00,7330.0,6.6,0.0
2025-03-08 01:00:00,7330.0,5.9,0.0
2025-03-08 02:00:00,7330.0,5.8,0.0
2025-03-08 03:00:00,7310.0,5.7,0.0
2025-03-08 04:00:00,7330.0,5.1,0.0
2025-03-08 05:00:00,7330.0,4.7,0.0
2025-03-08 06:00:00,7330.0,3.9,0.0
2025-03-08 07:00:00,7330.0,4.5,0.0
2025-03-08 08:00:00,7350.0,4.8,0.0
2025-03-08 09:00:00,7390.0,6.4,0.0
2025-03-08 10:00:00,7410.0,7.5,0.0
2025-03-08 11:00:00,7450.0,8.0,0.0
2025-03-08 12:00:00,7510.0,7.2,0.0
2025-03-08 13:00:00,7572.5,8.3,0.0
2025-03-08 14:00:00,7660.0,8.4,0.0
2025-03-08 15:00:00,7615.0,7.7,0.0
2025-03-08 16:00:00,7760.0,7.4,0.0
2025-03-08 17:00:00,7845.0,7.1,0.0
2025-03-08 18:00:00,7887.5,6.1,0.0
2025-03-08 19:00:00,7992.5,4.7,0.0
2025-03-08 20:00:00,8057.5,3.6,0.0
2025-03-08 21:00:00,8207.5,4.6,0.0
2025-03-08 22:00:00,8317.5,3.9,0.0
2025-03-08 23:00:00,8425.0,3.0,0.0
2025-03-09 00:00:00,8600.0,2.5,0.0
2025-03-09 01:00:00,8775.0,1.8,0.0
2025-03-09 02:00:00,8905.0,1.0,0.0
2025-03-09 03:00:00,8995.0,0.4,0.0
2025-03-09 04:00:00,9152.5,-0.3,0.0
2025-03-09 05:00:00,9242.5,-0.8,0.0
2025-03-09 06:00:00,9385.0,-1.1,0.0
2025-03-09 07:00:00,9477.5,-1.1,0.0
2025-03-09 08:00:00,9590.0,-0.4,0.0
2025-03-09 09:00:00,9680.0,2.2,0.0
2025-03-09 10:00:00,9755.0,4.2,0.0
2025-03-09 11:00:00,9780.0,7.1,0.0
2025-03-09 12:00:00,9780.0,9.7,0.0
2025-03-09 13:00:00,9780.0,11.4,0.0
2025-03-09 14:00:00,9825.0,12.4,0.0
2025-03-09 15:00:00,9870.0,12.5,0.0
2025-03-09 16:00:00,9870.0,13.5,0.0
2025-03-09 17:00:00,9847.5,13.6,0.0
2025-03-09 18:00:00,9797.5,12.6,0.0
2025-03-09 19:00:00,9870.0,10.1,0.0
2025-03-09 20:00:00,9915.0,8.6,0.0
2025-03-09 21:00:00,9960.0,7.5,0.0
2025-03-09 22:00:00,9915.0,6.9,0.0
2025-03-09 23:00:00,9802.5,6.6,0.0
2025-03-10 00:00:00,9680.0,6.4,0.0
2025-03-10 01:00:00,9680.0,5.5,0.0
2025-03-10 02:00:00,9612.5,4.6,0.0
2025-03-10 03:00:00,9590.0,3.9,0.0
2025-03-10 04:00:00,9590.0,3.5,0.0
2025-03-10 05:00:00,9522.5,2.9,0.0
2025-03-10 06:00:00,9500.0,2.5,0.0
2025-03-10 07:00:00,9500.0,1.9,0.0
2025-03-10 08:00:00,9477.5,2.3,0.0
2025-03-10 09:00:00,9455.0,4.8,0.0
2025-03-10 10:00:00,9410.0,7.9,0.0
2025-03-10 11:00:00,9410.0,11.2,0.0
2025-03-10 12:00:00,9385.0,13.8,0.0
2025-03-10 13:00:00,9335.0,15.3,0.0
2025-03-10 14:00:00,9310.0,16.2,0.0
2025-03-10 15:00:00,9310.0,16.5,0.0
2025-03-10 16:00:00,9220.0,16.4,0.0
2025-03-10 17:00:00,9220.0,16.3,0.0
2025-03-10 18:00:00,9220.0,15.8,0.0
2025-03-10 19:00:00,9152.5,12.6,0.0
2025-03-10 20:00:00,9130.0,11.0,0.0
2025-03-10 21:00:00,9130.0,10.6,0.0
2025-03-10 22:00:00,9107.5,9.0,0.0
2025-03-10 23:00:00,9040.0,7.9,0.0
2025-03-11 00:00:00,9040.0,6.8,0.0
2025-03-11 01:00:00,9040.0,6.4,0.0
2025-03-11 02:00:00,9040.0,5.6,0.0
2025-03-11 03:00:00,8972.5,4.9,0.0
2025-03-11 04:00:00,8950.0,4.7,0.0
2025-03-11 05:00:00,8860.0,4.5,0.0
2025-03-11 06:00:00,8792.5,4.1,0.0
2025-03-11 07:00:00,8730.0,3.4,0.0
2025-03-11 08:00:00,8645.0,3.7,0.0
2025-03-11 09:00:00,8622.5,5.3,0.0
2025-03-11 10:00:00,8600.0,8.9,0.0
2025-03-11 11:00:00,8510.0,12.2,0.0
2025-03-11 12:00:00,8510.0,14.9,0.0
2025-03-11 13:00:00,8510.0,17.1,0.0
2025-03-11 14:00:00,8420.0,18.5,0.0
2025-03-11 15:00:00,8420.0,19.4,0.0
2025-03-11 16:00:00,8420.0,20.0,0.0
2025-03-11 17:00:00,8420.0,19.9,0.0
2025-03-11 18:00:00,8380.0,18.7,0.0
2025-03-11 19:00:00,8360.0,15.9,0.0
2025-03-11 20:00:00,8340.0,14.3,0.0
2025-03-11 21:00:00,8317.5,14.6,0.0
2025-03-11 22:00:00,8295.0,13.5,0.0
2025-03-11 23:00:00,8317.5,12.7,0.0
2025-03-12 00:00:00,8317.5,12.1,0.0
2025-03-12 01:00:00,8317.5,10.9,0.0
2025-03-12 02:00:00,8250.0,10.6,0.0
2025-03-12 03:00:00,8182.5,9.9,0.0
2025-03-12 04:00:00,8160.0,9.0,0.0
2025-03-12 05:00:00,8120.0,8.2,0.0
2025-03-12 06:00:00,8080.0,7.3,0.0
2025-03-12 07:00:00,8035.0,6.3,0.0
2025-03-12 08:00:00,7990.0,5.9,0.0
2025-03-12 09:00:00,7970.0,10.2,0.0
2025-03-12 10:00:00,7950.0,11.2,0.0
2025-03-12 11:00:00,7970.0,12.4,0.0
2025-03-12 12:00:00,7910.0,13.6,0.0
2025-03-12 13:00:00,7930.0,14.9,0.0
2025-03-12 14:00:00,7887.5,15.8,0.0
2025-03-12 15:00:00,7910.0,16.4,0.0
2025-03-12 16:00:00,7887.5,16.6,0.0
2025-03-12 17:00:00,7820.0,16.3,0.0
2025-03-12 18:00:00,7760.0,15.7,0.0
2025-03-12 19:00:00,7740.0,13.2,0.0
2025-03-12 20:00:00,7660.0,10.7,0.0
2025-03-12 21:00:00,7660.0,9.2,0.0
2025-03-12 22:00:00,7570.0,7.9,0.0
2025-03-12 23:00:00,7510.0,6.7,0.0
2025-03-13 00:00:00,7490.0,5.9,0.0
2025-03-13 01:00:00,7490.0,5.3,0.0
2025-03-13 02:00:00,7490.0,4.8,0.0
2025-03-13 03:00:00,7490.0,4.4,0.0
2025-03-13 04:00:00,7490.0,4.3,0.0
2025-03-13 05:00:00,7430.0,4.1,0.0
2025-03-13 06:00:00,7410.0,4.0,0.0
2025-03-13 07:00:00,7410.0,4.1,0.0
2025-03-13 08:00:00,7410.0,4.4,0.0
2025-03-13 09:00:00,7330.0,5.4,0.0
2025-03-13 10:00:00,7330.0,6.1,0.0
2025-03-13 11:00:00,7310.0,7.2,0.0
2025-03-13 12:00:00,7250.0,8.5,0.0
2025-03-13 13:00:00,7250.0,9.7,0.0
2025-03-13 14:00:00,7250.0,11.1,0.0
2025-03-13 15:00:00,7250.0,12.3,0.0
2025-03-13 16:00:00,7250.0,13.2,0.0
2025-03-13 17:00:00,7205.0,13.5,0.0
2025-03-13 18:00:00,7160.0,13.4,0.0
2025-03-13 19:00:00,7160.0,12.1,0.0
2025-03-13 20:00:00,7120.0,10.7,0.0
2025-03-13 21:00:00,7140.0,8.0,0.0
2025-03-13 22:00:00,7080.0,8.0,0.0
2025-03-13 23:00:00,7080.0,7.2,0.0
2025-03-14 00:00:00,7080.0,6.9,0.0
2025-03-14 01:00:00,7020.0,5.7,0.0
2025-03-14 02:00:00,7000.0,5.0,0.0
2025-03-14 03:00:00,7000.0,4.4,0.0
2025-03-14 04:00:00,6940.0,3.8,0.0
2025-03-14 05:00:00,6920.0,3.4,0.0
2025-03-14 06:00:00,6920.0,3.3,0.0
2025-03-14 07:00:00,6880.0,3.1,0.0
2025-03-14 08:00:00,6840.0,3.3,0.0
2025-03-14 09:00:00,6840.0,5.2,0.0
2025-03-14 10:00:00,6787.5,6.3,0.0
2025-03-14 11:00:00,6770.0,7.0,0.0
2025-03-14 12:00:00,6770.0,8.3,0.0
2025-03-14 13:00:00,6770.0,9.6,0.0
2025-03-14 14:00:00,6770.0,11.7,0.0
2025-03-14 15:00:00,6770.0,12.9,0.0
2025-03-14 16:00:00,6730.0,13.2,0.0
2025-03-14 17:00:00,6690.0,13.1,0.0
2025-03-14 18:00:00,6690.0,12.6,0.0
2025-03-14 19:00:00,6690.0,11.4,0.0
2025-03-14 20:00:00,6690.0,10.1,0.0
2025-03-14 21:00:00,6690.0,7.0,0.0
2025-03-14 22:00:00,6670.0,6.6,0.0
2025-03-14 23:00:00,6610.0,6.5,0.0
2025-03-15 00:00:00,6610.0,6.6,0.0
2025-03-15 01:00:00,6530.0,6.6,0.0
2025-03-15 02:00:00,6530.0,6.8,0.0
2025-03-15 03:00:00,6470.0,6.9,0.0
2025-03-15 04:00:00,6450.0,7.0,0.0
2025-03-15 05:00:00,6450.0,7.0,0.0
2025-03-15 06:00:00,6450.0,7.1,0.0
2025-03-15 07:00:00,6450.0,7.2,0.0
2025-03-15 08:00:00,6450.0,7.2,0.0
2025-03-15 09:00:00,6432.5,7.3,0.0
2025-03-15 10:00:00,6415.0,8.2,0.0
2025-03-15 11:00:00,6380.0,9.4,0.0
2025-03-15 12:00:00,6380.0,10.6,0.0
2025-03-15 13:00:00,6380.0,12.1,0.0
2025-03-15 14:00:00,6380.0,13.2,0.0
2025-03-15 15:00:00,6380.0,14.8,0.0
2025-03-15 16:00:00,6380.0,17.1,0.0
2025-03-15 17:00:00,6380.0,17.4,0.0
2025-03-15 18:00:00,6380.0,16.9,0.0
2025-03-15 19:00:00,6340.0,15.1,0.0
2025-03-15 20:00:00,6300.0,14.3,0.0
2025-03-15 21:00:00,6300.0,11.6,0.0
2025-03-15 22:00:00,6282.5,10.9,0.0
2025-03-15 23:00:00,6230.0,11.1,0.0
2025-03-16 00:00:00,6170.0,11.4,0.0
2025-03-16 01:00:00,6150.0,12.1,0.0
2025-03-16 02:00:00,6150.0,13.3,0.0
2025-03-16 03:00:00,6115.0,14.2,0.0
2025-03-16 04:00:00,6080.0,14.3,0.0
2025-03-16 05:00:00,6080.0,14.6,0.0
2025-03-16 06:00:00,6080.0,14.9,0.0
2025-03-16 07:00:00,6060.0,15.3,0.0
2025-03-16 08:00:00,6040.0,15.7,0.0
2025-03-16 09:00:00,6040.0,17.0,0.0
2025-03-16 10:00:00,6000.0,18.0,0.1
2025-03-16 11:00:00,5982.5,18.7,0.1
2025-03-16 12:00:00,6000.0,20.3,0.1
2025-03-16 13:00:00,6000.0,19.5,0.3
2025-03-16 14:00:00,6040.0,19.3,0.6
2025-03-16 15:00:00,6000.0,21.6,0.0
2025-03-16 16:00:00,5965.0,21.2,0.1
2025-03-16 17:00:00,5947.5,21.8,0.2
2025-03-16 18:00:00,5910.0,21.1,0.0
2025-03-16 19:00:00,5947.5,19.7,0.0
2025-03-16 20:00:00,5910.0,18.8,0.0
2025-03-16 21:00:00,5850.0,18.4,0.0
2025-03-16 22:00:00,5815.0,17.7,0.0
2025-03-16 23:00:00,5780.0,16.5,1.3
2025-03-17 00:00:00,5780.0,15.7,4.3
2025-03-17 01:00:00,5780.0,14.6,0.9
2025-03-17 02:00:00,5745.0,14.2,0.1
2025-03-17 03:00:00,5852.5,13.6,0.3
2025-03-17 04:00:00,5870.0,12.6,0.5
2025-03-17 05:00:00,5890.0,11.8,0.6
2025-03-17 06:00:00,5965.0,11.0,0.3
2025-03-17 07:00:00,5930.0,10.5,0.1
2025-03-17 08:00:00,5930.0,10.0,0.0
2025-03-17 09:00:00,5930.0,10.7,0.0
2025-03-17 10:00:00,5947.5,10.2,0.0
2025-03-17 11:00:00,5965.0,10.4,0.0
2025-03-17 12:00:00,6000.0,11.8,0.0
2025-03-17 13:00:00,5927.5,12.1,0.0
2025-03-17 14:00:00,6000.0,12.1,0.0
2025-03-17 15:00:00,5903.333333333333,12.1,0.0
2025-03-17 16:00:00,5890.0,11.4,0.0
2025-03-17 17:00:00,5965.0,11.2,0.0
2025-03-17 18:00:00,6040.0,9.9,0.0
2025-03-17 19:00:00,6020.0,8.5,0.0
2025-03-17 20:00:00,6030.0,7.3,0.0
2025-03-17 21:00:00,6022.5,5.9,0.0
2025-03-17 22:00:00,5982.5,5.2,0.0
2025-03-17 23:00:00,6000.0,4.5,0.0
2025-03-18 00:00:00,5982.5,3.8,0.0
2025-03-18 01:00:00,6002.5,3.3,0.0
2025-03-18 02:00:00,5965.0,2.8,0.0
2025-03-18 03:00:00,5965.0,2.4,0.0
2025-03-18 04:00:00,5965.0,2.0,0.0
2025-03-18 05:00:00,5947.5,1.7,0.0
2025-03-18 06:00:00,5930.0,1.6,0.0
2025-03-18 07:00:00,5930.0,1.6,0.0
2025-03-18 08:00:00,5930.0,2.1,0.0
2025-03-18 09:00:00,5930.0,5.2,0.0
2025-03-18 10:00:00,5930.0,7.6,0.0
2025-03-18 11:00:00,5930.0,9.9,0.0
2025-03-18 12:00:00,5947.5,11.8,0.0
2025-03-18 13:00:00,6000.0,13.4,0.0
2025-03-18 14:00:00,6060.0,14.6,0.0
2025-03-18 15:00:00,6077.5,15.7,0.0
2025-03-18 16:00:00,6132.5,16.2,0.0
2025-03-18 17:00:00,6170.0,16.3,0.0
2025-03-18 18:00:00,6230.0,15.8,0.0
2025-03-18 19:00:00,6247.5,13.3,0.0
2025-03-18 20:00:00,6300.0,11.3,0.0
2025-03-18 21:00:00,6360.0,11.6,0.0
2025-03-18 22:00:00,6380.0,10.4,0.0
2025-03-18 23:00:00,6380.0,9.1,0.0
2025-03-19 00:00:00,6432.5,8.1,0.0
2025-03-19 01:00:00,6530.0,7.7,0.0
2025-03-19 02:00:00,6570.0,7.1,0.0
2025-03-19 03:00:00,6630.0,6.5,0.0
2025-03-19 04:00:00,6730.0,6.0,0.0
2025-03-19 05:00:00,6842.5,5.3,0.0
2025-03-19 06:00:00,6960.0,5.1,0.0
2025-03-19 07:00:00,7120.0,5.0,0.0
2025-03-19 08:00:00,7310.0,6.2,0.0
2025-03-19 09:00:00,7490.0,7.0,0.0
2025-03-19 10:00:00,7677.5,10.1,0.0
2025-03-19 11:00:00,7907.5,13.6,0.0
2025-03-19 12:00:00,8097.5,16.8,0.0
2025-03-19 13:00:00,8315.0,19.3,0.0
2025-03-19 14:00:00,8510.0,20.3,0.0
2025-03-19 15:00:00,8687.5,20.6,0.0
2025-03-19 16:00:00,8860.0,20.6,0.0
2025-03-19 17:00:00,8995.0,20.0,0.0
2025-03-19 18:00:00,9175.0,18.1,0.0
2025-03-19 19:00:00,9312.5,15.7,0.0
2025-03-19 20:00:00,9477.5,13.8,0.0
2025-03-19 21:00:00,9567.5,13.5,0.0
2025-03-19 22:00:00,9657.5,12.4,0.0
2025-03-19 23:00:00,9755.0,11.5,0.0
2025-03-20 00:00:00,9892.5,10.7,0.0
2025-03-20 01:00:00,9995.0,9.7,0.0
2025-03-20 02:00:00,10100.0,9.4,0.0
2025-03-20 03:00:00,10200.0,9.2,0.0
2025-03-20 04:00:00,10200.0,8.9,0.0
2025-03-20 05:00:00,10200.0,8.5,0.0
2025-03-20 06:00:00,10200.0,8.1,0.0
2025-03-20 07:00:00,10200.0,7.8,0.0
2025-03-20 08:00:00,10200.0,8.4,0.0
2025-03-20 09:00:00,10200.0,10.7,0.0
2025-03-20 10:00:00,10200.0,13.3,0.0
2025-03-20 11:00:00,10200.0,15.8,0.0
2025-03-20 12:00:00,10200.0,17.3,0.0
2025-03-20 13:00:00,10200.0,18.2,0.0
2025-03-20 14:00:00,10200.0,19.0,0.0
2025-03-20 15:00:00,10200.0,21.3,0.0
2025-03-20 16:00:00,10200.0,21.5,0.0
2025-03-20 17:00:00,10225.0,20.6,0.0
2025-03-20 18:00:00,10275.0,15.8,1.7
2025-03-20 19:00:00,10250.0,14.4,2.2
2025-03-20 20:00:00,10300.0,12.2,1.7
2025-03-20 21:00:00,10375.0,11.9,0.3
2025-03-20 22:00:00,10350.0,11.9,0.0
2025-03-20 23:00:00,10550.0,10.8,0.1
2025-03-21 00:00:00,10650.0,9.3,0.1
2025-03-21 01:00:00,10750.0,7.3,0.0
2025-03-21 02:00:00,10800.0,5.8,0.0
2025-03-21 03:00:00,10850.0,4.6,0.0
2025-03-21 04:00:00,10675.0,3.5,0.0
2025-03-21 05:00:00,10650.0,3.2,0.0
2025-03-21 06:00:00,10500.0,2.8,0.0
2025-03-21 07:00:00,10400.0,1.9,0.0
2025-03-21 08:00:00,10366.666666666666,1.8,0.0
2025-03-21 09:00:00,10450.0,4.2,0.0
2025-03-21 10:00:00,10400.0,5.1,0.0
2025-03-21 11:00:00,10375.0,6.6,0.0
2025-03-21 12:00:00,10333.333333333334,8.2,0.0
2025-03-21 13:00:00,10233.333333333334,9.7,0.0
2025-03-21 14:00:00,10200.0,11.0,0.0
2025-03-21 15:00:00,10250.0,12.0,0.0
2025-03-21 16:00:00,10266.666666666666,12.5,0.0
2025-03-21 17:00:00,10200.0,12.6,0.0
2025-03-21 18:00:00,10200.0,12.2,0.0
2025-03-21 19:00:00,10200.0,11.0,0.0
2025-03-21 20:00:00,10090.0,9.2,0.0
2025-03-21 21:00:00,9972.5,9.0,0.0
2025-03-21 22:00:00,9960.0,8.1,0.0
2025-03-21 23:00:00,9915.0,8.0,0.0
2025-03-22 00:00:00,9847.5,7.2,0.0
2025-03-22 01:00:00,9780.0,6.7,0.0
2025-03-22 02:00:00,9705.0,6.4,0.0
2025-03-22 03:00:00,9612.5,5.5,0.0
2025-03-22 04:00:00,9545.0,5.4,0.0
2025-03-22 05:00:00,9500.0,5.4,0.0
2025-03-22 06:00:00,9432.5,5.5,0.0
2025-03-22 07:00:00,9410.0,5.1,0.0
2025-03-22 08:00:00,9410.0,5.9,0.0
2025-03-22 09:00:00,9335.0,8.2,0.0
2025-03-22 10:00:00,9287.5,10.1,0.0
2025-03-22 11:00:00,9220.0,11.6,0.0
2025-03-22 12:00:00,9220.0,15.3,0.0
2025-03-22 13:00:00,9197.5,16.4,0.0
2025-03-22 14:00:00,9175.0,17.2,0.0
2025-03-22 15:00:00,9130.0,17.6,0.0
2025-03-22 16:00:00,9107.5,17.1,0.0
2025-03-22 17:00:00,9100.0,16.6,0.0
2025-03-22 18:00:00,9040.0,15.7,0.0
2025-03-22 19:00:00,8972.5,13.9,0.0
2025-03-22 20:00:00,8980.0,12.3,0.0
2025-03-22 21:00:00,9040.0,10.4,0.0
2025-03-22 22:00:00,9040.0,9.6,0.0
2025-03-22 23:00:00,9010.0,9.0,0.0
2025-03-23 00:00:00,8860.0,7.9,0.0
2025-03-23 01:00:00,8882.5,7.2,0.0
2025-03-23 02:00:00,8837.5,6.2,0.0
2025-03-23 03:00:00,8750.0,5.1,0.0
2025-03-23 04:00:00,8622.5,4.2,0.0
2025-03-23 05:00:00,8510.0,3.2,0.0
2025-03-23 06:00:00,8487.5,2.1,0.0
2025-03-23 07:00:00,8420.0,1.2,0.0
2025-03-23 08:00:00,8420.0,1.4,0.0
2025-03-23 09:00:00,8420.0,4.4,0.0
2025-03-23 10:00:00,8420.0,5.8,0.0
2025-03-23 11:00:00,8420.0,7.1,0.0
2025-03-23 12:00:00,8340.0,8.6,0.0
2025-03-23 13:00:00,8337.5,9.9,0.0
2025-03-23 14:00:00,8295.0,11.1,0.0
2025-03-23 15:00:00,8227.5,11.9,0.0
2025-03-23 16:00:00,8227.5,12.2,0.0
2025-03-23 17:00:00,8205.0,12.4,0.0
2025-03-23 18:00:00,8182.5,12.6,0.0
2025-03-23 19:00:00,8160.0,11.4,0.0
2025-03-23 20:00:00,8160.0,9.0,0.0
2025-03-23 21:00:00,8080.0,8.7,0.0
2025-03-23 22:00:00,8012.5,7.7,1.6
2025-03-23 23:00:00,7970.0,7.3,0.0
2025-03-24 00:00:00,7910.0,7.5,0.0
2025-03-24 01:00:00,7910.0,7.1,0.0
2025-03-24 02:00:00,7820.0,7.6,0.0
2025-03-24 03:00:00,7760.0,7.6,0.0
2025-03-24 04:00:00,7740.0,7.9,0.0
2025-03-24 05:00:00,7720.0,8.4,0.0
2025-03-24 06:00:00,7660.0,9.0,0.0
2025-03-24 07:00:00,7660.0,9.2,0.8
2025-03-24 08:00:00,7637.5,9.2,0.7
2025-03-24 09:00:00,7570.0,8.6,0.0
2025-03-24 10:00:00,7550.0,9.4,0.1
2025-03-24 11:00:00,7510.0,10.5,0.5
2025-03-24 12:00:00,7490.0,10.7,0.6
2025-03-24 13:00:00,7430.0,12.0,0.2
2025-03-24 14:00:00,7410.0,12.6,0.2
2025-03-24 15:00:00,7410.0,13.5,0.0
2025-03-24 16:00:00,7410.0,15.5,0.0
2025-03-24 17:00:00,7410.0,16.8,0.1
2025-03-24 18:00:00,7410.0,17.6,0.0
2025-03-24 19:00:00,7370.0,15.7,0.0
2025-03-24 20:00:00,7330.0,13.8,0.0
2025-03-24 21:00:00,7330.0,11.8,0.0
2025-03-24 22:00:00,7330.0,10.6,0.0
2025-03-24 23:00:00,7250.0,11.1,0.0
2025-03-25 00:00:00,7250.0,10.5,0.0
2025-03-25 01:00:00,7250.0,10.7,0.0
2025-03-25 02:00:00,7227.5,10.7,0.0
2025-03-25 03:00:00,7160.0,10.2,0.0
2025-03-25 04:00:00,7160.0,8.7,0.0
2025-03-25 05:00:00,7120.0,7.9,0.0
2025-03-25 06:00:00,7080.0,7.7,0.0
2025-03-25 07:00:00,7020.0,6.8,0.0
2025-03-25 08:00:00,7020.0,7.2,0.0
2025-03-25 09:00:00,6900.0,11.0,0.0
2025-03-25 10:00:00,6900.0,12.5,0.0
2025-03-25 11:00:00,6920.0,13.6,0.0
2025-03-25 12:00:00,6920.0,14.5,0.0
2025-03-25 13:00:00,6980.0,15.9,0.0
2025-03-25 14:00:00,6940.0,16.5,0.0
2025-03-25 15:00:00,6842.5,16.3,0.0
2025-03-25 16:00:00,6860.0,16.1,0.0
2025-03-25 17:00:00,6840.0,14.5,0.1
2025-03-25 18:00:00,6822.5,13.3,0.1
2025-03-25 19:00:00,6770.0,12.1,0.0
2025-03-25 20:00:00,6770.0,11.4,0.0
2025-03-25 21:00:00,6730.0,11.0,0.0
2025-03-25 22:00:00,6690.0,10.3,0.0
2025-03-25 23:00:00,6610.0,9.7,0.0
2025-03-26 00:00:00,6550.0,8.8,0.0
2025-03-26 01:00:00,6530.0,8.0,0.0
2025-03-26 02:00:00,6530.0,7.1,0.0
2025-03-26 03:00:00,6530.0,6.5,0.0
2025-03-26 04:00:00,6470.0,6.3,0.0
2025-03-26 05:00:00,6450.0,5.7,0.0
2025-03-26 06:00:00,6397.5,5.8,0.0
2025-03-26 07:00:00,6380.0,5.4,0.4
2025-03-26 08:00:00,6380.0,5.8,0.0
2025-03-26 09:00:00,6320.0,8.0,0.0
2025-03-26 10:00:00,6320.0,8.9,0.0
2025-03-26 11:00:00,6300.0,9.2,0.0
2025-03-26 12:00:00,6282.5,9.7,0.0
2025-03-26 13:00:00,6300.0,9.8,0.0
2025-03-26 14:00:00,6190.0,10.6,0.0
2025-03-26 15:00:00,6126.666666666667,11.0,0.0
2025-03-26 16:00:00,6150.0,10.9,0.0
2025-03-26 17:00:00,6150.0,10.5,0.0
2025-03-26 18:00:00,6285.0,10.0,0.0
2025-03-26 19:00:00,6265.0,9.1,0.0
2025-03-26 20:00:00,6265.0,7.5,0.0
2025-03-26 21:00:00,6115.0,6.9,0.0
2025-03-26 22:00:00,6126.666666666667,5.8,0.0
2025-03-26 23:00:00,6000.0,5.8,0.0
2025-03-27 00:00:00,6000.0,4.7,0.0
2025-03-27 01:00:00,5947.5,3.5,0.0
2025-03-27 02:00:00,5930.0,2.9,0.0
2025-03-27 03:00:00,5910.0,2.8,0.0
2025-03-27 04:00:00,5850.0,2.5,0.0
2025-03-27 05:00:00,5850.0,1.5,0.0
2025-03-27 06:00:00,5850.0,0.7,0.0
2025-03-27 07:00:00,5850.0,-0.2,0.0
2025-03-27 08:00:00,5850.0,0.6,0.0
2025-03-27 09:00:00,5815.0,3.4,0.0
2025-03-27 10:00:00,5780.0,5.6,0.0
2025-03-27 11:00:00,5780.0,7.5,0.0
2025-03-27 12:00:00,5762.5,9.2,0.0
2025-03-27 13:00:00,5762.5,10.5,0.0
2025-03-27 14:00:00,5727.5,11.6,0.0
2025-03-27 15:00:00,5710.0,12.6,0.0
2025-03-27 16:00:00,5727.5,13.5,0.0
2025-03-27 17:00:00,5762.5,14.0,0.0
2025-03-27 18:00:00,5727.5,14.0,0.0
2025-03-27 19:00:00,5762.5,12.2,0.0
2025-03-27 20:00:00,5780.0,10.3,0.0
2025-03-27 21:00:00,5762.5,9.5,0.0
2025-03-27 22:00:00,5745.0,8.3,0.0
2025-03-27 23:00:00,5710.0,7.5,0.0
2025-03-28 00:00:00,5675.0,7.1,0.0
2025-03-28 01:00:00,5640.0,6.5,0.0
2025-03-28 02:00:00,5622.5,6.0,0.0
2025-03-28 03:00:00,5570.0,5.6,0.0
2025-03-28 04:00:00,5535.0,5.2,0.0
2025-03-28 05:00:00,5500.0,4.8,0.0
2025-03-28 06:00:00,5447.5,4.5,0.0
2025-03-28 07:00:00,5430.0,5.1,0.0
2025-03-28 08:00:00,5430.0,6.2,0.0
2025-03-28 09:00:00,5430.0,9.1,0.0
2025-03-28 10:00:00,5360.0,10.1,0.0
2025-03-28 11:00:00,5360.0,10.2,0.0
2025-03-28 12:00:00,5360.0,15.4,0.0
2025-03-28 13:00:00,5360.0,17.1,0.0
2025-03-28 14:00:00,5342.5,20.9,0.0
2025-03-28 15:00:00,5360.0,22.9,0.0
2025-03-28 16:00:00,5360.0,21.6,0.0
2025-03-28 17:00:00,5342.5,22.7,0.0
2025-03-28 18:00:00,5342.5,22.9,0.0
2025-03-28 19:00:00,5360.0,19.8,0.0
2025-03-28 20:00:00,5360.0,16.8,0.0
2025-03-28 21:00:00,5360.0,16.5,0.0
2025-03-28 22:00:00,5360.0,14.7,0.0
2025-03-28 23:00:00,5360.0,13.8,0.0
2025-03-29 00:00:00,5342.5,15.1,0.0
2025-03-29 01:00:00,5290.0,16.3,0.0
2025-03-29 02:00:00,5290.0,17.1,0.0
2025-03-29 03:00:00,5290.0,16.9,0.0
2025-03-29 04:00:00,5290.0,16.3,0.0
2025-03-29 05:00:00,5237.5,15.9,0.0
2025-03-29 06:00:00,5220.0,15.8,0.0
2025-03-29 07:00:00,5150.0,16.0,0.0
2025-03-29 08:00:00,5115.0,15.9,0.0
2025-03-29 09:00:00,5080.0,18.1,0.0
2025-03-29 10:00:00,5062.5,18.7,0.0
2025-03-29 11:00:00,5080.0,18.4,0.0
2025-03-29 12:00:00,5080.0,19.6,0.0
2025-03-29 13:00:00,5080.0,21.8,0.0
2025-03-29 14:00:00,5080.0,25.0,0.0
2025-03-29 15:00:00,5080.0,25.8,0.0
2025-03-29 16:00:00,5080.0,26.9,0.0
2025-03-29 17:00:00,5097.5,27.0,0.0
2025-03-29 18:00:00,5097.5,25.2,0.0
2025-03-29 19:00:00,5115.0,23.1,0.0
2025-03-29 20:00:00,5097.5,20.6,0.0
2025-03-29 21:00:00,5080.0,20.9,0.0
2025-03-29 22:00:00,5080.0,20.2,0.0
2025-03-29 23:00:00,5080.0,19.8,0.0
2025-03-30 00:00:00,5080.0,19.6,0.0
2025-03-30 01:00:00,5027.5,19.4,0.0
2025-03-30 02:00:00,5010.0,19.0,0.0
2025-03-30 03:00:00,5010.0,18.8,0.0
2025-03-30 04:00:00,4965.0,18.4,0.0
2025-03-30 05:00:00,4950.0,18.0,0.0
2025-03-30 06:00:00,4897.5,17.7,0.0
2025-03-30 07:00:00,4880.0,17.2,0.0
2025-03-30 08:00:00,4880.0,17.5,0.0
2025-03-30 09:00:00,4880.0,18.9,0.0
2025-03-30 10:00:00,4880.0,20.8,0.0
2025-03-30 11:00:00,4862.5,22.9,0.0
2025-03-30 12:00:00,4845.0,24.2,0.0
2025-03-30 13:00:00,4810.0,25.4,0.0
2025-03-30 14:00:00,4795.0,26.5,0.0
2025-03-30 15:00:00,4810.0,26.7,0.1
2025-03-30 16:00:00,4795.0,26.2,0.0
2025-03-30 17:00:00,4810.0,26.2,0.0
2025-03-30 18:00:00,4812.5,25.1,0.0
2025-03-30 19:00:00,4812.5,24.5,0.0
2025-03-30 20:00:00,4795.0,23.2,0.0
2025-03-30 21:00:00,4795.0,22.4,0.0
2025-03-30 22:00:00,4795.0,21.6,0.0
2025-03-30 23:00:00,4810.0,21.1,0.0
2025-03-31 00:00:00,4795.0,20.1,0.0
2025-03-31 01:00:00,4750.0,19.2,0.0
2025-03-31 02:00:00,4715.0,18.5,0.0
2025-03-31 03:00:00,4680.0,18.3,0.0
2025-03-31 04:00:00,4662.5,18.0,0.0
2025-03-31 05:00:00,4610.0,17.6,0.7
2025-03-31 06:00:00,4610.0,17.2,0.0
2025-03-31 07:00:00,4610.0,17.2,0.0
2025-03-31 08:00:00,4610.0,17.8,0.0
2025-03-31 09:00:00,4627.5,19.4,0.0
2025-03-31 10:00:00,4610.0,21.5,0.0
2025-03-31 11:00:00,4627.5,23.4,0.0
2025-03-31 12:00:00,4595.0,25.0,0.0
2025-03-31 13:00:00,4550.0,26.4,0.0
2025-03-31 14:00:00,4550.0,27.5,0.0
2025-03-31 15:00:00,4535.0,28.5,0.0
2025-03-31 16:00:00,4565.0,28.2,0.4
2025-03-31 17:00:00,4580.0,24.2,0.7
2025-03-31 18:00:00,4627.5,24.1,0.2
2025-03-31 19:00:00,4645.0,20.2,5.7
2025-03-31 20:00:00,4612.5,18.9,2.0
2025-03-31 21:00:00,4610.0,18.1,3.4
2025-03-31 22:00:00,4595.0,17.3,1.5
2025-03-31 23:00:00,4680.0,16.6,1.7
2025-04-01 00:00:00,4765.0,16.1,0.6
2025-04-01 01:00:00,4765.0,12.9,0.5
2025-04-01 02:00:00,4845.0,10.8,0.1
2025-04-01 03:00:00,4950.0,9.4,0.0
2025-04-01 04:00:00,4947.5,8.1,0.0
2025-04-01 05:00:00,4962.5,6.6,0.0
2025-04-01 06:00:00,4903.333333333333,5.5,0.0
2025-04-01 07:00:00,4932.5,4.6,0.0
2025-04-01 08:00:00,5010.0,4.7,0.0
2025-04-01 09:00:00,5080.0,7.0,0.0
2025-04-01 10:00:00,5185.0,7.9,0.0
2025-04-01 11:00:00,5202.5,9.0,0.0
2025-04-01 12:00:00,5290.0,10.3,0.0
2025-04-01 13:00:00,5220.0,11.4,0.0
2025-04-01 14:00:00,5336.666666666667,12.3,0.0
2025-04-01 15:00:00,5290.0,12.8,0.0
2025-04-01 16:00:00,5255.0,13.1,0.0
2025-04-01 17:00:00,5255.0,13.1,0.0
2025-04-01 18:00:00,5325.0,12.5,0.0
2025-04-01 19:00:00,5325.0,11.5,0.0
2025-04-01 20:00:00,5395.0,10.0,0.0
2025-04-01 21:00:00,5377.5,9.6,0.0
2025-04-01 22:00:00,5377.5,8.5,0.0
2025-04-01 23:00:00,5360.0,7.8,0.0
2025-04-02 00:00:00,5360.0,7.3,0.0
2025-04-02 01:00:00,5360.0,6.7,0.0
2025-04-02 02:00:00,5412.5,6.1,0.0
2025-04-02 03:00:00,5430.0,6.1,0.0
2025-04-02 04:00:00,5430.0,5.9,0.0
2025-04-02 05:00:00,5430.0,5.5,0.0
2025-04-02 06:00:00,5430.0,4.9,0.0
2025-04-02 07:00:00,5430.0,4.9,0.0
2025-04-02 08:00:00,5430.0,5.3,0.0
2025-04-02 09:00:00,5447.5,7.0,0.0
2025-04-02 10:00:00,5500.0,8.9,0.0
2025-04-02 11:00:00,5500.0,10.6,0.0
2025-04-02 12:00:00,5500.0,12.3,0.0
2025-04-02 13:00:00,5570.0,14.6,0.0
2025-04-02 14:00:00,5570.0,15.8,0.0
2025-04-02 15:00:00,5570.0,16.4,0.0
2025-04-02 16:00:00,5622.5,16.0,0.0
2025-04-02 17:00:00,5605.0,14.9,0.0
2025-04-02 18:00:00,5622.5,13.6,0.0
2025-04-02 19:00:00,5640.0,12.5,0.0
2025-04-02 20:00:00,5640.0,11.9,0.0
2025-04-02 21:00:00,5657.5,11.3,0.0
2025-04-02 22:00:00,5640.0,11.1,0.0
2025-04-02 23:00:00,5640.0,11.2,0.0
2025-04-03 00:00:00,5640.0,11.3,0.0
2025-04-03 01:00:00,5570.0,11.8,0.0
2025-04-03 02:00:00,5587.5,12.7,0.0
2025-04-03 03:00:00,5570.0,13.7,0.0
2025-04-03 04:00:00,5605.0,15.1,0.0
2025-04-03 05:00:00,5640.0,15.9,0.0
2025-04-03 06:00:00,5640.0,16.6,0.0
2025-04-03 07:00:00,5692.5,17.0,0.0
2025-04-03 08:00:00,5727.5,17.4,0.0
2025-04-03 09:00:00,5780.0,15.2,0.0
2025-04-03 10:00:00,5780.0,16.0,0.0
2025-04-03 11:00:00,5780.0,17.0,0.0
2025-04-03 12:00:00,5797.5,19.4,0.0
2025-04-03 13:00:00,5797.5,20.8,0.0
2025-04-03 14:00:00,5780.0,22.9,0.0
2025-04-03 15:00:00,5780.0,25.1,0.0
2025-04-03 16:00:00,5780.0,25.9,0.0
2025-04-03 17:00:00,5710.0,25.4,0.0
2025-04-03 18:00:00,5675.0,24.6,0.0
2025-04-03 19:00:00,5710.0,23.8,0.0
2025-04-03 20:00:00,5675.0,23.2,0.0
2025-04-03 21:00:00,5657.5,23.0,0.0
2025-04-03 22:00:00,5640.0,22.7,0.1
2025-04-03 23:00:00,5622.5,22.6,0.0
2025-04-04 00:00:00,5570.0,22.4,0.0
2025-04-04 01:00:00,5570.0,22.2,0.0
2025-04-04 02:00:00,5570.0,22.0,0.0
2025-04-04 03:00:00,5500.0,21.9,0.1
2025-04-04 04:00:00,5500.0,21.8,0.0
2025-04-04 05:00:00,5465.0,21.6,0.0
2025-04-04 06:00:00,5412.5,20.8,0.0
2025-04-04 07:00:00,5360.0,19.1,0.1
2025-04-04 08:00:00,5325.0,19.4,0.1
2025-04-04 09:00:00,5342.5,19.8,0.2
2025-04-04 10:00:00,5272.5,20.0,0.4
2025-04-04 11:00:00,5290.0,20.1,0.1
2025-04-04 12:00:00,5307.5,19.8,0.7
2025-04-04 13:00:00,5325.0,21.9,0.1
2025-04-04 14:00:00,5342.5,21.9,0.0
2025-04-04 15:00:00,5360.0,22.3,0.0
2025-04-04 16:00:00,5342.5,21.6,0.0
2025-04-04 17:00:00,5290.0,20.9,0.0
2025-04-04 18:00:00,5290.0,20.4,0.0
2025-04-04 19:00:00,5272.5,19.6,0.0
2025-04-04 20:00:00,5255.0,18.5,0.0
2025-04-04 21:00:00,5220.0,17.9,0.0
2025-04-04 22:00:00,5220.0,17.3,0.0
2025-04-04 23:00:00,5220.0,16.7,0.0
2025-04-05 00:00:00,5220.0,15.9,0.0
2025-04-05 01:00:00,5220.0,15.2,0.0
2025-04-05 02:00:00,5220.0,14.7,0.0
2025-04-05 03:00:00,5220.0,14.2,0.0
2025-04-05 04:00:00,5220.0,13.9,0.0
2025-04-05 05:00:00,5220.0,13.7,6.2
2025-04-05 06:00:00,5220.0,12.9,9.5
2025-04-05 07:00:00,5220.0,13.1,0.3
2025-04-05 08:00:00,5272.5,13.6,0.0
2025-04-05 09:00:00,5272.5,15.6,0.0
2025-04-05 10:00:00,5255.0,16.3,0.0
2025-04-05 11:00:00,5220.0,17.4,0.0
2025-04-05 12:00:00,5255.0,18.8,0.0
2025-04-05 13:00:00,5220.0,20.0,0.0
2025-04-05 14:00:00,5220.0,21.8,0.0
2025-04-05 15:00:00,5150.0,23.7,0.0
2025-04-05 16:00:00,5185.0,25.0,0.0
2025-04-05 17:00:00,5167.5,26.7,0.0
2025-04-05 18:00:00,5167.5,26.2,0.0
2025-04-05 19:00:00,5202.5,25.0,0.0
2025-04-05 20:00:00,5220.0,23.0,0.0
2025-04-05 21:00:00,5220.0,16.9,2.4
2025-04-05 22:00:00,5202.5,16.8,0.0
2025-04-05 23:00:00,5220.0,15.8,0.0
2025-04-06 00:00:00,5220.0,14.8,0.0
2025-04-06 01:00:00,5220.0,14.2,0.0
2025-04-06 02:00:00,5237.5,14.1,0.0
2025-04-06 03:00:00,5290.0,15.8,0.0
2025-04-06 04:00:00,5290.0,18.8,0.0
2025-04-06 05:00:00,5307.5,19.9,0.0
2025-04-06 06:00:00,5360.0,20.8,0.0
2025-04-06 07:00:00,5377.5,21.0,0.0
2025-04-06 08:00:00,5430.0,21.4,0.0
2025-04-06 09:00:00,5447.5,15.1,3.6
2025-04-06 10:00:00,5500.0,15.5,1.2
2025-04-06 11:00:00,5500.0,16.5,0.0
2025-04-06 12:00:00,5517.5,18.1,0.0
2025-04-06 13:00:00,5570.0,14.7,0.0
2025-04-06 14:00:00,5570.0,14.9,0.0
2025-04-06 15:00:00,5605.0,14.7,0.1
2025-04-06 16:00:00,5535.0,14.2,0.1
2025-04-06 17:00:00,5605.0,14.6,0.0
2025-04-06 18:00:00,5640.0,14.5,0.0
2025-04-06 19:00:00,5640.0,13.8,0.0
2025-04-06 20:00:00,5692.5,13.6,0.0
2025-04-06 21:00:00,5710.0,12.4,0.1
2025-04-06 22:00:00,5710.0,12.1,0.6
2025-04-06 23:00:00,5727.5,11.9,0.6
2025-04-07 00:00:00,5780.0,11.7,0.0
2025-04-07 01:00:00,5780.0,11.5,0.0
2025-04-07 02:00:00,5850.0,11.3,0.0
2025-04-07 03:00:00,5850.0,10.9,0.0
2025-04-07 04:00:00,5850.0,10.6,1.1
2025-04-07 05:00:00,5850.0,9.8,1.2
2025-04-07 06:00:00,5850.0,9.1,1.0
2025-04-07 07:00:00,5850.0,8.6,0.7
2025-04-07 08:00:00,5850.0,8.5,0.1
2025-04-07 09:00:00,5870.0,7.3,2.8
2025-04-07 10:00:00,5910.0,6.8,2.8
2025-04-07 11:00:00,5930.0,7.1,0.6
2025-04-07 12:00:00,5965.0,6.8,2.6
2025-04-07 13:00:00,6115.0,8.3,0.2
2025-04-07 14:00:00,6170.0,8.6,0.1
2025-04-07 15:00:00,6302.5,8.5,0.5
2025-04-07 16:00:00,6450.0,8.9,0.1
2025-04-07 17:00:00,6550.0,9.6,0.0
2025-04-07 18:00:00,6690.0,9.4,0.0
2025-04-07 19:00:00,6842.5,9.6,0.0
2025-04-07 20:00:00,6980.0,9.4,0.0
2025-04-07 21:00:00,7205.0,7.0,0.0
2025-04-07 22:00:00,7370.0,6.9,0.0
2025-04-07 23:00:00,7490.0,7.0,0.0
2025-04-08 00:00:00,7592.5,7.1,0.1
2025-04-08 01:00:00,7660.0,7.1,0.0
2025-04-08 02:00:00,7680.0,6.6,0.0
2025-04-08 03:00:00,7720.0,6.4,0.0
2025-04-08 04:00:00,7660.0,4.5,0.0
2025-04-08 05:00:00,7660.0,3.4,0.0
2025-04-08 06:00:00,7570.0,2.1,0.0
2025-04-08 07:00:00,7570.0,1.3,0.0
2025-04-08 08:00:00,7516.666666666667,1.3,0.0
2025-04-08 09:00:00,7356.666666666667,2.7,0.0
2025-04-08 10:00:00,7330.0,3.1,0.0
2025-04-08 11:00:00,7250.0,3.5,0.0
2025-04-08 12:00:00,7250.0,4.2,0.0
2025-04-08 13:00:00,7330.0,5.8,0.0
2025-04-08 14:00:00,7410.0,7.1,0.0
2025-04-08 15:00:00,7290.0,7.8,0.0
2025-04-08 16:00:00,7276.666666666667,7.6,0.0
2025-04-08 17:00:00,7330.0,7.1,0.0
2025-04-08 18:00:00,7410.0,6.3,0.0
2025-04-08 19:00:00,7410.0,5.4,0.0
2025-04-08 20:00:00,7450.0,4.2,0.0
2025-04-08 21:00:00,7595.0,4.0,0.0
2025-04-08 22:00:00,7550.0,3.1,0.0
2025-04-08 23:00:00,7546.666666666667,2.5,0.0
2025-04-09 00:00:00,7660.0,2.2,0.0
2025-04-09 01:00:00,7680.0,1.7,0.0
2025-04-09 02:00:00,7720.0,1.0,0.0
2025-04-09 03:00:00,7842.5,0.3,0.0
2025-04-09 04:00:00,7950.0,-0.2,0.0
2025-04-09 05:00:00,8120.0,-0.6,0.0
2025-04-09 06:00:00,8272.5,-1.1,0.0
2025-04-09 07:00:00,8422.5,-1.5,0.0
2025-04-09 08:00:00,8600.0,0.1,0.0
2025-04-09 09:00:00,8772.5,2.9,0.0
2025-04-09 10:00:00,8972.5,4.7,0.0
2025-04-09 11:00:00,9152.5,5.9,0.0
2025-04-09 12:00:00,9337.5,7.0,0.0
2025-04-09 13:00:00,9590.0,8.1,0.0
2025-04-09 14:00:00,9800.0,9.0,0.0
2025-04-09 15:00:00,10007.5,9.6,0.0
2025-04-09 16:00:00,10175.0,10.1,0.0
2025-04-09 17:00:00,10375.0,10.4,0.0
2025-04-09 18:00:00,10625.0,10.2,0.0
2025-04-09 19:00:00,10850.0,9.4,0.0
2025-04-09 20:00:00,11100.0,7.5,0.0
2025-04-09 21:00:00,11275.0,6.9,0.0
2025-04-09 22:00:00,11425.0,5.8,0.0
2025-04-09 23:00:00,11575.0,5.2,0.0
2025-04-10 00:00:00,11700.0,5.1,0.0
2025-04-10 01:00:00,11850.0,5.0,0.0
2025-04-10 02:00:00,12000.0,4.9,0.0
2025-04-10 03:00:00,12150.0,5.4,0.0
2025-04-10 04:00:00,12250.0,5.5,0.0
2025-04-10 05:00:00,12450.0,5.4,0.0
2025-04-10 06:00:00,12625.0,5.1,0.0
2025-04-10 07:00:00,12750.0,5.2,0.0
2025-04-10 08:00:00,12875.0,5.8,0.2
2025-04-10 09:00:00,13000.0,7.5,0.1
2025-04-10 10:00:00,13075.0,8.8,0.0
2025-04-10 11:00:00,13200.0,11.2,0.0
2025-04-10 12:00:00,13200.0,13.0,0.0
2025-04-10 13:00:00,13300.0,13.5,0.2
2025-04-10 14:00:00,13325.0,14.5,0.0
2025-04-10 15:00:00,13375.0,13.5,0.0
2025-04-10 16:00:00,13425.0,12.8,0.0
2025-04-10 17:00:00,13450.0,12.4,0.0
2025-04-10 18:00:00,13425.0,12.1,0.0
2025-04-10 19:00:00,13300.0,11.1,0.0
2025-04-10 20:00:00,13250.0,10.4,0.0
2025-04-10 21:00:00,13200.0,9.6,0.1
2025-04-10 22:00:00,13200.0,9.3,0.0
2025-04-10 23:00:00,13175.0,8.6,0.0
2025-04-11 00:00:00,13100.0,7.7,0.0
2025-04-11 01:00:00,13075.0,7.2,0.0
2025-04-11 02:00:00,13000.0,7.2,0.0
2025-04-11 03:00:00,13000.0,7.1,0.0
2025-04-11 04:00:00,12925.0,6.7,0.0
2025-04-11 05:00:00,12850.0,7.2,0.0
2025-04-11 06:00:00,12750.0,7.4,0.0
2025-04-11 07:00:00,12625.0,7.6,0.0
2025-04-11 08:00:00,12550.0,8.1,0.0
2025-04-11 09:00:00,12475.0,7.6,2.1
2025-04-11 10:00:00,12400.0,7.6,2.1
2025-04-11 11:00:00,12400.0,7.6,2.8
2025-04-11 12:00:00,12400.0,7.8,3.2
2025-04-11 13:00:00,12400.0,7.8,3.1
2025-04-11 14:00:00,12400.0,8.0,3.7
2025-04-11 15:00:00,12400.0,7.9,4.3
2025-04-11 16:00:00,12400.0,8.1,3.0
2025-04-11 17:00:00,12350.0,8.1,2.7
2025-04-11 18:00:00,12300.0,7.8,2.4
2025-04-11 19:00:00,12300.0,7.6,2.5
2025-04-11 20:00:00,12250.0,7.3,1.8
2025-04-11 21:00:00,12225.0,7.9,2.4
2025-04-11 22:00:00,12200.0,7.4,1.2
2025-04-11 23:00:00,12100.0,7.3,0.2
2025-04-12 00:00:00,12100.0,7.1,0.3
2025-04-12 01:00:00,12100.0,6.8,0.8
2025-04-12 02:00:00,12100.0,6.6,0.4
2025-04-12 03:00:00,12100.0,6.3,0.3
2025-04-12 04:00:00,12025.0,6.2,0.2
2025-04-12 05:00:00,12000.0,6.1,0.2
2025-04-12 06:00:00,12000.0,5.9,0.3
2025-04-12 07:00:00,11925.0,5.8,0.2
2025-04-12 08:00:00,11900.0,6.0,0.1
2025-04-12 09:00:00,11875.0,6.9,0.0
2025-04-12 10:00:00,11800.0,7.8,0.1
2025-04-12 11:00:00,11800.0,8.2,0.1
2025-04-12 12:00:00,11750.0,9.1,0.1
2025-04-12 13:00:00,11675.0,10.0,0.2
2025-04-12 14:00:00,11625.0,11.1,0.0
2025-04-12 15:00:00,11600.0,11.7,0.1
2025-04-12 16:00:00,11575.0,11.5,0.0
2025-04-12 17:00:00,11575.0,10.9,0.0
2025-04-12 18:00:00,11600.0,10.5,0.0
2025-04-12 19:00:00,11575.0,10.0,0.0
2025-04-12 20:00:00,11600.0,9.5,0.0
2025-04-12 21:00:00,11650.0,8.7,0.3
2025-04-12 22:00:00,11625.0,8.3,0.1
2025-04-12 23:00:00,11700.0,7.9,0.2
2025-04-13 00:00:00,11700.0,7.9,0.0
2025-04-13 01:00:00,11675.0,7.6,0.1
2025-04-13 02:00:00,11650.0,7.6,0.0
2025-04-13 03:00:00,11700.0,7.5,0.0
2025-04-13 04:00:00,11675.0,7.4,0.0
2025-04-13 05:00:00,11700.0,6.6,0.0
2025-04-13 06:00:00,11700.0,6.0,0.0
2025-04-13 07:00:00,11700.0,5.8,0.0
2025-04-13 08:00:00,11700.0,6.6,0.0
2025-04-13 09:00:00,11700.0,8.8,0.0
2025-04-13 10:00:00,11700.0,10.6,0.0
2025-04-13 11:00:00,11725.0,11.2,0.0
2025-04-13 12:00:00,11700.0,12.2,0.0
2025-04-13 13:00:00,11650.0,13.8,0.0
2025-04-13 14:00:00,11625.0,14.3,0.0
2025-04-13 15:00:00,11625.0,14.6,0.0
2025-04-13 16:00:00,11650.0,14.9,0.0
2025-04-13 17:00:00,11550.0,14.9,0.0
2025-04-13 18:00:00,11575.0,14.7,0.0
2025-04-13 19:00:00,11525.0,13.5,0.0
2025-04-13 20:00:00,11475.0,11.4,0.0
2025-04-13 21:00:00,11400.0,10.6,0.0
2025-04-13 22:00:00,11425.0,9.6,0.0
2025-04-13 23:00:00,11325.0,9.0,0.0
2025-04-14 00:00:00,11200.0,9.1,0.0
2025-04-14 01:00:00,11175.0,8.8,0.0
2025-04-14 02:00:00,11100.0,8.7,0.0
2025-04-14 03:00:00,11025.0,8.8,0.0
2025-04-14 04:00:00,11000.0,7.7,0.0
2025-04-14 05:00:00,10900.0,8.6,0.0
2025-04-14 06:00:00,10825.0,7.9,0.0
2025-04-14 07:00:00,10725.0,8.5,0.0
2025-04-14 08:00:00,10675.0,9.0,0.0
2025-04-14 09:00:00,10600.0,11.3,0.0
2025-04-14 10:00:00,10525.0,14.0,0.0
2025-04-14 11:00:00,10500.0,15.6,0.0
2025-04-14 12:00:00,10500.0,17.2,0.0
2025-04-14 13:00:00,10425.0,17.9,0.0
2025-04-14 14:00:00,10400.0,20.1,0.0
2025-04-14 15:00:00,10400.0,21.2,0.0
2025-04-14 16:00:00,10350.0,21.8,0.0
2025-04-14 17:00:00,10300.0,22.1,0.0
2025-04-14 18:00:00,10275.0,21.9,0.0
2025-04-14 19:00:00,10200.0,20.5,0.0
2025-04-14 20:00:00,10200.0,18.8,0.0
2025-04-14 21:00:00,10200.0,18.0,0.0
2025-04-14 22:00:00,10200.0,17.7,0.9
2025-04-14 23:00:00,10200.0,16.7,0.8
2025-04-15 00:00:00,10100.0,15.6,3.0
2025-04-15 01:00:00,9995.0,15.1,1.6
2025-04-15 02:00:00,9995.0,14.4,0.0
2025-04-15 03:00:00,9937.5,14.0,0.0
2025-04-15 04:00:00,9870.0,13.7,0.0
2025-04-15 05:00:00,9847.5,13.7,0.0
2025-04-15 06:00:00,9802.5,14.3,0.0
2025-04-15 07:00:00,9780.0,14.4,0.0
2025-04-15 08:00:00,9680.0,14.5,0.0
2025-04-15 09:00:00,9590.0,16.7,0.1
2025-04-15 10:00:00,9545.0,17.8,0.0
2025-04-15 11:00:00,9500.0,17.7,0.0
2025-04-15 12:00:00,9500.0,18.5,0.0
2025-04-15 13:00:00,9382.5,18.0,0.0
2025-04-15 14:00:00,9242.5,17.7,0.0
2025-04-15 15:00:00,9432.5,17.2,0.0
2025-04-15 16:00:00,9455.0,17.1,0.0
2025-04-15 17:00:00,9470.0,16.5,0.1
2025-04-15 18:00:00,9406.666666666666,14.8,0.1
2025-04-15 19:00:00,9410.0,13.6,0.0
2025-04-15 20:00:00,9410.0,11.5,0.0
2025-04-15 21:00:00,9477.5,11.5,0.0
2025-04-15 22:00:00,9500.0,10.2,0.0
2025-04-15 23:00:00,9376.666666666666,9.4,0.0
2025-04-16 00:00:00,9220.0,9.1,0.0
2025-04-16 01:00:00,9085.0,8.4,0.0
2025-04-16 02:00:00,9130.0,7.9,0.0
2025-04-16 03:00:00,9040.0,7.5,0.0
2025-04-16 04:00:00,8995.0,7.3,0.0
2025-04-16 05:00:00,8905.0,7.1,0.0
2025-04-16 06:00:00,8687.5,6.9,0.0
2025-04-16 07:00:00,8750.0,6.6,0.0
2025-04-16 08:00:00,8730.0,7.6,0.0
2025-04-16 09:00:00,8690.0,9.9,0.0
2025-04-16 10:00:00,8710.0,10.6,0.0
2025-04-16 11:00:00,8622.5,11.4,0.0
2025-04-16 12:00:00,8510.0,11.9,0.0
2025-04-16 13:00:00,8465.0,12.4,0.0
2025-04-16 14:00:00,8423.333333333334,13.4,0.0
2025-04-16 15:00:00,8340.0,13.9,0.0
2025-04-16 16:00:00,8295.0,14.6,0.0
2025-04-16 17:00:00,8205.0,14.6,0.0
2025-04-16 18:00:00,8366.666666666666,14.0,0.0
2025-04-16 19:00:00,8425.0,12.7,0.0
2025-04-16 20:00:00,8540.0,10.8,0.0
2025-04-16 21:00:00,8420.0,10.2,0.0
2025-04-16 22:00:00,8393.333333333334,9.5,0.0
2025-04-16 23:00:00,8340.0,8.4,0.0
2025-04-17 00:00:00,8340.0,7.5,0.0
2025-04-17 01:00:00,8272.5,6.5,0.0
2025-04-17 02:00:00,8182.5,5.6,0.0
2025-04-17 03:00:00,8160.0,4.9,0.0
2025-04-17 04:00:00,8080.0,4.3,0.0
2025-04-17 05:00:00,8080.0,3.8,0.0
2025-04-17 06:00:00,8035.0,3.4,0.0
2025-04-17 07:00:00,7990.0,3.3,0.0
2025-04-17 08:00:00,7970.0,5.0,0.0
2025-04-17 09:00:00,7910.0,8.1,0.0
2025-04-17 10:00:00,7910.0,10.0,0.0
2025-04-17 11:00:00,7910.0,11.5,0.0
2025-04-17 12:00:00,7930.0,12.7,0.0
2025-04-17 13:00:00,7865.0,13.8,0.0
2025-04-17 14:00:00,7842.5,14.8,0.0
2025-04-17 15:00:00,7842.5,15.4,0.0
2025-04-17 16:00:00,7865.0,15.8,0.0
2025-04-17 17:00:00,7907.5,16.0,0.0
2025-04-17 18:00:00,7910.0,15.7,0.0
2025-04-17 19:00:00,7887.5,14.8,0.0
2025-04-17 20:00:00,7865.0,12.8,0.0
2025-04-17 21:00:00,7910.0,11.6,0.0
2025-04-17 22:00:00,7887.5,10.5,0.0
2025-04-17 23:00:00,7820.0,9.9,0.0
2025-04-18 00:00:00,7780.0,9.6,0.0
2025-04-18 01:00:00,7740.0,9.1,0.0
2025-04-18 02:00:00,7700.0,8.6,0.0
2025-04-18 03:00:00,7660.0,8.1,0.0
2025-04-18 04:00:00,7592.5,7.7,0.0
2025-04-18 05:00:00,7510.0,7.3,0.0
2025-04-18 06:00:00,7490.0,7.0,0.0
2025-04-18 07:00:00,7490.0,7.1,0.0
2025-04-18 08:00:00,7490.0,8.9,0.0
2025-04-18 09:00:00,7490.0,11.3,0.0
2025-04-18 10:00:00,7490.0,14.1,0.0
2025-04-18 11:00:00,7430.0,16.9,0.0
2025-04-18 12:00:00,7410.0,19.1,0.0
2025-04-18 13:00:00,7410.0,21.1,0.0
2025-04-18 14:00:00,7430.0,23.0,0.0
2025-04-18 15:00:00,7490.0,24.2,0.0
2025-04-18 16:00:00,7450.0,24.8,0.0
2025-04-18 17:00:00,7430.0,24.9,0.0
2025-04-18 18:00:00,7410.0,24.2,0.0
2025-04-18 19:00:00,7430.0,23.0,0.0
2025-04-18 20:00:00,7410.0,21.5,0.0
2025-04-18 21:00:00,7410.0,21.4,0.0
2025-04-18 22:00:00,7410.0,20.9,0.0
2025-04-18 23:00:00,7470.0,20.6,0.0
2025-04-19 00:00:00,7490.0,20.4,0.0
2025-04-19 01:00:00,7490.0,20.4,0.0
2025-04-19 02:00:00,7490.0,19.8,0.0
2025-04-19 03:00:00,7490.0,19.6,0.0
2025-04-19 04:00:00,7430.0,19.2,0.0
2025-04-19 05:00:00,7410.0,18.7,0.0
2025-04-19 06:00:00,7410.0,18.6,0.0
2025-04-19 07:00:00,7450.0,18.6,0.0
2025-04-19 08:00:00,7490.0,19.0,0.0
2025-04-19 09:00:00,7490.0,19.6,0.0
2025-04-19 10:00:00,7510.0,20.1,0.0
2025-04-19 11:00:00,7490.0,21.0,0.0
2025-04-19 12:00:00,7510.0,22.3,0.0
2025-04-19 13:00:00,7530.0,24.2,0.0
2025-04-19 14:00:00,7615.0,26.4,0.0
2025-04-19 15:00:00,7637.5,27.8,0.0
2025-04-19 16:00:00,7660.0,28.2,0.0
2025-04-19 17:00:00,7660.0,27.7,0.0
2025-04-19 18:00:00,7660.0,27.8,0.0
2025-04-19 19:00:00,7637.5,26.7,0.0
2025-04-19 20:00:00,7660.0,25.8,0.0
2025-04-19 21:00:00,7637.5,24.7,0.0
2025-04-19 22:00:00,7592.5,24.8,0.0
2025-04-19 23:00:00,7570.0,24.3,0.0
2025-04-20 00:00:00,7570.0,23.3,0.0
2025-04-20 01:00:00,7510.0,21.9,0.0
2025-04-20 02:00:00,7490.0,21.1,0.0
2025-04-20 03:00:00,7450.0,21.5,0.0
2025-04-20 04:00:00,7410.0,21.3,0.0
2025-04-20 05:00:00,7330.0,20.2,0.0
2025-04-20 06:00:00,7330.0,19.2,0.0
2025-04-20 07:00:00,7310.0,18.4,0.0
2025-04-20 08:00:00,7250.0,18.0,0.0
2025-04-20 09:00:00,7250.0,21.7,0.0
2025-04-20 10:00:00,7250.0,22.1,0.0
2025-04-20 11:00:00,7250.0,22.4,0.0
2025-04-20 12:00:00,7182.5,22.8,0.0
2025-04-20 13:00:00,7182.5,23.7,0.0
2025-04-20 14:00:00,7205.0,24.5,0.0
2025-04-20 15:00:00,7100.0,24.8,0.0
2025-04-20 16:00:00,7140.0,24.8,0.0
2025-04-20 17:00:00,7140.0,24.0,0.0
2025-04-20 18:00:00,7182.5,23.2,0.0
2025-04-20 19:00:00,7120.0,21.5,0.0
2025-04-20 20:00:00,7080.0,19.4,0.0
2025-04-20 21:00:00,7080.0,18.4,0.0
2025-04-20 22:00:00,7080.0,17.5,0.0
2025-04-20 23:00:00,7080.0,16.9,0.0
2025-04-21 00:00:00,7020.0,16.0,0.0
2025-04-21 01:00:00,7000.0,14.8,0.0
2025-04-21 02:00:00,6920.0,14.0,0.0
2025-04-21 03:00:00,6920.0,13.5,0.0
2025-04-21 04:00:00,6920.0,13.2,0.0
2025-04-21 05:00:00,6840.0,13.4,0.0
2025-04-21 06:00:00,6840.0,13.5,0.0
2025-04-21 07:00:00,6787.5,13.6,0.0
2025-04-21 08:00:00,6770.0,14.2,0.0
2025-04-21 09:00:00,6750.0,15.2,0.0
2025-04-21 10:00:00,6690.0,16.0,0.0
2025-04-21 11:00:00,6690.0,16.7,0.0
2025-04-21 12:00:00,6690.0,17.5,0.0
2025-04-21 13:00:00,6610.0,18.2,0.0
2025-04-21 14:00:00,6610.0,22.8,0.0
2025-04-21 15:00:00,6570.0,23.3,0.0
2025-04-21 16:00:00,6530.0,23.6,0.0
2025-04-21 17:00:00,6530.0,23.8,0.0
2025-04-21 18:00:00,6450.0,23.2,0.0
2025-04-21 19:00:00,6450.0,21.9,0.0
2025-04-21 20:00:00,6432.5,20.0,0.0
2025-04-21 21:00:00,6397.5,20.4,0.0
2025-04-21 22:00:00,6380.0,19.8,0.0
2025-04-21 23:00:00,6380.0,19.1,0.0
2025-04-22 00:00:00,6380.0,19.1,0.0
2025-04-22 01:00:00,6380.0,19.4,0.0
2025-04-22 02:00:00,6380.0,19.2,0.0
2025-04-22 03:00:00,6380.0,19.1,0.0
2025-04-22 04:00:00,6380.0,18.4,0.0
2025-04-22 05:00:00,6320.0,17.9,0.0
2025-04-22 06:00:00,6300.0,17.1,0.0
2025-04-22 07:00:00,6300.0,17.3,0.0
2025-04-22 08:00:00,6300.0,19.1,0.0
2025-04-22 09:00:00,6265.0,21.4,0.0
2025-04-22 10:00:00,6210.0,22.9,0.0
2025-04-22 11:00:00,6190.0,24.3,0.0
2025-04-22 12:00:00,6150.0,24.9,0.0
2025-04-22 13:00:00,6150.0,25.7,0.0
2025-04-22 14:00:00,6132.5,25.8,0.0
2025-04-22 15:00:00,6097.5,26.3,0.0
2025-04-22 16:00:00,6040.0,26.3,0.0
2025-04-22 17:00:00,6060.0,25.7,0.0
2025-04-22 18:00:00,6040.0,24.8,0.0
2025-04-22 19:00:00,6132.5,23.8,0.0
2025-04-22 20:00:00,6115.0,22.4,0.0
2025-04-22 21:00:00,6132.5,21.1,0.0
2025-04-22 22:00:00,6080.0,19.9,0.0
2025-04-22 23:00:00,6080.0,18.7,0.0
2025-04-23 00:00:00,6020.0,17.5,0.0
2025-04-23 01:00:00,6000.0,16.5,0.0
2025-04-23 02:00:00,5930.0,15.7,0.0
2025-04-23 03:00:00,5930.0,15.1,0.0
2025-04-23 04:00:00,5930.0,14.5,0.0
2025-04-23 05:00:00,5870.0,13.7,0.0
2025-04-23 06:00:00,5850.0,12.6,0.0
2025-04-23 07:00:00,5850.0,12.2,0.0
2025-04-23 08:00:00,5832.5,13.4,0.0
2025-04-23 09:00:00,5780.0,17.2,0.0
2025-04-23 10:00:00,5780.0,18.7,0.0
2025-04-23 11:00:00,5762.5,20.3,0.0
2025-04-23 12:00:00,5762.5,21.7,0.0
2025-04-23 13:00:00,5727.5,23.0,0.0
2025-04-23 14:00:00,5710.0,24.1,0.0
2025-04-23 15:00:00,5710.0,24.9,0.0
2025-04-23 16:00:00,5710.0,25.3,0.0
2025-04-23 17:00:00,5710.0,25.3,0.0
2025-04-23 18:00:00,5710.0,24.9,0.0
2025-04-23 19:00:00,5727.5,24.0,0.0
2025-04-23 20:00:00,5727.5,22.2,0.0
2025-04-23 21:00:00,5727.5,20.1,0.0
2025-04-23 22:00:00,5710.0,18.3,0.0
2025-04-23 23:00:00,5692.5,16.8,0.0
2025-04-24 00:00:00,5640.0,15.8,0.0
2025-04-24 01:00:00,5622.5,15.2,0.0
2025-04-24 02:00:00,5570.0,14.6,0.0
2025-04-24 03:00:00,5535.0,13.8,0.0
2025-04-24 04:00:00,5500.0,13.0,0.0
2025-04-24 05:00:00,5447.5,12.5,0.0
2025-04-24 06:00:00,5430.0,11.9,0.0
2025-04-24 07:00:00,5412.5,12.1,0.0
2025-04-24 08:00:00,5360.0,14.1,0.0
2025-04-24 09:00:00,5360.0,15.9,0.0
2025-04-24 10:00:00,5360.0,19.1,0.0
2025-04-24 11:00:00,5325.0,21.9,0.0
2025-04-24 12:00:00,5290.0,23.7,0.0
2025-04-24 13:00:00,5290.0,24.8,0.0
2025-04-24 14:00:00,5290.0,25.6,0.0
2025-04-24 15:00:00,5342.5,26.0,0.0
2025-04-24 16:00:00,5360.0,25.9,0.0
2025-04-24 17:00:00,5360.0,25.5,0.0
2025-04-24 18:00:00,5325.0,24.9,0.0
2025-04-24 19:00:00,5307.5,23.6,0.0
2025-04-24 20:00:00,5307.5,21.4,0.0
2025-04-24 21:00:00,5290.0,19.5,0.0
2025-04-24 22:00:00,5272.5,17.8,0.0
2025-04-24 23:00:00,5220.0,16.5,0.0
2025-04-25 00:00:00,5150.0,15.8,0.0
2025-04-25 01:00:00,5115.0,15.2,0.0
2025-04-25 02:00:00,5080.0,14.5,0.0
2025-04-25 03:00:00,5080.0,13.8,0.0
2025-04-25 04:00:00,5080.0,13.4,0.0
2025-04-25 05:00:00,5080.0,13.0,0.0
2025-04-25 06:00:00,5080.0,12.7,0.0
2025-04-25 07:00:00,5080.0,13.0,0.0
2025-04-25 08:00:00,5080.0,14.6,0.0
2025-04-25 09:00:00,5080.0,16.6,0.0
2025-04-25 10:00:00,5080.0,19.0,0.0
2025-04-25 11:00:00,5080.0,21.5,0.0
2025-04-25 12:00:00,5080.0,23.6,0.0
2025-04-25 13:00:00,5080.0,23.9,0.0
2025-04-25 14:00:00,5080.0,23.9,0.0
2025-04-25 15:00:00,5080.0,24.7,0.1
2025-04-25 16:00:00,5080.0,25.0,0.1
2025-04-25 17:00:00,5045.0,25.7,0.0
2025-04-25 18:00:00,5062.5,25.4,0.0
2025-04-25 19:00:00,5062.5,22.0,0.5
2025-04-25 20:00:00,5080.0,20.3,0.6
2025-04-25 21:00:00,5062.5,19.6,0.1
2025-04-25 22:00:00,5010.0,19.2,0.9
2025-04-25 23:00:00,5010.0,18.2,2.0
2025-04-26 00:00:00,5010.0,18.0,0.8
2025-04-26 01:00:00,4975.0,17.7,0.3
2025-04-26 02:00:00,4940.0,17.8,0.2
2025-04-26 03:00:00,4975.0,17.8,0.0
2025-04-26 04:00:00,5115.0,17.8,0.0
2025-04-26 05:00:00,5150.0,17.8,0.0
2025-04-26 06:00:00,5167.5,18.0,0.0
2025-04-26 07:00:00,5220.0,18.0,0.0
2025-04-26 08:00:00,5220.0,18.4,0.0
2025-04-26 09:00:00,5237.5,20.0,0.3
2025-04-26 10:00:00,5237.5,20.0,0.9
2025-04-26 11:00:00,5220.0,21.6,0.3
2025-04-26 12:00:00,5220.0,21.9,0.1
2025-04-26 13:00:00,5220.0,23.7,0.4
2025-04-26 14:00:00,5235.0,25.5,0.4
2025-04-26 15:00:00,5280.0,21.8,6.6
2025-04-26 16:00:00,5280.0,23.4,0.7
2025-04-26 17:00:00,5315.0,22.7,0.1
2025-04-26 18:00:00,5332.5,21.2,0.0
2025-04-26 19:00:00,5350.0,18.8,0.0
2025-04-26 20:00:00,5350.0,16.4,0.0
2025-04-26 21:00:00,5297.5,14.4,0.0
2025-04-26 22:00:00,5232.5,12.9,0.0
2025-04-26 23:00:00,5193.333333333333,11.5,0.0
2025-04-27 00:00:00,5126.666666666667,10.4,0.0
2025-04-27 01:00:00,5220.0,9.8,0.0
2025-04-27 02:00:00,5145.0,9.3,0.0
2025-04-27 03:00:00,5147.5,8.6,0.0
2025-04-27 04:00:00,5210.0,8.0,0.0
2025-04-27 05:00:00,5165.0,7.8,0.0
2025-04-27 06:00:00,5056.666666666667,7.7,0.0
2025-04-27 07:00:00,5080.0,7.9,0.0
2025-04-27 08:00:00,5027.5,9.0,0.0
2025-04-27 09:00:00,4875.0,11.2,0.0
2025-04-27 10:00:00,4786.666666666667,12.7,0.0
2025-04-27 11:00:00,4862.5,14.4,0.0
2025-04-27 12:00:00,4827.5,15.7,0.0
2025-04-27 13:00:00,4830.0,16.7,0.0
2025-04-27 14:00:00,4870.0,17.7,0.0
2025-04-27 15:00:00,4922.5,18.5,0.0
2025-04-27 16:00:00,4905.0,18.9,0.0
2025-04-27 17:00:00,4850.0,19.0,0.0
2025-04-27 18:00:00,4940.0,18.7,0.0
2025-04-27 19:00:00,4850.0,17.8,0.0
2025-04-27 20:00:00,4850.0,16.1,0.0
2025-04-27 21:00:00,4850.0,15.9,0.0
2025-04-27 22:00:00,4822.5,15.0,0.0
2025-04-27 23:00:00,4825.0,14.1,0.0
2025-04-28 00:00:00,4825.0,13.1,0.0
2025-04-28 01:00:00,4775.0,12.0,0.0
2025-04-28 02:00:00,4740.0,11.2,0.0
2025-04-28 03:00:00,4740.0,10.3,0.0
2025-04-28 04:00:00,4725.0,9.5,0.0
2025-04-28 05:00:00,4710.0,8.9,0.0
2025-04-28 06:00:00,4680.0,8.3,0.0
2025-04-28 07:00:00,4680.0,8.4,0.0
2025-04-28 08:00:00,4672.5,10.6,0.0
2025-04-28 09:00:00,4670.0,13.6,0.0
2025-04-28 10:00:00,4670.0,16.5,0.0
2025-04-28 11:00:00,4670.0,18.6,0.0
2025-04-28 12:00:00,4687.5,19.8,0.0
2025-04-28 13:00:00,4722.5,20.7,0.0
2025-04-28 14:00:00,4722.5,21.3,0.0
2025-04-28 15:00:00,4705.0,21.8,0.0
2025-04-28 16:00:00,4740.0,22.0,0.0
2025-04-28 17:00:00,4687.5,21.9,0.0
2025-04-28 18:00:00,4740.0,21.4,0.0
2025-04-28 19:00:00,4740.0,20.3,0.0
2025-04-28 20:00:00,4740.0,18.0,0.0
2025-04-28 21:00:00,4740.0,17.3,0.0
2025-04-28 22:00:00,4740.0,16.0,0.0
2025-04-28 23:00:00,4705.0,14.8,0.0
2025-04-29 00:00:00,4670.0,14.0,0.0
2025-04-29 01:00:00,4670.0,13.2,0.0
2025-04-29 02:00:00,4670.0,12.6,0.0
2025-04-29 03:00:00,4625.0,12.1,0.0
2025-04-29 04:00:00,4610.0,11.8,0.0
2025-04-29 05:00:00,4610.0,11.6,0.0
2025-04-29 06:00:00,4640.0,11.4,0.0
2025-04-29 07:00:00,4670.0,11.9,0.0
2025-04-29 08:00:00,4705.0,13.5,0.0
2025-04-29 09:00:00,4740.0,15.4,0.0
2025-04-29 10:00:00,4755.0,18.1,0.0
2025-04-29 11:00:00,4800.0,20.6,0.0
2025-04-29 12:00:00,4800.0,22.9,0.0
2025-04-29 13:00:00,4835.0,25.1,0.0
2025-04-29 14:00:00,4870.0,26.8,0.0
2025-04-29 15:00:00,4870.0,28.0,0.0
2025-04-29 16:00:00,4870.0,28.5,0.0
2025-04-29 17:00:00,4870.0,28.9,0.0
2025-04-29 18:00:00,4870.0,28.5,0.0
2025-04-29 19:00:00,4852.5,26.7,0.0
2025-04-29 20:00:00,4870.0,24.8,0.0
2025-04-29 21:00:00,4870.0,23.7,0.0
2025-04-29 22:00:00,4870.0,23.2,0.0
2025-04-29 23:00:00,4870.0,22.9,0.0
2025-04-30 00:00:00,4835.0,22.5,0.0
2025-04-30 01:00:00,4800.0,21.9,0.0
2025-04-30 02:00:00,4800.0,20.9,0.0
2025-04-30 03:00:00,4800.0,20.3,0.0
2025-04-30 04:00:00,4800.0,19.8,0.0
2025-04-30 05:00:00,4755.0,19.5,0.0
2025-04-30 06:00:00,4755.0,19.6,0.0
2025-04-30 07:00:00,4755.0,19.6,0.0
2025-04-30 08:00:00,4740.0,21.1,0.0
2025-04-30 09:00:00,4740.0,23.3,0.0
2025-04-30 10:00:00,4740.0,24.1,0.0
2025-04-30 11:00:00,4740.0,24.5,0.0
2025-04-30 12:00:00,4740.0,25.9,0.0
2025-04-30 13:00:00,4785.0,26.6,0.0
2025-04-30 14:00:00,4785.0,27.8,0.0
2025-04-30 15:00:00,4780.0,28.5,0.0
2025-04-30 16:00:00,4770.0,27.6,0.0
2025-04-30 17:00:00,4770.0,27.7,0.0
2025-04-30 18:00:00,4755.0,27.3,0.0
2025-04-30 19:00:00,4770.0,26.4,0.0
2025-04-30 20:00:00,4785.0,23.9,0.0
2025-04-30 21:00:00,4770.0,22.9,0.0
2025-04-30 22:00:00,4800.0,21.9,0.0
2025-04-30 23:00:00,4800.0,20.6,0.0
2025-05-01 00:00:00,4800.0,19.6,0.0
2025-05-01 01:00:00,4800.0,18.8,0.0
2025-05-01 02:00:00,4800.0,18.2,0.0
2025-05-01 03:00:00,4800.0,17.6,0.0
2025-05-01 04:00:00,4800.0,17.1,0.0
2025-05-01 05:00:00,4800.0,16.6,0.0
2025-05-01 06:00:00,4800.0,15.9,0.0
2025-05-01 07:00:00,4800.0,15.8,0.0
2025-05-01 08:00:00,4800.0,16.8,0.0
2025-05-01 09:00:00,4800.0,19.2,0.0
2025-05-01 10:00:00,4800.0,21.6,0.0
2025-05-01 11:00:00,4800.0,23.7,0.0
2025-05-01 12:00:00,4800.0,25.6,0.0
2025-05-01 13:00:00,4800.0,26.8,0.0
2025-05-01 14:00:00,4800.0,27.9,0.0
2025-05-01 15:00:00,4800.0,29.2,0.0
2025-05-01 16:00:00,4782.5,28.1,0.3
2025-05-01 17:00:00,4800.0,25.7,0.4
2025-05-01 18:00:00,4800.0,25.1,0.0
2025-05-01 19:00:00,4800.0,25.5,0.0
2025-05-01 20:00:00,4747.5,24.7,0.0
2025-05-01 21:00:00,4730.0,22.1,0.0
2025-05-01 22:00:00,4670.0,22.3,0.0
2025-05-01 23:00:00,4652.5,22.9,0.0
2025-05-02 00:00:00,4617.5,23.3,0.0
2025-05-02 01:00:00,4600.0,22.7,0.0
2025-05-02 02:00:00,4585.0,22.2,0.0
2025-05-02 03:00:00,4585.0,22.2,0.0
2025-05-02 04:00:00,4570.0,21.2,0.0
2025-05-02 05:00:00,4540.0,20.5,0.0
2025-05-02 06:00:00,4522.5,19.9,0.0
2025-05-02 07:00:00,4470.0,20.2,0.0
2025-05-02 08:00:00,4440.0,21.7,0.0
2025-05-02 09:00:00,4410.0,23.6,0.0
2025-05-02 10:00:00,4410.0,25.3,0.0
2025-05-02 11:00:00,4395.0,26.9,0.0
2025-05-02 12:00:00,4350.0,28.2,0.0
2025-05-02 13:00:00,4342.5,28.6,0.0
2025-05-02 14:00:00,4295.0,29.0,0.0
2025-05-02 15:00:00,4295.0,29.8,0.0
2025-05-02 16:00:00,4265.0,29.8,0.0
2025-05-02 17:00:00,4250.0,30.7,0.0
2025-05-02 18:00:00,4220.0,30.6,0.0
2025-05-02 19:00:00,4220.0,29.1,0.0
2025-05-02 20:00:00,4235.0,27.0,0.0
2025-05-02 21:00:00,4220.0,23.5,0.0
2025-05-02 22:00:00,4235.0,22.6,0.0
2025-05-02 23:00:00,4235.0,23.2,0.0
2025-05-03 00:00:00,4220.0,22.5,0.0
2025-05-03 01:00:00,4220.0,21.3,0.0
2025-05-03 02:00:00,4205.0,20.4,0.0
2025-05-03 03:00:00,4160.0,19.7,0.0
2025-05-03 04:00:00,4160.0,19.2,0.0
2025-05-03 05:00:00,4160.0,18.9,0.0
2025-05-03 06:00:00,4160.0,18.7,0.0
2025-05-03 07:00:00,4160.0,19.3,0.0
2025-05-03 08:00:00,4160.0,20.8,0.0
2025-05-03 09:00:00,4160.0,22.4,0.0
2025-05-03 10:00:00,4160.0,23.5,0.0
2025-05-03 11:00:00,4160.0,22.8,0.0
2025-05-03 12:00:00,4190.0,22.9,0.0
2025-05-03 13:00:00,4220.0,26.3,0.0
2025-05-03 14:00:00,4150.0,27.6,0.0
2025-05-03 15:00:00,4167.5,28.2,0.0
2025-05-03 16:00:00,4185.0,28.2,0.0
2025-05-03 17:00:00,4202.5,22.8,1.7
2025-05-03 18:00:00,4167.5,23.9,0.0
2025-05-03 19:00:00,4135.0,20.8,6.3
2025-05-03 20:00:00,4167.5,19.4,2.5
2025-05-03 21:00:00,4150.0,19.5,4.0
2025-05-03 22:00:00,4150.0,19.1,0.0
2025-05-03 23:00:00,4150.0,18.8,0.4
2025-05-04 00:00:00,4150.0,18.2,0.7
2025-05-04 01:00:00,4090.0,18.0,1.3
2025-05-04 02:00:00,4090.0,17.8,1.0
2025-05-04 03:00:00,4105.0,17.6,0.7
2025-05-04 04:00:00,4167.5,17.4,0.8
2025-05-04 05:00:00,4280.0,17.2,0.6
2025-05-04 06:00:00,4360.0,17.2,0.3
2025-05-04 07:00:00,4502.5,17.1,0.6
2025-05-04 08:00:00,4662.5,17.2,1.4
2025-05-04 09:00:00,4812.5,17.8,2.2
2025-05-04 10:00:00,4997.5,18.2,1.3
2025-05-04 11:00:00,5235.0,19.4,0.3
2025-05-04 12:00:00,5515.0,19.7,0.1
2025-05-04 13:00:00,5855.0,20.5,0.0
2025-05-04 14:00:00,6170.0,20.6,0.3
2025-05-04 15:00:00,6452.5,21.4,0.4
2025-05-04 16:00:00,6670.0,22.8,0.4
2025-05-04 17:00:00,6860.0,23.4,0.1
2025-05-04 18:00:00,7040.0,22.5,0.0
2025-05-04 19:00:00,7222.5,21.8,0.0
2025-05-04 20:00:00,7430.0,20.5,0.0
2025-05-04 21:00:00,7590.0,18.5,0.0
2025-05-04 22:00:00,7737.5,18.0,0.0
2025-05-04 23:00:00,7910.0,17.5,0.0
2025-05-05 00:00:00,8077.5,17.0,0.0
2025-05-05 01:00:00,8250.0,16.1,0.0
2025-05-05 02:00:00,8355.0,15.9,0.0
2025-05-05 03:00:00,8530.0,15.8,0.0
2025-05-05 04:00:00,8660.0,15.8,0.0
2025-05-05 05:00:00,8795.0,16.1,0.0
2025-05-05 06:00:00,8907.5,16.4,0.0
2025-05-05 07:00:00,8930.0,16.8,0.0
2025-05-05 08:00:00,8930.0,17.3,0.0
2025-05-05 09:00:00,9020.0,18.8,0.1
2025-05-05 10:00:00,9020.0,19.6,0.1
2025-05-05 11:00:00,9020.0,19.4,0.9
2025-05-05 12:00:00,8975.0,19.5,3.8
2025-05-05 13:00:00,8997.5,21.3,0.1
2025-05-05 14:00:00,8930.0,22.4,0.1
2025-05-05 15:00:00,8930.0,21.4,0.7
2025-05-05 16:00:00,8930.0,21.8,0.1
2025-05-05 17:00:00,8930.0,22.1,0.0
2025-05-05 18:00:00,8952.5,18.5,2.7
2025-05-05 19:00:00,8997.5,18.0,0.6
2025-05-05 20:00:00,9110.0,17.3,0.0
2025-05-05 21:00:00,9245.0,16.9,2.8
2025-05-05 22:00:00,9470.0,16.3,1.2
2025-05-05 23:00:00,9582.5,16.1,10.4
2025-05-06 00:00:00,9815.0,16.2,5.3
2025-05-06 01:00:00,10082.5,15.6,2.6
2025-05-06 02:00:00,10375.0,15.5,0.2
2025-05-06 03:00:00,10600.0,15.2,0.0
2025-05-06 04:00:00,10925.0,15.4,0.0
2025-05-06 05:00:00,11075.0,15.7,0.0
2025-05-06 06:00:00,11325.0,15.7,0.0
2025-05-06 07:00:00,11500.0,15.6,0.0
2025-05-06 08:00:00,11550.0,15.8,0.0
2025-05-06 09:00:00,11575.0,18.7,0.1
2025-05-06 10:00:00,11575.0,19.2,0.1
2025-05-06 11:00:00,11600.0,19.9,0.2
2025-05-06 12:00:00,11700.0,17.7,1.1
2025-05-06 13:00:00,12075.0,19.5,0.8
2025-05-06 14:00:00,12600.0,20.8,0.2
2025-05-06 15:00:00,13250.0,20.0,0.8
2025-05-06 16:00:00,13975.0,19.2,0.4
2025-05-06 17:00:00,14600.0,18.8,0.0
2025-05-06 18:00:00,15325.0,19.1,0.0
2025-05-06 19:00:00,15550.0,18.5,0.0
2025-05-06 20:00:00,15750.0,17.3,0.0
2025-05-06 21:00:00,15800.0,18.1,0.1
2025-05-06 22:00:00,15750.0,16.7,0.1
2025-05-06 23:00:00,15600.0,15.5,0.0
2025-05-07 00:00:00,15475.0,15.4,0.0
2025-05-07 01:00:00,15375.0,15.5,0.0
2025-05-07 02:00:00,15250.0,15.0,0.0
2025-05-07 03:00:00,15200.0,15.0,0.0
2025-05-07 04:00:00,15200.0,14.9,0.0
2025-05-07 05:00:00,15200.0,14.4,0.0
2025-05-07 06:00:00,15200.0,13.5,0.0
2025-05-07 07:00:00,15225.0,14.5,0.0
2025-05-07 08:00:00,15300.0,16.0,0.0
2025-05-07 09:00:00,15400.0,17.4,0.0
2025-05-07 10:00:00,15475.0,18.6,0.0
2025-05-07 11:00:00,15600.0,19.3,0.0
2025-05-07 12:00:00,15700.0,19.8,0.0
2025-05-07 13:00:00,15850.0,20.5,0.0
2025-05-07 14:00:00,15925.0,21.1,0.0
2025-05-07 15:00:00,16000.0,21.9,0.0
2025-05-07 16:00:00,16075.0,22.4,0.0
2025-05-07 17:00:00,16100.0,22.5,0.0
2025-05-07 18:00:00,16150.0,22.2,0.0
2025-05-07 19:00:00,16125.0,21.3,0.0
2025-05-07 20:00:00,16100.0,19.4,0.0
2025-05-07 21:00:00,16025.0,18.6,0.0
2025-05-07 22:00:00,15925.0,17.7,0.0
2025-05-07 23:00:00,15825.0,17.0,0.0
2025-05-08 00:00:00,15650.0,16.3,0.0
2025-05-08 01:00:00,15550.0,15.8,0.0
2025-05-08 02:00:00,15450.0,16.3,0.0
2025-05-08 03:00:00,15325.0,15.2,0.0
2025-05-08 04:00:00,15225.0,14.9,0.0
2025-05-08 05:00:00,15050.0,14.8,0.0
2025-05-08 06:00:00,14925.0,14.7,0.0
2025-05-08 07:00:00,14875.0,15.1,0.0
2025-05-08 08:00:00,14800.0,16.9,0.0
2025-05-08 09:00:00,14750.0,19.4,0.0
2025-05-08 10:00:00,14700.0,21.5,0.0
2025-05-08 11:00:00,14700.0,22.6,0.0
2025-05-08 12:00:00,14700.0,23.3,0.1
2025-05-08 13:00:00,14800.0,23.5,0.1
2025-05-08 14:00:00,14850.0,24.1,0.0
2025-05-08 15:00:00,14950.0,24.3,0.0
2025-05-08 16:00:00,15000.0,24.2,0.1
2025-05-08 17:00:00,15100.0,20.8,1.3
2025-05-08 18:00:00,15150.0,20.6,0.0
2025-05-08 19:00:00,15200.0,20.2,0.0
2025-05-08 20:00:00,15225.0,19.2,0.2
2025-05-08 21:00:00,15200.0,17.8,0.0
2025-05-08 22:00:00,15100.0,16.8,2.8
2025-05-08 23:00:00,15000.0,16.2,1.7
2025-05-09 00:00:00,14900.0,15.6,0.0
2025-05-09 01:00:00,14850.0,15.4,1.2
2025-05-09 02:00:00,14750.0,15.3,0.3
2025-05-09 03:00:00,14675.0,14.2,0.1
2025-05-09 04:00:00,14575.0,14.8,0.0
2025-05-09 05:00:00,14450.0,14.9,1.3
2025-05-09 06:00:00,14400.0,14.8,0.6
2025-05-09 07:00:00,14350.0,15.1,0.2
2025-05-09 08:00:00,14300.0,14.5,0.3
2025-05-09 09:00:00,14250.0,13.4,1.8
2025-05-09 10:00:00,14175.0,13.2,0.6
2025-05-09 11:00:00,14025.0,13.9,0.1
2025-05-09 12:00:00,13925.0,14.7,0.1
2025-05-09 13:00:00,13800.0,14.7,0.0
2025-05-09 14:00:00,13800.0,14.7,0.0
2025-05-09 15:00:00,13875.0,15.2,0.0
2025-05-09 16:00:00,13800.0,15.9,0.0
2025-05-09 17:00:00,13700.0,15.3,0.0
2025-05-09 18:00:00,13600.0,14.8,0.0
2025-05-09 19:00:00,13475.0,14.4,0.0
2025-05-09 20:00:00,13350.0,13.3,0.0
2025-05-09 21:00:00,13225.0,12.6,0.0
2025-05-09 22:00:00,13125.0,11.9,0.0
2025-05-09 23:00:00,12875.0,11.2,0.0
2025-05-10 00:00:00,12600.0,10.8,0.0
2025-05-10 01:00:00,12425.0,10.7,0.0
2025-05-10 02:00:00,12300.0,10.6,0.0
2025-05-10 03:00:00,12200.0,10.3,0.0
2025-05-10 04:00:00,12125.0,9.9,0.0
2025-05-10 05:00:00,12025.0,9.5,0.0
2025-05-10 06:00:00,11925.0,9.1,0.0
2025-05-10 07:00:00,11875.0,9.6,0.0
2025-05-10 08:00:00,11800.0,11.3,0.0
2025-05-10 09:00:00,11800.0,13.5,0.0
2025-05-10 10:00:00,11800.0,14.9,0.0
2025-05-10 11:00:00,11750.0,16.3,0.0
2025-05-10 12:00:00,11750.0,17.7,0.0
2025-05-10 13:00:00,11675.0,18.9,0.0
2025-05-10 14:00:00,11650.0,19.7,0.0
2025-05-10 15:00:00,11675.0,20.5,0.0
2025-05-10 16:00:00,11775.0,21.0,0.0
2025-05-10 17:00:00,11925.0,21.2,0.0
2025-05-10 18:00:00,12125.0,21.1,0.0
2025-05-10 19:00:00,12275.0,20.1,0.0
2025-05-10 20:00:00,12450.0,18.0,0.0
2025-05-10 21:00:00,12550.0,17.5,0.0
2025-05-10 22:00:00,12650.0,16.6,0.0
2025-05-10 23:00:00,12700.0,15.8,0.0
2025-05-11 00:00:00,12700.0,15.1,0.0
2025-05-11 01:00:00,12675.0,14.4,0.0
2025-05-11 02:00:00,12600.0,13.6,0.0
2025-05-11 03:00:00,12575.0,12.9,0.0
2025-05-11 04:00:00,12500.0,12.4,0.0
2025-05-11 05:00:00,12425.0,11.9,0.0
2025-05-11 06:00:00,12350.0,11.6,0.0
2025-05-11 07:00:00,12300.0,12.5,0.0
2025-05-11 08:00:00,12200.0,14.8,0.0
2025-05-11 09:00:00,12200.0,18.5,0.0
2025-05-11 10:00:00,12200.0,21.0,0.0
2025-05-11 11:00:00,12100.0,23.1,0.0
2025-05-11 12:00:00,12150.0,24.5,0.0
2025-05-11 13:00:00,12200.0,25.5,0.0
2025-05-11 14:00:00,12200.0,26.0,0.0
2025-05-11 15:00:00,12200.0,26.4,0.0
2025-05-11 16:00:00,12275.0,26.4,0.0
2025-05-11 17:00:00,12300.0,26.2,0.0
2025-05-11 18:00:00,12300.0,25.4,0.0
2025-05-11 19:00:00,12300.0,23.7,0.0
2025-05-11 20:00:00,12275.0,22.0,0.0
2025-05-11 21:00:00,12200.0,20.6,0.0
2025-05-11 22:00:00,12200.0,19.5,0.0
2025-05-11 23:00:00,12200.0,18.2,0.0
2025-05-12 00:00:00,12175.0,17.1,0.0
2025-05-12 01:00:00,12175.0,16.2,0.0
2025-05-12 02:00:00,12125.0,16.0,0.0
2025-05-12 03:00:00,12150.0,15.2,0.0
2025-05-12 04:00:00,12100.0,14.2,0.0
2025-05-12 05:00:00,12050.0,13.7,0.0
2025-05-12 06:00:00,11950.0,13.3,0.0
2025-05-12 07:00:00,11900.0,14.4,0.0
2025-05-12 08:00:00,11900.0,16.0,0.0
2025-05-12 09:00:00,11875.0,18.7,0.0
2025-05-12 10:00:00,11825.0,20.9,0.0
2025-05-12 11:00:00,11775.0,22.7,0.0
2025-05-12 12:00:00,11675.0,24.1,0.0
2025-05-12 13:00:00,11625.0,25.1,0.0
2025-05-12 14:00:00,11550.0,25.4,0.0
2025-05-12 15:00:00,11550.0,24.7,0.0
2025-05-12 16:00:00,11550.0,24.4,0.0
2025-05-12 17:00:00,11350.0,23.1,0.0
2025-05-12 18:00:00,11175.0,22.7,0.1
2025-05-12 19:00:00,11075.0,21.6,0.2
2025-05-12 20:00:00,10975.0,20.8,0.4
2025-05-12 21:00:00,10875.0,19.2,1.5
2025-05-12 22:00:00,10775.0,18.8,0.4
2025-05-12 23:00:00,10700.0,18.5,0.1
2025-05-13 00:00:00,10600.0,18.1,0.1
2025-05-13 01:00:00,10525.0,18.1,0.6
2025-05-13 02:00:00,10475.0,17.8,0.9
2025-05-13 03:00:00,10400.0,17.7,0.7
2025-05-13 04:00:00,10300.0,17.5,1.9
2025-05-13 05:00:00,10250.0,17.6,1.1
2025-05-13 06:00:00,10175.0,17.5,1.4
2025-05-13 07:00:00,10100.0,17.5,1.7
2025-05-13 08:00:00,10125.0,18.1,0.2
2025-05-13 09:00:00,10125.0,18.3,5.2
2025-05-13 10:00:00,10250.0,18.6,3.1
2025-05-13 11:00:00,10300.0,18.7,1.7
2025-05-13 12:00:00,10400.0,19.1,2.6
2025-05-13 13:00:00,10575.0,19.3,2.6
2025-05-13 14:00:00,10950.0,18.9,4.6
2025-05-13 15:00:00,11200.0,18.9,2.6
2025-05-13 16:00:00,11300.0,19.0,0.9
2025-05-13 17:00:00,11375.0,18.8,0.7
2025-05-13 18:00:00,11625.0,18.8,1.1
2025-05-13 19:00:00,11925.0,17.8,4.4
2025-05-13 20:00:00,12300.0,17.5,0.4
2025-05-13 21:00:00,12625.0,18.0,3.3
2025-05-13 22:00:00,13275.0,17.7,0.4
2025-05-13 23:00:00,14350.0,17.2,0.5
2025-05-14 00:00:00,15325.0,16.7,6.5
2025-05-14 01:00:00,15800.0,16.4,0.6
2025-05-14 02:00:00,16325.0,16.6,0.4
2025-05-14 03:00:00,16825.0,16.7,0.3
2025-05-14 04:00:00,17000.0,16.8,0.2
2025-05-14 05:00:00,17050.0,16.9,0.1
2025-05-14 06:00:00,17100.0,17.0,0.1
2025-05-14 07:00:00,17150.0,17.1,0.2
2025-05-14 08:00:00,17200.0,17.4,0.3
2025-05-14 09:00:00,17225.0,17.7,0.0
2025-05-14 10:00:00,17300.0,18.5,0.0
2025-05-14 11:00:00,17250.0,19.6,0.1
2025-05-14 12:00:00,17325.0,21.2,0.1
2025-05-14 13:00:00,17525.0,22.6,0.2
2025-05-14 14:00:00,17925.0,23.6,0.2
2025-05-14 15:00:00,18425.0,24.3,0.4
2025-05-14 16:00:00,19075.0,22.1,4.1
2025-05-14 17:00:00,19775.0,22.6,0.1
2025-05-14 18:00:00,20575.0,22.5,0.1
2025-05-14 19:00:00,21325.0,21.8,0.1
2025-05-14 20:00:00,22075.0,20.2,4.8
2025-05-14 21:00:00,22925.0,18.9,1.9
2025-05-14 22:00:00,23750.0,18.2,3.0
2025-05-14 23:00:00,24925.0,17.9,4.0
2025-05-15 00:00:00,27225.0,17.7,1.3
2025-05-15 01:00:00,33450.0,17.4,0.2
2025-05-15 02:00:00,46400.0,17.5,0.2
2025-05-15 03:00:00,62725.0,17.7,0.1
2025-05-15 04:00:00,77450.0,17.8,0.1
2025-05-15 05:00:00,88050.0,17.7,0.1
2025-05-15 06:00:00,97325.0,17.7,0.1
2025-05-15 07:00:00,104250.0,17.8,0.1
2025-05-15 08:00:00,111000.0,18.4,0.1
2025-05-15 09:00:00,116250.0,19.6,0.1
2025-05-15 10:00:00,121250.0,21.1,0.0
2025-05-15 11:00:00,125000.0,22.4,0.0
2025-05-15 12:00:00,128250.0,23.4,0.0
2025-05-15 13:00:00,132000.0,24.3,0.0
2025-05-15 14:00:00,134750.0,25.3,0.0
2025-05-15 15:00:00,138000.0,25.6,0.0
2025-05-15 16:00:00,140500.0,25.5,0.1
2025-05-15 17:00:00,142750.0,25.5,0.0
2025-05-15 18:00:00,145250.0,25.2,0.0
2025-05-15 19:00:00,147250.0,24.6,0.0
2025-05-15 20:00:00,148750.0,23.1,0.0
2025-05-15 21:00:00,150500.0,21.5,0.0
2025-05-15 22:00:00,151750.0,20.8,0.0
2025-05-15 23:00:00,152750.0,20.3,0.0
2025-05-16 00:00:00,154250.0,19.9,0.0
2025-05-16 01:00:00,155000.0,19.5,0.0
2025-05-16 02:00:00,156000.0,19.5,0.0
2025-05-16 03:00:00,155750.0,19.1,0.0
2025-05-16 04:00:00,155250.0,18.9,0.0
2025-05-16 05:00:00,154750.0,18.5,0.0
2025-05-16 06:00:00,153250.0,18.4,0.0
2025-05-16 07:00:00,151750.0,19.1,0.0
2025-05-16 08:00:00,150500.0,19.8,0.1
2025-05-16 09:00:00,148000.0,20.3,2.4
2025-05-16 10:00:00,145000.0,21.7,0.1
2025-05-16 11:00:00,142250.0,24.1,0.0
2025-05-16 12:00:00,139250.0,26.3,1.3
2025-05-16 13:00:00,135500.0,27.1,0.0
2025-05-16 14:00:00,132000.0,28.2,0.1
2025-05-16 15:00:00,128500.0,28.8,0.0
2025-05-16 16:00:00,124250.0,28.9,0.0
2025-05-16 17:00:00,120500.0,26.9,0.0
2025-05-16 18:00:00,116500.0,27.2,0.1
2025-05-16 19:00:00,112500.0,27.0,0.0
2025-05-16 20:00:00,108500.0,26.0,0.0
2025-05-16 21:00:00,104500.0,21.4,0.0
2025-05-16 22:00:00,100675.0,20.8,0.0
2025-05-16 23:00:00,97375.0,20.6,0.0
2025-05-17 00:00:00,94000.0,20.2,0.0
2025-05-17 01:00:00,91450.0,19.9,0.0
2025-05-17 02:00:00,88275.0,19.5,0.0
2025-05-17 03:00:00,85850.0,19.2,0.0
2025-05-17 04:00:00,83850.0,19.2,0.0
2025-05-17 05:00:00,81700.0,19.5,0.0
2025-05-17 06:00:00,79600.0,19.9,0.0
2025-05-17 07:00:00,77650.0,20.3,0.0
2025-05-17 08:00:00,75475.0,21.4,0.0
2025-05-17 09:00:00,73550.0,20.2,0.0
2025-05-17 10:00:00,71700.0,22.8,0.0
2025-05-17 11:00:00,69875.0,24.4,0.0
2025-05-17 12:00:00,68200.0,25.4,0.0
2025-05-17 13:00:00,66500.0,26.6,0.0
2025-05-17 14:00:00,65200.0,27.7,0.0
2025-05-17 15:00:00,63650.0,27.8,0.0
2025-05-17 16:00:00,62200.0,27.5,0.0
2025-05-17 17:00:00,60900.0,27.3,0.0
2025-05-17 18:00:00,59675.0,26.9,0.0
2025-05-17 19:00:00,58400.0,25.6,0.0
2025-05-17 20:00:00,57175.0,23.6,0.0
2025-05-17 21:00:00,56250.0,23.3,0.0
2025-05-17 22:00:00,55425.0,22.5,0.0
2025-05-17 23:00:00,54525.0,21.6,0.0
2025-05-18 00:00:00,53550.0,20.5,0.0
2025-05-18 01:00:00,52800.0,19.7,0.0
2025-05-18 02:00:00,52075.0,18.7,0.0
2025-05-18 03:00:00,51300.0,17.4,0.0
2025-05-18 04:00:00,50525.0,16.8,0.0
2025-05-18 05:00:00,49725.0,16.4,0.0
2025-05-18 06:00:00,49100.0,16.2,0.0
2025-05-18 07:00:00,48250.0,16.8,0.0
2025-05-18 08:00:00,47650.0,18.2,0.0
2025-05-18 09:00:00,46650.0,20.8,0.0
2025-05-18 10:00:00,45850.0,21.5,0.0
2025-05-18 11:00:00,45125.0,22.1,0.0
2025-05-18 12:00:00,44500.0,22.3,0.0
2025-05-18 13:00:00,43650.0,22.3,0.1
2025-05-18 14:00:00,43225.0,22.5,0.0
2025-05-18 15:00:00,42700.0,22.8,0.0
2025-05-18 16:00:00,41925.0,23.0,0.0
2025-05-18 17:00:00,41075.0,23.0,0.0
2025-05-18 18:00:00,40375.0,22.9,0.0
2025-05-18 19:00:00,39775.0,22.1,0.0
2025-05-18 20:00:00,39275.0,20.8,0.0
2025-05-18 21:00:00,38875.0,20.0,0.0
2025-05-18 22:00:00,37975.0,19.3,0.0
2025-05-18 23:00:00,37525.0,18.5,0.0
2025-05-19 00:00:00,36950.0,18.0,0.0
2025-05-19 01:00:00,36375.0,17.2,0.0
2025-05-19 02:00:00,35850.0,16.4,0.0
2025-05-19 03:00:00,35425.0,15.7,0.0
2025-05-19 04:00:00,34975.0,15.1,0.0
2025-05-19 05:00:00,34575.0,14.6,0.0
2025-05-19 06:00:00,34225.0,14.2,0.0
2025-05-19 07:00:00,33775.0,14.4,0.0
2025-05-19 08:00:00,33625.0,15.3,0.0
2025-05-19 09:00:00,33325.0,17.9,0.0
2025-05-19 10:00:00,32850.0,19.0,0.0
2025-05-19 11:00:00,32150.0,20.1,0.0
2025-05-19 12:00:00,31775.0,20.9,0.0
2025-05-19 13:00:00,31500.0,22.6,0.0
2025-05-19 14:00:00,30975.0,22.9,0.0
2025-05-19 15:00:00,30425.0,22.7,0.0
2025-05-19 16:00:00,30475.0,22.3,0.0
2025-05-19 17:00:00,29925.0,22.1,0.0
2025-05-19 18:00:00,29525.0,21.3,0.0
2025-05-19 19:00:00,29100.0,20.3,0.0
2025-05-19 20:00:00,28525.0,18.8,0.0
2025-05-19 21:00:00,28200.0,17.8,0.0
2025-05-19 22:00:00,27975.0,16.8,0.0
2025-05-19 23:00:00,27375.0,15.9,0.0
2025-05-20 00:00:00,26950.0,15.3,0.0
2025-05-20 01:00:00,26900.0,14.9,0.0
2025-05-20 02:00:00,26325.0,14.3,0.0
2025-05-20 03:00:00,26100.0,13.5,0.0
2025-05-20 04:00:00,25800.0,12.7,0.0
2025-05-20 05:00:00,25650.0,11.8,0.0
2025-05-20 06:00:00,25350.0,10.9,0.0
2025-05-20 07:00:00,25225.0,11.2,0.0
2025-05-20 08:00:00,24875.0,12.2,0.0
2025-05-20 09:00:00,24725.0,14.3,0.0
2025-05-20 10:00:00,24575.0,15.5,0.0
2025-05-20 11:00:00,24025.0,16.8,0.0
2025-05-20 12:00:00,24125.0,18.1,0.0
2025-05-20 13:00:00,23675.0,19.3,0.0
2025-05-20 14:00:00,23450.0,20.1,0.0
2025-05-20 15:00:00,23325.0,21.0,0.0
2025-05-20 16:00:00,22900.0,21.3,0.0
2025-05-20 17:00:00,22650.0,20.2,0.0
2025-05-20 18:00:00,22650.0,19.7,0.0
2025-05-20 19:00:00,22100.0,19.9,0.0
2025-05-20 20:00:00,21800.0,19.1,0.0
2025-05-20 21:00:00,21700.0,17.3,0.0
2025-05-20 22:00:00,21325.0,16.1,0.0
2025-05-20 23:00:00,20975.0,15.5,0.0
2025-05-21 00:00:00,20650.0,15.2,0.1
2025-05-21 01:00:00,20425.0,15.0,0.3
2025-05-21 02:00:00,20150.0,14.8,0.1
2025-05-21 03:00:00,19950.0,14.6,0.9
2025-05-21 04:00:00,19650.0,14.9,0.0
2025-05-21 05:00:00,19450.0,15.2,0.0
2025-05-21 06:00:00,19275.0,15.2,0.0
2025-05-21 07:00:00,19100.0,15.0,0.2
2025-05-21 08:00:00,18875.0,14.8,0.7
2025-05-21 09:00:00,18700.0,13.0,1.3
2025-05-21 10:00:00,18575.0,13.0,2.2
2025-05-21 11:00:00,18266.666666666668,13.2,1.5
2025-05-21 12:00:00,18075.0,14.1,1.0
2025-05-21 13:00:00,18000.0,14.3,0.1
2025-05-21 14:00:00,17966.666666666668,15.7,0.1
2025-05-21 15:00:00,17975.0,16.6,0.1
2025-05-21 16:00:00,17800.0,16.4,0.1
2025-05-21 17:00:00,17450.0,16.3,0.1
2025-05-21 18:00:00,17250.0,16.0,0.0
2025-05-21 19:00:00,17350.0,15.4,0.0
2025-05-21 20:00:00,17266.666666666668,14.4,3.5
2025-05-21 21:00:00,17000.0,13.0,1.2
2025-05-21 22:00:00,16525.0,12.9,1.6
2025-05-21 23:00:00,16866.666666666668,12.8,0.1
2025-05-22 00:00:00,16975.0,12.6,0.0
2025-05-22 01:00:00,16833.333333333332,12.8,0.0
2025-05-22 02:00:00,16475.0,12.9,1.5
2025-05-22 03:00:00,16450.0,12.9,1.6
2025-05-22 04:00:00,16375.0,12.8,0.0
2025-05-22 05:00:00,16200.0,12.8,0.0
2025-05-22 06:00:00,16075.0,12.8,0.0
2025-05-22 07:00:00,16100.0,13.1,0.0
2025-05-22 08:00:00,15950.0,13.7,0.1
2025-05-22 09:00:00,15925.0,13.6,0.4
2025-05-22 10:00:00,15900.0,15.4,0.5
2025-05-22 11:00:00,15800.0,16.1,0.5
2025-05-22 12:00:00,15900.0,16.3,0.3
2025-05-22 13:00:00,15833.333333333334,17.8,0.2
2025-05-22 14:00:00,15650.0,19.4,0.4
2025-05-22 15:00:00,15575.0,13.9,6.8
2025-05-22 16:00:00,15525.0,16.6,0.0
2025-05-22 17:00:00,15400.0,16.8,0.1
2025-05-22 18:00:00,15300.0,15.6,0.3
2025-05-22 19:00:00,15275.0,15.2,0.0
2025-05-22 20:00:00,15366.666666666666,14.4,0.2
2025-05-22 21:00:00,15500.0,14.9,0.0
2025-05-22 22:00:00,15550.0,14.6,0.0
2025-05-22 23:00:00,15400.0,13.9,0.0
2025-05-23 00:00:00,15200.0,12.9,0.0
2025-05-23 01:00:00,15250.0,12.3,0.0
2025-05-23 02:00:00,15266.666666666666,11.8,0.0
2025-05-23 03:00:00,14925.0,11.4,0.0
2025-05-23 04:00:00,14800.0,11.7,0.0
2025-05-23 05:00:00,14850.0,11.8,0.0
2025-05-23 06:00:00,14725.0,11.6,0.0
2025-05-23 07:00:00,14550.0,12.0,0.0
2025-05-23 08:00:00,14425.0,13.2,0.0
2025-05-23 09:00:00,14466.666666666666,14.9,0.0
2025-05-23 10:00:00,14450.0,16.0,0.0
2025-05-23 11:00:00,14475.0,16.9,0.0
2025-05-23 12:00:00,14500.0,17.8,0.0
2025-05-23 13:00:00,14666.666666666666,17.8,0.0
2025-05-23 14:00:00,15050.0,18.1,0.0
2025-05-23 15:00:00,15100.0,18.1,0.0
2025-05-23 16:00:00,14900.0,18.1,0.0
2025-05-23 17:00:00,14966.666666666666,17.7,0.0
2025-05-23 18:00:00,15300.0,17.2,0.0
2025-05-23 19:00:00,15500.0,16.2,0.0
2025-05-23 20:00:00,15600.0,14.8,0.0
2025-05-23 21:00:00,15700.0,13.6,0.0
2025-05-23 22:00:00,15975.0,12.5,0.0
2025-05-23 23:00:00,16225.0,12.1,0.0
2025-05-24 00:00:00,16475.0,11.9,0.0
2025-05-24 01:00:00,16775.0,11.7,0.0
2025-05-24 02:00:00,17033.333333333332,11.6,0.0
2025-05-24 03:00:00,17400.0,11.0,0.0
2025-05-24 04:00:00,18266.666666666668,10.8,0.0
2025-05-24 05:00:00,18766.666666666668,10.7,0.0
2025-05-24 06:00:00,19100.0,10.4,0.0
2025-05-24 07:00:00,19425.0,11.2,0.0
2025-05-24 08:00:00,19600.0,13.0,0.0
2025-05-24 09:00:00,20100.0,15.5,0.0
2025-05-24 10:00:00,20275.0,15.9,0.0
2025-05-24 11:00:00,20650.0,16.7,0.0
2025-05-24 12:00:00,20800.0,17.0,0.0
2025-05-24 13:00:00,20800.0,17.9,0.0
2025-05-24 14:00:00,20700.0,17.9,0.0
2025-05-24 15:00:00,20900.0,19.0,0.0
2025-05-24 16:00:00,20900.0,18.9,0.0
2025-05-24 17:00:00,20666.666666666668,19.0,0.0
2025-05-24 18:00:00,20600.0,19.1,0.0
2025-05-24 19:00:00,20266.666666666668,18.2,0.0
2025-05-24 20:00:00,20066.666666666668,16.4,0.0
2025-05-24 21:00:00,20025.0,15.3,0.0
2025-05-24 22:00:00,20025.0,14.5,0.0
2025-05-24 23:00:00,19400.0,14.3,0.0
2025-05-25 00:00:00,19100.0,13.4,0.0
2025-05-25 01:00:00,18800.0,12.6,0.0
2025-05-25 02:00:00,18550.0,11.8,0.0
2025-05-25 03:00:00,18325.0,11.1,0.0
2025-05-25 05:00:00,18000.0,9.9,0.0
2025-05-25 06:00:00,17875.0,9.4,0.0
2025-05-25 07:00:00,17800.0,10.1,0.0
2025-05-25 08:00:00,17600.0,11.9,0.0
2025-05-25 09:00:00,17800.0,14.0,0.0
2025-05-25 10:00:00,17800.0,15.7,0.0
2025-05-25 11:00:00,17533.333333333332,17.1,0.0
2025-05-25 12:00:00,17466.666666666668,18.3,0.0
2025-05-25 13:00:00,16925.0,19.4,0.0
2025-05-25 14:00:00,16600.0,20.4,0.0
2025-05-25 15:00:00,16525.0,20.9,0.0
2025-05-25 16:00:00,16325.0,20.7,0.0
2025-05-25 17:00:00,16400.0,20.7,0.0
2025-05-25 18:00:00,16450.0,20.6,0.0
2025-05-25 19:00:00,16400.0,19.6,0.0
2025-05-25 20:00:00,16300.0,16.9,0.0
2025-05-25 21:00:00,16125.0,17.2,0.0
2025-05-25 22:00:00,15875.0,16.1,0.0
2025-05-25 23:00:00,15450.0,15.7,0.0
2025-05-26 00:00:00,15350.0,15.4,0.0
2025-05-26 01:00:00,15500.0,15.2,0.0
2025-05-26 02:00:00,15333.333333333334,14.8,0.0
2025-05-26 03:00:00,15175.0,14.7,0.0
2025-05-26 04:00:00,15150.0,14.3,0.0
2025-05-26 05:00:00,15025.0,13.7,0.0
2025-05-26 06:00:00,15050.0,13.3,0.0
2025-05-26 07:00:00,14925.0,13.4,0.0
2025-05-26 08:00:00,14975.0,13.8,0.0
2025-05-26 09:00:00,14933.333333333334,14.6,0.0
2025-05-26 10:00:00,14950.0,15.5,0.0
2025-05-26 11:00:00,14850.0,16.3,0.0
2025-05-26 12:00:00,14875.0,17.6,0.0
2025-05-26 13:00:00,14800.0,18.8,0.0
2025-05-26 14:00:00,14700.0,20.5,0.0
2025-05-26 15:00:00,14675.0,21.5,0.0
2025-05-26 16:00:00,14600.0,21.6,0.0
2025-05-26 17:00:00,14600.0,21.8,0.0
2025-05-26 18:00:00,14500.0,22.2,0.0
2025-05-26 19:00:00,14500.0,21.6,0.0
2025-05-26 20:00:00,14375.0,19.0,0.0
2025-05-26 21:00:00,14225.0,17.5,0.0
2025-05-26 22:00:00,13975.0,16.5,0.0
2025-05-26 23:00:00,13950.0,15.7,0.0
2025-05-27 00:00:00,13825.0,15.6,0.0
2025-05-27 01:00:00,13725.0,14.7,0.0
2025-05-27 02:00:00,13600.0,13.8,0.0
2025-05-27 03:00:00,13450.0,13.7,0.0
2025-05-27 04:00:00,13300.0,13.3,0.0
2025-05-27 05:00:00,13225.0,13.1,0.0
2025-05-27 06:00:00,13125.0,12.9,0.0
2025-05-27 07:00:00,13166.666666666666,13.7,0.0
2025-05-27 08:00:00,13233.333333333334,15.3,0.0
2025-05-27 09:00:00,13025.0,16.1,0.0
2025-05-27 10:00:00,13025.0,17.7,0.0
2025-05-27 11:00:00,12933.333333333334,19.1,0.0
2025-05-27 12:00:00,12566.666666666666,19.4,0.0
2025-05-27 13:00:00,12633.333333333334,19.3,0.1
2025-05-27 14:00:00,12750.0,18.9,0.6
2025-05-27 15:00:00,12800.0,18.7,0.8
2025-05-27 16:00:00,12800.0,17.8,0.7
2025-05-27 17:00:00,12433.333333333334,17.0,0.2
2025-05-27 18:00:00,12225.0,16.9,0.0
2025-05-27 19:00:00,12200.0,16.8,0.0
2025-05-27 20:00:00,12100.0,16.4,0.0
2025-05-27 21:00:00,12075.0,14.5,1.0
2025-05-27 22:00:00,12075.0,14.2,0.5
2025-05-27 23:00:00,12025.0,14.1,0.7
2025-05-28 00:00:00,12000.0,14.0,0.5
2025-05-28 01:00:00,11925.0,13.8,1.0
2025-05-28 02:00:00,11975.0,13.2,0.3
2025-05-28 03:00:00,11950.0,12.8,0.3
2025-05-28 04:00:00,12033.333333333334,12.4,2.3
2025-05-28 05:00:00,12200.0,12.4,2.2
2025-05-28 06:00:00,12066.666666666666,12.7,2.6
2025-05-28 07:00:00,12100.0,13.1,4.1
2025-05-28 08:00:00,11800.0,13.3,4.0
2025-05-28 09:00:00,11625.0,12.2,3.7
2025-05-28 10:00:00,11750.0,12.3,4.4
2025-05-28 11:00:00,11800.0,12.5,3.1
2025-05-28 12:00:00,11866.666666666666,12.8,1.4
2025-05-28 13:00:00,12225.0,13.6,0.7
2025-05-28 14:00:00,12675.0,14.3,1.4
2025-05-28 15:00:00,13050.0,15.6,0.6
2025-05-28 16:00:00,13275.0,15.6,1.1
2025-05-28 17:00:00,13400.0,15.3,1.0
2025-05-28 18:00:00,13600.0,15.5,0.5
2025-05-28 19:00:00,13875.0,15.5,0.2
2025-05-28 20:00:00,14125.0,15.3,0.0
2025-05-28 21:00:00,14375.0,14.2,0.0
2025-05-28 22:00:00,14550.0,14.1,0.0
2025-05-28 23:00:00,14725.0,13.8,0.0
2025-05-29 00:00:00,14975.0,13.8,0.0
2025-05-29 01:00:00,15225.0,13.6,0.0
2025-05-29 02:00:00,15650.0,13.7,0.0
2025-05-29 03:00:00,15950.0,13.7,0.0
2025-05-29 04:00:00,16275.0,13.6,0.0
2025-05-29 05:00:00,16675.0,13.4,0.0
2025-05-29 06:00:00,16775.0,12.9,0.0
2025-05-29 07:00:00,17275.0,13.8,0.0
2025-05-29 08:00:00,17325.0,14.8,0.0
2025-05-29 09:00:00,17650.0,15.8,0.0
2025-05-29 10:00:00,17875.0,16.9,0.0
2025-05-29 11:00:00,18350.0,18.4,0.0
2025-05-29 12:00:00,18550.0,19.8,0.0
2025-05-29 13:00:00,18875.0,21.3,0.0
2025-05-29 14:00:00,19100.0,21.8,0.0
2025-05-29 15:00:00,19450.0,22.2,0.0
2025-05-29 16:00:00,19825.0,22.6,0.0
2025-05-29 17:00:00,20125.0,22.6,0.0
2025-05-29 18:00:00,20575.0,21.7,0.0
2025-05-29 19:00:00,21150.0,20.6,0.0
2025-05-29 20:00:00,21775.0,19.6,0.8
2025-05-29 21:00:00,22525.0,18.8,0.0
2025-05-29 22:00:00,23475.0,18.3,0.0
2025-05-29 23:00:00,24950.0,18.0,0.0
2025-05-30 00:00:00,27250.0,17.8,0.0
2025-05-30 01:00:00,29475.0,17.6,0.8
2025-05-30 02:00:00,32225.0,16.9,7.2
2025-05-30 03:00:00,34475.0,16.7,1.5
2025-05-30 04:00:00,36850.0,16.7,0.4
2025-05-30 05:00:00,38700.0,16.5,0.3
2025-05-30 06:00:00,40350.0,16.2,0.0
2025-05-30 07:00:00,42600.0,16.7,0.0
2025-05-30 08:00:00,43900.0,18.2,0.0
2025-05-30 09:00:00,44700.0,20.9,0.0
2025-05-30 10:00:00,45800.0,22.2,0.0
2025-05-30 11:00:00,46300.0,23.3,0.0
2025-05-30 12:00:00,46750.0,24.2,0.0
2025-05-30 13:00:00,46925.0,24.7,0.0
2025-05-30 14:00:00,47250.0,25.2,0.0
2025-05-30 15:00:00,47425.0,25.6,0.1
2025-05-30 16:00:00,47525.0,24.8,0.1
2025-05-30 17:00:00,47066.666666666664,23.3,0.1
2025-05-30 18:00:00,47125.0,22.2,0.1
2025-05-30 19:00:00,47100.0,20.8,1.1
2025-05-30 20:00:00,46700.0,18.8,11.8
2025-05-30 21:00:00,46675.0,18.7,2.1
2025-05-30 22:00:00,46175.0,17.9,0.0
2025-05-30 23:00:00,46100.0,15.6,0.0
2025-05-31 00:00:00,46250.0,14.7,0.0
2025-05-31 01:00:00,45750.0,14.0,0.0
2025-05-31 02:00:00,46333.333333333336,14.3,0.8
2025-05-31 03:00:00,46075.0,13.9,1.1
2025-05-31 04:00:00,45550.0,13.9,0.3
2025-05-31 05:00:00,45975.0,13.8,0.2
2025-05-31 06:00:00,46066.666666666664,13.6,0.0
2025-05-31 07:00:00,45600.0,14.4,0.0
2025-05-31 08:00:00,45700.0,16.0,0.0
2025-05-31 09:00:00,45166.666666666664,18.1,0.1
2025-05-31 10:00:00,44800.0,19.0,0.1
2025-05-31 11:00:00,44375.0,19.7,0.0
2025-05-31 12:00:00,44425.0,20.5,0.0
2025-05-31 13:00:00,43800.0,20.7,0.0
2025-05-31 14:00:00,43800.0,16.9,1.0
2025-05-31 15:00:00,43333.333333333336,19.0,0.4
2025-05-31 16:00:00,43333.333333333336,19.2,0.5
2025-05-31 17:00:00,42500.0,19.6,0.0
2025-05-31 18:00:00,42266.666666666664,18.4,0.0
2025-05-31 19:00:00,41600.0,17.2,0.0
2025-05-31 20:00:00,41300.0,15.3,0.0
2025-05-31 21:00:00,41025.0,14.5,0.0
2025-05-31 22:00:00,41366.666666666664,13.1,0.0
2025-05-31 23:00:00,41400.0,12.3,0.0
2025-06-01 00:00:00,40800.0,11.6,0.0
2025-06-01 01:00:00,40750.0,11.0,0.0
2025-06-01 02:00:00,40775.0,10.5,0.0
2025-06-01 03:00:00,40875.0,9.9,0.0
2025-06-01 04:00:00,40975.0,9.5,0.0
2025-06-01 05:00:00,41150.0,9.2,0.0
2025-06-01 06:00:00,41500.0,9.1,0.0
2025-06-01 07:00:00,41450.0,10.3,0.0
2025-06-01 08:00:00,41700.0,12.1,0.0
2025-06-01 09:00:00,41775.0,14.3,0.0
2025-06-01 10:00:00,42075.0,16.5,0.0
2025-06-01 11:00:00,42650.0,18.0,0.0
2025-06-01 12:00:00,43000.0,19.1,0.0
2025-06-01 13:00:00,43100.0,19.5,0.0
2025-06-01 14:00:00,43725.0,20.3,0.0
2025-06-01 15:00:00,44100.0,20.8,0.0
2025-06-01 16:00:00,44766.666666666664,21.1,0.0
2025-06-01 17:00:00,45475.0,20.9,0.0
2025-06-01 18:00:00,45850.0,19.7,0.0
2025-06-01 19:00:00,46575.0,19.4,0.0
2025-06-01 20:00:00,46650.0,18.1,0.0
2025-06-01 21:00:00,46775.0,15.9,0.0
2025-06-01 22:00:00,47066.666666666664,15.0,0.0
2025-06-01 23:00:00,47500.0,14.2,0.0
2025-06-02 00:00:00,47700.0,13.4,0.0
2025-06-02 01:00:00,47650.0,13.0,0.0
2025-06-02 02:00:00,47250.0,12.4,0.0
2025-06-02 03:00:00,46533.333333333336,11.6,0.0
2025-06-02 04:00:00,47100.0,11.1,0.0
2025-06-02 05:00:00,46650.0,10.6,0.0
2025-06-02 06:00:00,46200.0,10.2,0.0
2025-06-02 07:00:00,45525.0,11.0,0.0
2025-06-02 08:00:00,45025.0,13.0,0.0
2025-06-02 09:00:00,44650.0,15.5,0.0
2025-06-02 10:00:00,44075.0,17.5,0.0
2025-06-02 11:00:00,43300.0,19.0,0.0
2025-06-02 12:00:00,42966.666666666664,20.1,0.0
2025-06-02 13:00:00,42400.0,20.9,0.0
2025-06-02 14:00:00,41875.0,21.5,0.0
2025-06-02 15:00:00,40975.0,22.0,0.0
2025-06-02 16:00:00,40725.0,22.2,0.0
2025-06-02 17:00:00,39950.0,22.2,0.0
2025-06-02 18:00:00,39466.666666666664,21.9,0.0
2025-06-02 19:00:00,38950.0,21.2,0.0
2025-06-02 20:00:00,37966.666666666664,19.8,0.0
2025-06-02 21:00:00,37825.0,17.6,0.0
2025-06-02 22:00:00,37600.0,16.7,0.0
2025-06-02 23:00:00,36900.0,16.1,0.0
2025-06-03 00:00:00,35900.0,15.4,0.0
2025-06-03 01:00:00,34950.0,14.9,0.0
2025-06-03 02:00:00,34500.0,14.5,0.0
2025-06-03 03:00:00,34025.0,13.7,0.0
2025-06-03 04:00:00,33450.0,12.8,0.0
2025-06-03 05:00:00,33075.0,12.2,0.0
2025-06-03 06:00:00,32650.0,11.7,0.0
2025-06-03 07:00:00,32325.0,13.3,0.0
2025-06-03 08:00:00,31850.0,16.0,0.0
2025-06-03 09:00:00,31400.0,18.3,0.0
2025-06-03 10:00:00,31075.0,21.0,0.0
2025-06-03 11:00:00,30700.0,23.0,0.0
2025-06-03 12:00:00,30275.0,24.5,0.0
2025-06-03 13:00:00,29925.0,25.5,0.0
2025-06-03 14:00:00,29750.0,26.1,0.0
2025-06-03 15:00:00,29400.0,26.5,0.0
2025-06-03 16:00:00,29025.0,26.8,0.0
2025-06-03 17:00:00,28700.0,26.8,0.0
2025-06-03 18:00:00,28450.0,26.2,0.0
2025-06-03 19:00:00,28125.0,24.7,0.0
2025-06-03 20:00:00,27825.0,22.4,0.0
2025-06-03 21:00:00,27500.0,20.4,0.0
2025-06-03 22:00:00,27250.0,19.5,0.0
2025-06-03 23:00:00,27250.0,18.5,0.0
2025-06-04 00:00:00,26925.0,17.7,0.0
2025-06-04 01:00:00,26766.666666666668,17.0,0.0
2025-06-04 02:00:00,26175.0,16.7,0.0
2025-06-04 03:00:00,26133.333333333332,16.5,0.0
2025-06-04 04:00:00,25825.0,16.3,0.0
2025-06-04 05:00:00,25475.0,16.0,0.0
2025-06-04 06:00:00,25225.0,15.9,0.0
2025-06-04 07:00:00,24900.0,16.9,0.0
2025-06-04 08:00:00,24850.0,18.7,0.0
2025-06-04 09:00:00,24566.666666666668,20.8,0.0
2025-06-04 10:00:00,24100.0,22.9,0.0
2025-06-04 11:00:00,23933.333333333332,25.0,0.0
2025-06-04 12:00:00,23725.0,26.9,0.0
2025-06-04 13:00:00,23250.0,28.4,0.0
2025-06-04 14:00:00,23200.0,29.4,0.0
2025-06-04 15:00:00,23025.0,29.9,0.0
2025-06-04 16:00:00,22800.0,30.0,0.0
2025-06-04 17:00:00,22700.0,29.7,0.0
2025-06-04 18:00:00,22475.0,29.0,0.0
2025-06-04 19:00:00,22225.0,27.8,0.0
2025-06-04 20:00:00,21975.0,25.8,0.0
2025-06-04 21:00:00,21766.666666666668,24.5,0.0
2025-06-04 22:00:00,21550.0,23.2,0.0
2025-06-04 23:00:00,21266.666666666668,22.3,0.0
2025-06-05 00:00:00,21025.0,21.7,0.0
2025-06-05 01:00:00,20766.666666666668,21.1,0.0
2025-06-05 02:00:00,20400.0,20.3,0.0
2025-06-05 03:00:00,20300.0,19.7,0.0
2025-06-05 04:00:00,19900.0,19.3,0.0
2025-06-05 05:00:00,19750.0,18.9,0.0
2025-06-05 06:00:00,19525.0,18.4,0.0
2025-06-05 07:00:00,19066.666666666668,18.8,0.0
2025-06-05 08:00:00,18400.0,20.2,0.0
2025-06-05 09:00:00,18250.0,22.0,0.0
2025-06-05 10:00:00,17975.0,23.7,0.0
2025-06-05 11:00:00,17775.0,25.5,0.0
2025-06-05 12:00:00,17525.0,27.3,0.0
2025-06-05 13:00:00,17625.0,28.7,0.0
2025-06-05 14:00:00,17475.0,29.6,0.0
2025-06-05 15:00:00,17400.0,30.3,0.0
2025-06-05 16:00:00,17250.0,30.4,0.0
2025-06-05 17:00:00,17150.0,30.0,0.0
2025-06-05 18:00:00,17100.0,29.0,0.0
2025-06-05 19:00:00,17050.0,27.2,0.0
2025-06-05 20:00:00,16700.0,25.3,0.0
2025-06-05 21:00:00,16850.0,24.3,0.0
2025-06-05 22:00:00,16700.0,23.5,0.0
2025-06-05 23:00:00,16500.0,22.7,0.0
2025-06-06 00:00:00,16166.666666666666,21.9,0.0
2025-06-06 01:00:00,16250.0,21.0,0.0
2025-06-06 02:00:00,16200.0,20.5,0.0
2025-06-06 03:00:00,16033.333333333334,19.9,0.0
2025-06-06 04:00:00,15675.0,19.4,0.0
2025-06-06 05:00:00,15525.0,18.8,0.0
2025-06-06 06:00:00,15425.0,18.8,0.0
2025-06-06 07:00:00,15300.0,19.5,0.0
2025-06-06 08:00:00,15166.666666666666,20.8,0.0
2025-06-06 09:00:00,15033.333333333334,22.4,0.0
2025-06-06 10:00:00,14700.0,24.6,0.0
2025-06-06 11:00:00,14733.333333333334,26.4,0.0
2025-06-06 12:00:00,14400.0,27.8,0.0
2025-06-06 13:00:00,14325.0,28.7,0.1
2025-06-06 14:00:00,14325.0,29.2,0.0
2025-06-06 15:00:00,14250.0,29.4,0.0
2025-06-06 16:00:00,14325.0,29.3,0.0
2025-06-06 17:00:00,14225.0,28.9,0.0
2025-06-06 18:00:00,13875.0,28.5,0.0
2025-06-06 19:00:00,13700.0,27.3,0.0
2025-06-06 20:00:00,13633.333333333334,25.6,0.0
2025-06-06 21:00:00,13400.0,24.1,0.0
2025-06-06 22:00:00,13300.0,23.2,0.0
2025-06-06 23:00:00,13475.0,22.6,0.0
2025-06-07 00:00:00,13500.0,22.2,0.0
2025-06-07 01:00:00,13400.0,21.8,0.0
2025-06-07 02:00:00,13225.0,21.6,0.0
2025-06-07 03:00:00,13275.0,21.3,0.0
2025-06-07 04:00:00,13500.0,21.1,0.0
2025-06-07 05:00:00,13066.666666666666,21.0,0.2
2025-06-07 06:00:00,12900.0,20.9,0.5
2025-06-07 07:00:00,12875.0,21.3,0.6
2025-06-07 08:00:00,12750.0,21.7,0.2
2025-06-07 09:00:00,12833.333333333334,21.0,1.1
2025-06-07 10:00:00,12875.0,23.1,0.5
2025-06-07 11:00:00,12850.0,24.7,0.1
2025-06-07 12:00:00,12850.0,25.1,0.0
2025-06-07 13:00:00,12925.0,26.4,0.0
2025-06-07 14:00:00,12875.0,26.9,0.0
2025-06-07 15:00:00,12850.0,27.7,0.1
2025-06-07 16:00:00,12750.0,28.2,0.1
2025-06-07 17:00:00,12500.0,28.2,0.1
2025-06-07 18:00:00,12600.0,27.8,0.1
2025-06-07 19:00:00,12725.0,27.2,0.0
2025-06-07 21:00:00,12666.666666666666,24.8,0.0
2025-06-07 22:00:00,12800.0,23.7,0.0
2025-06-07 23:00:00,12566.666666666666,22.7,0.0
2025-06-08 00:00:00,12425.0,22.1,0.0
2025-06-08 01:00:00,12075.0,22.0,0.0
2025-06-08 02:00:00,11975.0,21.6,0.0
2025-06-08 03:00:00,11925.0,21.4,0.0
2025-06-08 04:00:00,11950.0,21.0,0.0
2025-06-08 05:00:00,12133.333333333334,20.9,0.2
2025-06-08 06:00:00,12225.0,20.4,1.0
2025-06-08 07:00:00,12250.0,19.7,0.8
2025-06-08 08:00:00,12150.0,20.2,0.0
2025-06-08 09:00:00,12050.0,21.4,0.7
2025-06-08 10:00:00,12150.0,21.4,1.3
2025-06-08 11:00:00,12050.0,21.1,0.3
2025-06-08 12:00:00,11875.0,22.7,0.8
2025-06-08 13:00:00,11766.666666666666,23.8,0.5
2025-06-08 14:00:00,11866.666666666666,24.5,0.1
2025-06-08 15:00:00,11900.0,24.8,0.2
2025-06-08 16:00:00,11875.0,22.6,1.3
2025-06-08 17:00:00,12025.0,23.5,0.3
2025-06-08 18:00:00,12100.0,23.8,0.0
2025-06-08 19:00:00,12200.0,24.4,0.1
2025-06-08 20:00:00,12450.0,22.0,1.4
2025-06-08 21:00:00,12500.0,20.7,2.3
2025-06-08 22:00:00,12533.333333333334,20.4,0.2
2025-06-08 23:00:00,12300.0,20.2,0.1
2025-06-09 00:00:00,12575.0,19.9,0.0
2025-06-09 01:00:00,12766.666666666666,19.7,0.0
2025-06-09 02:00:00,12750.0,19.7,0.1
2025-06-09 03:00:00,13000.0,19.7,0.0
2025-06-09 04:00:00,13133.333333333334,19.5,0.1
2025-06-09 05:00:00,13250.0,19.4,0.0
2025-06-09 06:00:00,13250.0,19.4,0.0
2025-06-09 07:00:00,13350.0,19.6,0.0
2025-06-09 08:00:00,13733.333333333334,20.9,0.0
2025-06-09 09:00:00,13825.0,21.4,0.1
2025-06-09 10:00:00,13866.666666666666,23.0,0.1
2025-06-09 11:00:00,13625.0,24.2,0.2
2025-06-09 12:00:00,13675.0,25.3,0.1
2025-06-09 13:00:00,13900.0,25.9,0.0
2025-06-09 14:00:00,14125.0,27.0,0.1
2025-06-09 15:00:00,14333.333333333334,27.7,0.0
2025-06-09 16:00:00,14833.333333333334,27.9,0.0
2025-06-09 17:00:00,14900.0,27.8,0.1
2025-06-09 18:00:00,14900.0,26.2,0.2
2025-06-09 19:00:00,14925.0,25.4,0.1
2025-06-09 20:00:00,14850.0,24.9,0.0
2025-06-09 21:00:00,14550.0,23.5,0.0
2025-06-09 22:00:00,14675.0,23.1,0.0
2025-06-09 23:00:00,14700.0,22.6,0.0
2025-06-10 00:00:00,14766.666666666666,22.0,0.0
2025-06-10 01:00:00,14850.0,21.5,0.0
2025-06-10 02:00:00,14750.0,21.0,0.0
2025-06-10 03:00:00,14675.0,20.9,0.0
2025-06-10 04:00:00,14700.0,20.4,0.0
2025-06-10 05:00:00,14650.0,20.5,0.0
2025-06-10 06:00:00,14800.0,20.9,0.0
2025-06-10 07:00:00,15100.0,21.3,0.0
2025-06-10 08:00:00,15233.333333333334,21.8,0.0
2025-06-10 09:00:00,15600.0,23.3,0.1
2025-06-10 10:00:00,16100.0,24.4,0.0
2025-06-10 11:00:00,16866.666666666668,25.5,0.0
2025-06-10 12:00:00,17450.0,26.5,0.0
2025-06-10 13:00:00,18650.0,26.8,0.0
2025-06-10 14:00:00,19775.0,27.8,0.0
2025-06-10 15:00:00,20850.0,28.3,0.0
2025-06-10 16:00:00,21825.0,28.4,0.0
2025-06-10 17:00:00,23800.0,28.5,0.0
2025-06-10 18:00:00,24725.0,28.1,0.0
2025-06-10 19:00:00,25533.333333333332,26.9,0.0
2025-06-10 20:00:00,26575.0,25.0,0.0
2025-06-10 21:00:00,27633.333333333332,23.9,0.0
2025-06-10 22:00:00,28100.0,23.2,0.0
2025-06-10 23:00:00,28850.0,22.3,0.0
2025-06-11 00:00:00,29200.0,21.7,0.0
2025-06-11 01:00:00,29666.666666666668,21.3,0.0
2025-06-11 02:00:00,29525.0,20.7,0.0
2025-06-11 03:00:00,30175.0,20.1,0.0
2025-06-11 04:00:00,30475.0,19.4,0.0
2025-06-11 05:00:00,30600.0,18.7,0.0
2025-06-11 06:00:00,30200.0,18.3,0.0
2025-06-11 07:00:00,30050.0,18.9,0.0
2025-06-11 08:00:00,30075.0,20.6,0.0
2025-06-11 09:00:00,29825.0,23.2,0.0
2025-06-11 10:00:00,29650.0,25.0,0.0
2025-06-11 11:00:00,29700.0,26.0,0.0
2025-06-11 12:00:00,29650.0,27.0,0.0
2025-06-11 13:00:00,29766.666666666668,27.9,0.0
2025-06-11 14:00:00,29400.0,28.6,0.0
2025-06-11 15:00:00,29500.0,29.3,0.0
2025-06-11 16:00:00,29633.333333333332,29.7,0.0
2025-06-11 17:00:00,30200.0,29.6,0.0
2025-06-11 18:00:00,30700.0,29.0,0.0
2025-06-11 19:00:00,30650.0,28.1,0.0
2025-06-11 20:00:00,30925.0,26.1,0.0
2025-06-11 21:00:00,31550.0,24.7,0.0
2025-06-11 22:00:00,32166.666666666668,23.6,0.0
2025-06-11 23:00:00,33000.0,22.7,0.0
2025-06-12 00:00:00,33066.666666666664,22.3,0.0
2025-06-12 01:00:00,33366.666666666664,21.7,0.0
2025-06-12 02:00:00,33550.0,21.0,0.0
2025-06-12 03:00:00,33400.0,20.5,0.0
2025-06-12 04:00:00,33100.0,19.8,0.0
2025-06-12 05:00:00,33100.0,19.0,0.0
2025-06-12 06:00:00,32700.0,18.6,0.0
2025-06-12 07:00:00,32375.0,19.8,0.0
2025-06-12 08:00:00,31700.0,21.9,0.0
2025-06-12 09:00:00,31325.0,25.2,0.0
2025-06-12 10:00:00,30966.666666666668,27.5,0.0
2025-06-12 11:00:00,30400.0,29.1,0.0
2025-06-12 12:00:00,29833.333333333332,30.4,0.0
2025-06-12 13:00:00,28966.666666666668,31.5,0.0
2025-06-12 14:00:00,28500.0,32.6,0.0
2025-06-12 15:00:00,27966.666666666668,33.4,0.0
2025-06-12 16:00:00,27466.666666666668,33.5,0.0
2025-06-12 17:00:00,26800.0,33.3,0.0
2025-06-12 18:00:00,26650.0,32.7,0.0
2025-06-12 19:00:00,26050.0,31.8,0.0
2025-06-12 20:00:00,25400.0,30.3,0.0
2025-06-12 21:00:00,24600.0,28.1,0.0
2025-06-12 22:00:00,24000.0,26.9,0.0
2025-06-12 23:00:00,23800.0,25.8,0.0
2025-06-13 00:00:00,23100.0,25.0,0.0
2025-06-13 01:00:00,22966.666666666668,24.3,0.0
2025-06-13 02:00:00,22575.0,23.7,0.0
2025-06-13 03:00:00,21950.0,23.2,0.0
2025-06-13 04:00:00,21950.0,22.2,0.0
2025-06-13 05:00:00,21366.666666666668,21.9,0.0
2025-06-13 06:00:00,21033.333333333332,21.5,0.0
2025-06-13 07:00:00,20450.0,22.2,0.0
2025-06-13 08:00:00,20250.0,24.0,0.0
2025-06-13 09:00:00,19925.0,25.6,0.0
2025-06-13 10:00:00,19725.0,28.0,0.0
2025-06-13 11:00:00,19400.0,30.0,0.0
2025-06-13 12:00:00,19275.0,31.7,0.0
2025-06-13 13:00:00,19175.0,32.6,0.0
2025-06-13 14:00:00,18850.0,33.4,0.0
2025-06-13 15:00:00,18575.0,33.8,0.0
2025-06-13 16:00:00,18600.0,33.7,0.0
2025-06-13 17:00:00,18166.666666666668,33.4,0.0
2025-06-13 18:00:00,18000.0,31.3,0.3
2025-06-13 19:00:00,18000.0,29.8,0.2
2025-06-13 20:00:00,17675.0,28.7,0.0
2025-06-13 21:00:00,17450.0,23.2,3.8
2025-06-13 22:00:00,17500.0,23.1,3.7
2025-06-13 23:00:00,16833.333333333332,23.1,2.1
2025-06-14 00:00:00,16825.0,22.9,1.3
2025-06-14 01:00:00,17300.0,22.5,3.0
2025-06-14 02:00:00,18600.0,21.9,1.1
2025-06-14 03:00:00,18650.0,21.8,0.2
2025-06-14 04:00:00,18450.0,21.8,0.0
2025-06-14 05:00:00,18425.0,21.6,0.0
2025-06-14 06:00:00,18466.666666666668,21.7,0.0
2025-06-14 07:00:00,18250.0,21.9,0.0
2025-06-14 08:00:00,17850.0,22.4,0.0
2025-06-14 09:00:00,17375.0,23.2,0.6
2025-06-14 10:00:00,17100.0,25.2,0.0
2025-06-14 11:00:00,16550.0,26.2,0.1
2025-06-14 12:00:00,15875.0,27.5,0.1
2025-06-14 13:00:00,15500.0,27.6,0.1
2025-06-14 14:00:00,15375.0,29.3,0.0
2025-06-14 15:00:00,15300.0,28.9,0.0
2025-06-14 16:00:00,14875.0,28.2,0.5
2025-06-14 17:00:00,14850.0,24.1,3.7
2025-06-14 18:00:00,14900.0,24.6,0.2
2025-06-14 19:00:00,14600.0,24.3,0.2
2025-06-14 20:00:00,14433.333333333334,23.8,0.0
2025-06-14 21:00:00,14466.666666666666,22.0,2.8
2025-06-14 22:00:00,14300.0,21.5,7.0
2025-06-14 23:00:00,14200.0,21.6,2.0
2025-06-15 00:00:00,14000.0,21.4,5.3
2025-06-15 01:00:00,13750.0,21.3,1.5
2025-06-15 02:00:00,13525.0,20.4,2.6
2025-06-15 03:00:00,13600.0,19.7,0.2
2025-06-15 04:00:00,13766.666666666666,19.2,0.1
2025-06-15 05:00:00,14100.0,19.0,0.1
2025-06-15 06:00:00,16600.0,18.9,0.0
2025-06-15 07:00:00,16133.333333333334,18.8,0.1
2025-06-15 08:00:00,14650.0,18.9,0.1
2025-06-15 09:00:00,14225.0,19.1,0.0
2025-06-15 10:00:00,14325.0,19.5,0.0
2025-06-15 11:00:00,14450.0,19.7,0.1
2025-06-15 12:00:00,14866.666666666666,20.6,0.1
2025-06-15 13:00:00,14966.666666666666,21.0,0.0
2025-06-15 14:00:00,14975.0,22.3,0.0
2025-06-15 15:00:00,15000.0,22.6,0.0
2025-06-15 16:00:00,14933.333333333334,23.0,0.0
2025-06-15 17:00:00,14725.0,22.7,0.1
2025-06-15 18:00:00,14533.333333333334,22.2,0.2
2025-06-15 19:00:00,14350.0,22.3,0.0
2025-06-15 20:00:00,14300.0,21.8,0.0
2025-06-15 21:00:00,14000.0,19.1,1.9
2025-06-15 22:00:00,14000.0,18.9,2.0
2025-06-15 23:00:00,13925.0,18.4,0.4
2025-06-16 00:00:00,13833.333333333334,17.9,0.4
2025-06-16 01:00:00,13800.0,17.7,0.8
2025-06-16 02:00:00,13900.0,17.6,3.5
2025-06-16 03:00:00,14000.0,17.5,5.6
2025-06-16 04:00:00,13950.0,17.3,6.5
2025-06-16 05:00:00,13900.0,17.2,8.2
2025-06-16 06:00:00,13575.0,17.0,2.9
2025-06-16 07:00:00,13625.0,17.0,1.2
2025-06-16 08:00:00,13933.333333333334,17.2,0.5
2025-06-16 09:00:00,14200.0,17.1,5.9
2025-06-16 10:00:00,14650.0,17.3,4.9
2025-06-16 11:00:00,15025.0,18.2,2.0
2025-06-16 12:00:00,15800.0,19.1,0.6
2025-06-16 13:00:00,16766.666666666668,19.8,0.3
2025-06-16 14:00:00,17566.666666666668,20.7,0.2
2025-06-16 15:00:00,18800.0,21.1,0.1
2025-06-16 16:00:00,19150.0,21.3,0.2
2025-06-16 17:00:00,19900.0,21.1,0.2
2025-06-16 18:00:00,20450.0,21.2,0.0
2025-06-16 19:00:00,20300.0,21.2,0.0
2025-06-16 20:00:00,20700.0,20.9,0.0
2025-06-16 21:00:00,21000.0,19.5,0.0
2025-06-16 22:00:00,21250.0,19.6,0.0
2025-06-16 23:00:00,21175.0,19.6,0.1
2025-06-17 00:00:00,21200.0,19.6,0.1
2025-06-17 01:00:00,21250.0,19.6,0.0
2025-06-17 02:00:00,21475.0,19.6,0.0
2025-06-17 03:00:00,21475.0,19.6,0.0
2025-06-17 04:00:00,21500.0,19.6,0.0
2025-06-17 05:00:00,21650.0,19.5,0.1
2025-06-17 06:00:00,21625.0,19.5,0.1
2025-06-17 07:00:00,21875.0,19.7,0.0
2025-06-17 08:00:00,21900.0,20.5,0.0
2025-06-17 09:00:00,21925.0,20.8,0.1
2025-06-17 10:00:00,21950.0,21.2,0.0
2025-06-17 11:00:00,22225.0,23.3,0.1
2025-06-17 12:00:00,22450.0,24.6,0.1
2025-06-17 13:00:00,22466.666666666668,26.0,0.1
2025-06-17 14:00:00,22675.0,27.0,0.1
2025-06-17 15:00:00,22966.666666666668,27.8,0.1
2025-06-17 16:00:00,22900.0,28.5,0.0
2025-06-17 17:00:00,22766.666666666668,28.7,0.0
2025-06-17 18:00:00,22900.0,27.6,0.2
2025-06-17 19:00:00,22950.0,26.8,0.3
2025-06-17 20:00:00,23025.0,26.1,0.0
2025-06-17 21:00:00,22850.0,24.2,0.0
2025-06-17 22:00:00,22925.0,23.6,0.0
2025-06-17 23:00:00,22975.0,22.9,0.0
2025-06-18 00:00:00,23000.0,22.5,0.0
2025-06-18 01:00:00,22950.0,22.5,0.0
2025-06-18 02:00:00,23200.0,22.5,0.0
2025-06-18 03:00:00,23133.333333333332,22.5,0.0
2025-06-18 04:00:00,23200.0,22.5,0.0
2025-06-18 05:00:00,23200.0,22.3,0.0
2025-06-18 06:00:00,23275.0,22.2,0.0
2025-06-18 07:00:00,23200.0,22.5,0.0
2025-06-18 08:00:00,23350.0,24.0,0.0
2025-06-18 09:00:00,23300.0,25.6,0.0
2025-06-18 10:00:00,23150.0,26.8,0.2
2025-06-18 11:00:00,23400.0,27.0,1.2
2025-06-18 12:00:00,23650.0,27.4,1.9
2025-06-18 13:00:00,24266.666666666668,29.2,0.2
2025-06-18 14:00:00,24566.666666666668,30.8,0.3
2025-06-18 15:00:00,25300.0,25.2,5.5
2025-06-18 16:00:00,25800.0,25.7,0.7
2025-06-18 17:00:00,26575.0,25.8,0.3
2025-06-18 18:00:00,27725.0,26.4,0.0
2025-06-18 19:00:00,30250.0,26.4,0.0
2025-06-18 20:00:00,31950.0,26.1,0.0
2025-06-18 21:00:00,32925.0,24.5,0.1
2025-06-18 22:00:00,34100.0,24.8,0.0
2025-06-18 23:00:00,37450.0,25.0,0.0
2025-06-19 00:00:00,41550.0,24.4,0.0
2025-06-19 01:00:00,43200.0,24.0,0.0
2025-06-19 02:00:00,43175.0,23.7,0.0
2025-06-19 03:00:00,43575.0,23.4,0.0
2025-06-19 04:00:00,43950.0,23.2,0.0
2025-06-19 05:00:00,44325.0,22.8,0.0
2025-06-19 06:00:00,44425.0,22.4,0.0
2025-06-19 07:00:00,44475.0,23.0,0.0
2025-06-19 08:00:00,44600.0,24.4,0.0
2025-06-19 09:00:00,44650.0,26.6,0.0
2025-06-19 10:00:00,44550.0,28.3,0.0
2025-06-19 11:00:00,44325.0,29.6,0.0
2025-06-19 12:00:00,44325.0,30.8,0.0
2025-06-19 13:00:00,44200.0,30.9,0.0
2025-06-19 14:00:00,44150.0,31.5,0.0
2025-06-19 15:00:00,43900.0,31.7,0.2
2025-06-19 16:00:00,43800.0,26.3,3.5
2025-06-19 17:00:00,43900.0,28.4,0.0
2025-06-19 18:00:00,43850.0,26.0,3.8
2025-06-19 19:00:00,43800.0,26.0,0.2
2025-06-19 20:00:00,43950.0,25.3,0.0
2025-06-19 21:00:00,44100.0,23.6,0.1
2025-06-19 22:00:00,44550.0,23.1,0.0
2025-06-19 23:00:00,44650.0,22.8,0.0
2025-06-20 00:00:00,44550.0,22.6,0.0
2025-06-20 01:00:00,44700.0,21.2,0.0
2025-06-20 02:00:00,45000.0,19.9,0.0
2025-06-20 03:00:00,45150.0,19.0,0.0
2025-06-20 04:00:00,45200.0,18.5,0.0
2025-06-20 05:00:00,45100.0,18.0,0.0
2025-06-20 06:00:00,45000.0,17.7,0.0
2025-06-20 07:00:00,44875.0,18.3,0.0
2025-06-20 08:00:00,44750.0,19.8,0.0
2025-06-20 09:00:00,44525.0,21.8,0.0
2025-06-20 10:00:00,44200.0,23.5,0.0
2025-06-20 11:00:00,43750.0,25.1,0.0
2025-06-20 12:00:00,43300.0,26.6,0.0
2025-06-20 13:00:00,42750.0,27.4,0.2
2025-06-20 14:00:00,42050.0,28.2,0.3
2025-06-20 15:00:00,41625.0,28.7,0.4
2025-06-20 16:00:00,40950.0,29.1,0.5
2025-06-20 17:00:00,40350.0,29.1,0.3
2025-06-20 18:00:00,39750.0,28.6,0.0
2025-06-20 19:00:00,39250.0,27.1,0.0
2025-06-20 20:00:00,38600.0,25.4,0.0
2025-06-20 21:00:00,38025.0,24.9,0.0
2025-06-20 22:00:00,37450.0,24.4,0.0
2025-06-20 23:00:00,36975.0,23.8,0.0
2025-06-21 00:00:00,36350.0,23.2,0.0
2025-06-21 01:00:00,35750.0,22.4,0.0
2025-06-21 02:00:00,35125.0,21.6,0.0
2025-06-21 03:00:00,34650.0,21.1,0.0
2025-06-21 04:00:00,34050.0,20.5,0.0
2025-06-21 05:00:00,33600.0,20.0,0.0
2025-06-21 06:00:00,33150.0,19.5,0.0
2025-06-21 07:00:00,32625.0,20.9,0.0
2025-06-21 08:00:00,32225.0,22.9,0.0
2025-06-21 09:00:00,31800.0,25.8,0.0
2025-06-21 10:00:00,31300.0,28.1,0.0
2025-06-21 11:00:00,30975.0,29.7,0.0
2025-06-21 12:00:00,30575.0,30.5,0.0
2025-06-21 13:00:00,30125.0,30.8,0.1
2025-06-21 14:00:00,29700.0,31.3,0.0
2025-06-21 15:00:00,29300.0,31.6,0.1
2025-06-21 16:00:00,28900.0,31.6,0.1
2025-06-21 17:00:00,28500.0,31.5,0.0
2025-06-21 18:00:00,28175.0,31.3,0.0
2025-06-21 19:00:00,27725.0,30.5,0.0
2025-06-21 20:00:00,27375.0,28.5,0.0
2025-06-21 21:00:00,27000.0,27.1,0.0
2025-06-21 22:00:00,26675.0,26.1,0.0
2025-06-21 23:00:00,26275.0,25.3,0.0
2025-06-22 00:00:00,25925.0,25.0,0.0
2025-06-22 01:00:00,25550.0,24.6,0.0
2025-06-22 02:00:00,25225.0,23.9,0.0
2025-06-22 03:00:00,24900.0,23.3,0.0
2025-06-22 04:00:00,24575.0,22.8,0.0
2025-06-22 05:00:00,24250.0,22.6,0.0
2025-06-22 06:00:00,23975.0,22.5,0.0
2025-06-22 07:00:00,23675.0,23.3,0.0
2025-06-22 08:00:00,23400.0,24.8,0.0
2025-06-22 09:00:00,23050.0,27.2,0.0
2025-06-22 10:00:00,22875.0,29.5,0.0
2025-06-22 11:00:00,22550.0,31.7,0.0
2025-06-22 12:00:00,22350.0,33.7,0.0
2025-06-22 13:00:00,22025.0,35.1,0.0
2025-06-22 14:00:00,21875.0,36.0,0.0
2025-06-22 15:00:00,21625.0,36.3,0.0
2025-06-22 16:00:00,21400.0,35.3,0.0
2025-06-22 17:00:00,21200.0,34.7,0.0
2025-06-22 18:00:00,20950.0,34.1,0.0
2025-06-22 19:00:00,20750.0,33.4,0.0
2025-06-22 20:00:00,20450.0,32.2,0.0
2025-06-22 21:00:00,20275.0,29.7,0.0
2025-06-22 22:00:00,19975.0,29.1,0.0
2025-06-22 23:00:00,19850.0,28.5,0.0
2025-06-23 00:00:00,19625.0,27.7,0.0
2025-06-23 01:00:00,19400.0,27.2,0.0
2025-06-23 02:00:00,19200.0,26.7,0.0
2025-06-23 03:00:00,19000.0,26.5,0.0
2025-06-23 04:00:00,18725.0,26.3,0.0
2025-06-23 05:00:00,18500.0,26.0,0.0
2025-06-23 06:00:00,18300.0,25.8,0.0
2025-06-23 07:00:00,18150.0,26.8,0.0
2025-06-23 08:00:00,17850.0,28.6,0.0
2025-06-23 09:00:00,17675.0,30.8,0.0
2025-06-23 10:00:00,17525.0,32.8,0.0
2025-06-23 11:00:00,17375.0,34.3,0.0
2025-06-23 12:00:00,17150.0,35.6,0.0
2025-06-23 13:00:00,17000.0,36.6,0.0
2025-06-23 14:00:00,16875.0,37.5,0.0
2025-06-23 15:00:00,16725.0,38.2,0.0
2025-06-23 16:00:00,16575.0,38.6,0.0
2025-06-23 17:00:00,16425.0,38.4,0.0
2025-06-23 18:00:00,16325.0,38.0,0.0
2025-06-23 19:00:00,16100.0,37.5,0.0
2025-06-23 20:00:00,15975.0,36.6,0.0
2025-06-23 21:00:00,15875.0,33.1,0.0
2025-06-23 22:00:00,15725.0,31.6,0.0
2025-06-23 23:00:00,15575.0,30.4,0.0
2025-06-24 00:00:00,15450.0,29.8,0.0
2025-06-24 01:00:00,15275.0,29.5,0.0
2025-06-24 02:00:00,15150.0,29.1,0.0
2025-06-24 03:00:00,14975.0,28.5,0.0
2025-06-24 04:00:00,14750.0,27.9,0.0
2025-06-24 05:00:00,14600.0,27.3,0.0
2025-06-24 06:00:00,14450.0,26.9,0.0
2025-06-24 07:00:00,14350.0,27.7,0.0
2025-06-24 08:00:00,14225.0,29.7,0.0
2025-06-24 09:00:00,14125.0,32.2,0.0
2025-06-24 10:00:00,14025.0,34.3,0.0
2025-06-24 11:00:00,13900.0,35.9,0.0
2025-06-24 12:00:00,13800.0,37.2,0.0
2025-06-24 13:00:00,13675.0,38.3,0.0
2025-06-24 14:00:00,13600.0,39.2,0.0
2025-06-24 15:00:00,13475.0,39.5,0.0
2025-06-24 16:00:00,13350.0,39.7,0.0
2025-06-24 17:00:00,13250.0,39.2,0.0
2025-06-24 18:00:00,13200.0,38.4,0.0
2025-06-24 19:00:00,13175.0,37.8,0.0
2025-06-24 20:00:00,13100.0,37.0,0.0
2025-06-24 21:00:00,13000.0,34.0,0.0
2025-06-24 22:00:00,12900.0,32.9,0.0
2025-06-24 23:00:00,12800.0,32.1,0.0
2025-06-25 00:00:00,12700.0,30.9,0.0
2025-06-25 01:00:00,12575.0,29.8,0.0
2025-06-25 02:00:00,12450.0,29.1,0.0
2025-06-25 03:00:00,12200.0,28.4,0.0
2025-06-25 04:00:00,11950.0,28.0,0.0
2025-06-25 05:00:00,11825.0,27.7,0.0
2025-06-25 06:00:00,11700.0,27.4,0.0
2025-06-25 07:00:00,11600.0,28.3,0.0
2025-06-25 08:00:00,11475.0,30.0,0.0
2025-06-25 09:00:00,11600.0,32.5,0.0
2025-06-25 10:00:00,11575.0,34.8,0.0
2025-06-25 11:00:00,11450.0,36.1,0.0
2025-06-25 12:00:00,11375.0,37.1,0.0
2025-06-25 13:00:00,11275.0,38.3,0.0
2025-06-25 14:00:00,11175.0,34.2,0.4
2025-06-25 15:00:00,11075.0,36.0,0.1
2025-06-25 16:00:00,11000.0,36.1,0.0
2025-06-25 17:00:00,10950.0,36.5,0.0
2025-06-25 18:00:00,10875.0,36.0,0.0
2025-06-25 19:00:00,10825.0,30.5,0.1
2025-06-25 20:00:00,10700.0,30.7,0.0
2025-06-25 21:00:00,10600.0,29.3,0.0
2025-06-25 22:00:00,10575.0,28.6,0.0
2025-06-25 23:00:00,10500.0,28.2,0.0
2025-06-26 00:00:00,10450.0,27.6,0.0
2025-06-26 01:00:00,10400.0,27.2,0.0
2025-06-26 02:00:00,10350.0,26.9,0.0
2025-06-26 03:00:00,10400.0,26.5,0.0
2025-06-26 04:00:00,10400.0,26.1,0.0
2025-06-26 05:00:00,10400.0,25.9,0.0
2025-06-26 06:00:00,10375.0,25.5,0.0
2025-06-26 07:00:00,10300.0,26.1,0.0
2025-06-26 08:00:00,10200.0,27.7,0.0
2025-06-26 09:00:00,10100.0,29.4,0.0
2025-06-26 10:00:00,10050.0,31.2,0.0
2025-06-26 11:00:00,10000.0,32.7,0.0
2025-06-26 12:00:00,9987.5,33.8,0.0
2025-06-26 13:00:00,9990.0,34.9,0.0
2025-06-26 14:00:00,9950.0,35.8,0.0
2025-06-26 15:00:00,9950.0,36.5,0.0
2025-06-26 16:00:00,9950.0,36.8,0.0
2025-06-26 17:00:00,9942.5,35.5,0.0
2025-06-26 18:00:00,9875.0,26.6,12.8
2025-06-26 19:00:00,9830.0,27.3,0.1
2025-06-26 20:00:00,9792.5,27.4,0.0
2025-06-26 21:00:00,9728.333333333334,26.2,1.3
2025-06-26 22:00:00,9670.0,25.4,0.2
2025-06-26 23:00:00,9640.0,24.6,0.3
2025-06-27 00:00:00,9580.0,24.2,0.2
2025-06-27 01:00:00,9580.0,23.9,0.2
2025-06-27 02:00:00,9587.5,23.0,0.0
2025-06-27 03:00:00,9736.666666666666,22.6,0.0
2025-06-27 04:00:00,9680.0,22.3,0.0
2025-06-27 05:00:00,9670.0,22.0,0.1
2025-06-27 06:00:00,9587.5,21.6,0.2
2025-06-27 07:00:00,9475.0,21.5,0.1
2025-06-27 08:00:00,9347.5,21.7,0.0
2025-06-27 09:00:00,9235.0,21.0,0.0
2025-06-27 10:00:00,9189.166666666666,21.8,0.0
2025-06-27 11:00:00,9091.666666666666,23.0,0.0
2025-06-27 12:00:00,9040.0,23.4,0.1
2025-06-27 13:00:00,8995.0,24.3,0.1
2025-06-27 14:00:00,8950.0,24.9,0.1
2025-06-27 15:00:00,8912.5,24.9,0.1
2025-06-27 16:00:00,8882.5,25.2,0.0
2025-06-27 17:00:00,8897.5,25.3,0.1
2025-06-27 18:00:00,8875.0,25.0,0.0
2025-06-27 19:00:00,8935.0,24.7,0.0
2025-06-27 20:00:00,8935.0,24.3,0.0
2025-06-27 21:00:00,8897.5,21.6,0.7
2025-06-27 22:00:00,8860.0,21.4,0.1
2025-06-27 23:00:00,8860.0,21.3,0.0
2025-06-28 00:00:00,8770.0,21.3,0.0
2025-06-28 01:00:00,8770.0,21.5,0.0
2025-06-28 02:00:00,8770.0,21.6,0.0
2025-06-28 03:00:00,8755.0,21.9,0.0
2025-06-28 04:00:00,8687.5,22.2,0.0
2025-06-28 05:00:00,8680.0,22.0,0.0
2025-06-28 06:00:00,8680.0,22.2,0.0
2025-06-28 07:00:00,8680.0,22.7,0.0
2025-06-28 08:00:00,8657.5,23.9,0.0
2025-06-28 09:00:00,8590.0,23.1,0.1
2025-06-28 10:00:00,8590.0,24.8,0.1
2025-06-28 11:00:00,8543.333333333334,26.4,0.1
2025-06-28 12:00:00,8510.0,27.9,0.0
2025-06-28 13:00:00,8465.0,29.0,0.0
2025-06-28 14:00:00,8420.0,29.8,0.0
2025-06-28 15:00:00,8420.0,30.1,0.0
2025-06-28 16:00:00,8420.0,30.7,0.0
2025-06-28 17:00:00,8420.0,30.0,0.1
2025-06-28 18:00:00,8472.5,30.0,0.0
2025-06-28 19:00:00,8591.666666666666,29.7,0.0
2025-06-28 20:00:00,8732.5,28.7,0.0
2025-06-28 21:00:00,8890.0,25.6,0.0
2025-06-28 22:00:00,8995.0,25.3,0.0
2025-06-28 23:00:00,9085.0,25.0,0.0
2025-06-29 00:00:00,9190.0,24.5,0.0
2025-06-29 01:00:00,9235.0,24.3,0.0
2025-06-29 02:00:00,9272.5,24.0,0.0
2025-06-29 03:00:00,9302.5,23.5,0.0
2025-06-29 04:00:00,9310.0,23.2,0.0
2025-06-29 05:00:00,9310.0,22.9,0.0
2025-06-29 06:00:00,9242.5,22.8,0.0
2025-06-29 07:00:00,9220.0,23.2,0.0
2025-06-29 08:00:00,9152.5,24.6,0.0
2025-06-29 09:00:00,9130.0,27.0,0.0
2025-06-29 10:00:00,9047.5,28.6,0.0
2025-06-29 11:00:00,9010.0,30.0,0.0
2025-06-29 12:00:00,8950.0,30.8,0.2
2025-06-29 13:00:00,8867.5,31.5,0.1
2025-06-29 14:00:00,8830.0,31.8,0.2
2025-06-29 15:00:00,8770.0,32.2,0.1
2025-06-29 16:00:00,8770.0,31.6,0.0
2025-06-29 17:00:00,8770.0,26.5,7.9
2025-06-29 18:00:00,8770.0,26.8,0.0
2025-06-29 19:00:00,8770.0,26.7,0.0
2025-06-29 20:00:00,8770.0,26.3,0.0
2025-06-29 21:00:00,8690.0,26.8,0.0
2025-06-29 22:00:00,8667.5,26.3,0.0
2025-06-29 23:00:00,8600.0,25.7,0.0
2025-06-30 00:00:00,8525.0,25.3,0.0
2025-06-30 01:00:00,8510.0,24.8,0.0
2025-06-30 02:00:00,8487.5,24.3,0.0
2025-06-30 03:00:00,8495.0,23.8,0.0
2025-06-30 04:00:00,8510.0,23.5,0.0
2025-06-30 05:00:00,8510.0,23.2,0.0
2025-06-30 06:00:00,8502.5,23.0,0.0
2025-06-30 07:00:00,8487.5,23.6,0.0
2025-06-30 08:00:00,8487.5,24.8,0.0
2025-06-30 09:00:00,8472.5,26.6,0.0
2025-06-30 10:00:00,8427.5,28.1,0.0
2025-06-30 11:00:00,8420.0,29.5,0.0
2025-06-30 12:00:00,8420.0,30.5,0.3
2025-06-30 13:00:00,8420.0,30.8,0.5
2025-06-30 14:00:00,8420.0,31.2,0.2
2025-06-30 15:00:00,8353.333333333334,32.1,0.1
2025-06-30 16:00:00,8340.0,29.6,1.7
2025-06-30 17:00:00,8340.0,30.0,0.7
2025-06-30 18:00:00,8257.5,28.8,2.9
2025-06-30 19:00:00,8250.0,28.3,0.4
2025-06-30 20:00:00,8250.0,27.9,0.0
2025-06-30 21:00:00,8243.333333333334,26.5,0.7
2025-06-30 22:00:00,8250.0,26.2,0.0
2025-06-30 23:00:00,8250.0,26.1,0.0
2025-07-01 00:00:00,8250.0,25.9,0.0
2025-07-01 01:00:00,8250.0,26.0,0.0
2025-07-01 02:00:00,8250.0,26.0,0.0
2025-07-01 03:00:00,8272.5,25.8,0.0
2025-07-01 04:00:00,8340.0,25.5,0.0
2025-07-01 05:00:00,8340.0,25.2,0.0
2025-07-01 06:00:00,8340.0,24.9,0.0
2025-07-01 07:00:00,8340.0,25.3,0.0
2025-07-01 08:00:00,8392.5,26.3,0.0
2025-07-01 09:00:00,8430.0,28.1,0.0
2025-07-01 10:00:00,8430.0,29.7,0.0
2025-07-01 11:00:00,8456.666666666666,30.6,0.5
2025-07-01 12:00:00,8490.0,31.3,0.3
2025-07-01 13:00:00,8510.0,31.9,0.2
2025-07-01 14:00:00,8570.0,32.2,0.7
2025-07-01 15:00:00,8667.5,31.1,6.8
2025-07-01 16:00:00,8795.0,25.7,11.7
2025-07-01 17:00:00,8930.0,25.5,3.4
2025-07-01 18:00:00,9087.5,24.8,6.7
2025-07-01 19:00:00,9459.166666666666,24.3,2.0
2025-07-01 20:00:00,9960.0,24.1,0.5
2025-07-01 21:00:00,10366.666666666666,24.1,3.6
2025-07-01 22:00:00,10358.333333333334,24.0,1.2
2025-07-01 23:00:00,10300.0,23.7,0.7
2025-07-02 00:00:00,10491.666666666666,23.6,0.5
2025-07-02 01:00:00,10841.666666666666,23.4,1.0
2025-07-02 02:00:00,11016.666666666666,23.2,0.8
2025-07-02 03:00:00,10925.0,23.0,1.7
2025-07-02 04:00:00,10750.0,22.9,1.6
2025-07-02 05:00:00,10700.0,22.8,1.2
2025-07-02 06:00:00,10700.0,22.7,0.8
2025-07-02 07:00:00,10733.333333333334,22.9,0.6
2025-07-02 08:00:00,10841.666666666666,23.2,0.2
2025-07-02 09:00:00,10941.666666666666,22.1,1.9
2025-07-02 10:00:00,11066.666666666666,22.8,0.9
2025-07-02 11:00:00,11175.0,23.7,0.1
2025-07-02 12:00:00,11275.0,25.8,0.0
2025-07-02 13:00:00,11300.0,27.3,0.0
2025-07-02 14:00:00,11300.0,28.2,0.0
2025-07-02 15:00:00,11300.0,28.8,0.0
2025-07-02 16:00:00,11308.333333333334,28.8,0.0
2025-07-02 17:00:00,11300.0,28.9,0.0
2025-07-02 18:00:00,11300.0,28.1,0.2
2025-07-02 19:00:00,11300.0,26.5,1.1
2025-07-02 20:00:00,11300.0,26.1,0.0
2025-07-02 21:00:00,11300.0,24.6,0.0
2025-07-02 22:00:00,11300.0,24.0,0.0
2025-07-02 23:00:00,11300.0,23.6,0.0
2025-07-03 00:00:00,11300.0,23.4,0.0
2025-07-03 01:00:00,11208.333333333334,23.1,0.0
2025-07-03 02:00:00,11200.0,22.8,0.0
2025-07-03 03:00:00,11191.666666666666,22.5,0.0
2025-07-03 04:00:00,11108.333333333334,22.4,0.0
2025-07-03 05:00:00,11100.0,22.2,0.0
2025-07-03 06:00:00,11050.0,21.7,0.0
2025-07-03 07:00:00,11083.333333333334,22.2,0.0
2025-07-03 08:00:00,11100.0,23.6,0.0
2025-07-03 09:00:00,11183.333333333334,26.3,0.0
2025-07-03 10:00:00,11283.333333333334,28.2,0.0
2025-07-03 11:00:00,11416.666666666666,29.2,0.0
2025-07-03 12:00:00,11566.666666666666,29.9,0.0
2025-07-03 13:00:00,11750.0,30.1,0.0
2025-07-03 14:00:00,11925.0,30.4,0.0
2025-07-03 15:00:00,12100.0,30.7,0.0
2025-07-03 16:00:00,12291.666666666666,31.1,0.0
2025-07-03 17:00:00,12450.0,31.0,0.0
2025-07-03 18:00:00,12600.0,30.4,0.0
2025-07-03 19:00:00,12700.0,29.6,0.0
2025-07-03 20:00:00,12833.333333333334,28.1,0.0
2025-07-03 21:00:00,12900.0,26.5,0.0
2025-07-03 22:00:00,13008.333333333334,25.5,0.0
2025-07-03 23:00:00,13133.333333333334,24.9,0.0
2025-07-04 00:00:00,13316.666666666666,24.0,0.0
2025-07-04 01:00:00,13591.666666666666,23.3,0.0
2025-07-04 02:00:00,13933.333333333334,22.3,0.0
2025-07-04 03:00:00,14291.666666666666,21.5,0.0
2025-07-04 04:00:00,14575.0,20.8,0.0
2025-07-04 05:00:00,14816.666666666666,20.3,0.0
2025-07-04 06:00:00,15016.666666666666,19.7,0.0
2025-07-04 07:00:00,15150.0,20.2,0.0
2025-07-04 08:00:00,15200.0,21.9,0.0
2025-07-04 09:00:00,15200.0,24.6,0.0
2025-07-04 10:00:00,15200.0,26.4,0.0
2025-07-04 11:00:00,15200.0,27.4,0.0
2025-07-04 12:00:00,15150.0,28.2,0.0
2025-07-04 13:00:00,15100.0,29.0,0.0
2025-07-04 14:00:00,15100.0,29.6,0.0
2025-07-04 15:00:00,15100.0,30.2,0.0
2025-07-04 16:00:00,15125.0,30.4,0.0
2025-07-04 17:00:00,15266.666666666666,30.4,0.0
2025-07-04 18:00:00,15458.333333333334,30.0,0.0
2025-07-04 19:00:00,15766.666666666666,29.3,0.0
2025-07-04 20:00:00,16158.333333333334,26.8,0.0
2025-07-04 21:00:00,16416.666666666668,25.2,0.0
2025-07-04 22:00:00,16700.0,23.6,0.0
2025-07-04 23:00:00,17000.0,22.5,0.0
2025-07-05 00:00:00,17158.333333333332,22.0,0.0
2025-07-05 01:00:00,17275.0,21.6,0.0
2025-07-05 02:00:00,17333.333333333332,21.4,0.0
2025-07-05 03:00:00,17300.0,21.2,0.0
2025-07-05 04:00:00,17233.333333333332,20.7,0.0
2025-07-05 05:00:00,17166.666666666668,19.8,0.0
2025-07-05 06:00:00,17050.0,19.3,0.0
2025-07-05 07:00:00,16908.333333333332,20.4,0.0
2025-07-05 08:00:00,16675.0,22.3,0.0
2025-07-05 09:00:00,16475.0,24.3,0.0
2025-07-05 10:00:00,16300.0,27.0,0.0
2025-07-05 11:00:00,16066.666666666666,28.5,0.0
2025-07-05 12:00:00,15808.333333333334,29.7,0.0
2025-07-05 13:00:00,15483.333333333334,30.7,0.0
2025-07-05 14:00:00,15225.0,31.3,0.0
2025-07-05 15:00:00,15016.666666666666,31.7,0.0
2025-07-05 16:00:00,14825.0,31.9,0.0
2025-07-05 17:00:00,14633.333333333334,31.7,0.0
2025-07-05 18:00:00,14416.666666666666,31.3,0.0
2025-07-05 19:00:00,14241.666666666666,30.4,0.0
2025-07-05 20:00:00,13991.666666666666,28.9,0.0
2025-07-05 21:00:00,13825.0,26.3,0.0
2025-07-05 22:00:00,13533.333333333334,25.0,0.0
2025-07-05 23:00:00,13358.333333333334,24.0,0.0
2025-07-06 00:00:00,13150.0,23.1,0.0
2025-07-06 01:00:00,12950.0,22.4,0.0
2025-07-06 02:00:00,12783.333333333334,21.7,0.0
2025-07-06 03:00:00,12575.0,21.2,0.0
2025-07-06 04:00:00,12425.0,20.8,0.0
2025-07-06 05:00:00,12308.333333333334,20.3,0.0
2025-07-06 06:00:00,12116.666666666666,19.6,0.0
2025-07-06 07:00:00,11916.666666666666,20.8,0.0
2025-07-06 08:00:00,11791.666666666666,22.7,0.0
2025-07-06 09:00:00,11658.333333333334,24.6,0.0
2025-07-06 10:00:00,11483.333333333334,26.4,0.0
2025-07-06 11:00:00,11366.666666666666,28.0,0.0
2025-07-06 12:00:00,11250.0,29.5,0.1
2025-07-06 13:00:00,11108.333333333334,30.4,0.6
2025-07-06 14:00:00,10983.333333333334,30.5,0.6
2025-07-06 15:00:00,10850.0,31.2,0.1
2025-07-06 16:00:00,10750.0,31.7,0.1
2025-07-06 17:00:00,10700.0,31.5,0.0
2025-07-06 18:00:00,10616.666666666666,31.2,0.0
2025-07-06 19:00:00,10483.333333333334,30.6,0.0
2025-07-06 20:00:00,10358.333333333334,29.1,0.0
2025-07-06 21:00:00,10225.0,27.0,0.0
2025-07-06 22:00:00,10133.333333333334,26.7,0.0
2025-07-06 23:00:00,9985.0,25.9,0.0
2025-07-07 00:00:00,9829.166666666666,25.4,0.0
2025-07-07 01:00:00,9677.5,25.0,0.0
2025-07-07 02:00:00,9572.5,24.7,0.0
2025-07-07 03:00:00,9467.5,24.3,0.0
2025-07-07 04:00:00,9370.0,24.2,0.0
2025-07-07 05:00:00,9256.666666666666,23.9,0.0
2025-07-07 06:00:00,9180.0,23.5,0.0
2025-07-07 07:00:00,9097.5,24.2,0.1
2025-07-07 08:00:00,9000.0,25.0,0.1
2025-07-07 09:00:00,8913.333333333334,26.7,0.3
2025-07-07 10:00:00,8822.5,26.4,0.6
2025-07-07 11:00:00,8755.0,25.8,1.3
2025-07-07 12:00:00,8687.5,25.5,1.8
2025-07-07 13:00:00,8620.0,28.1,0.6
2025-07-07 14:00:00,8560.0,29.9,0.1
2025-07-07 15:00:00,8530.0,30.7,0.1
2025-07-07 16:00:00,8455.0,31.2,0.0
2025-07-07 17:00:00,8374.166666666666,31.6,0.0
2025-07-07 18:00:00,8330.0,31.7,0.0
2025-07-07 19:00:00,8250.0,31.6,0.0
2025-07-07 20:00:00,8190.0,30.3,0.0
2025-07-07 21:00:00,8122.5,28.7,0.4
2025-07-07 22:00:00,8053.333333333333,28.0,0.0
2025-07-07 23:00:00,7975.0,27.3,0.3
2025-07-08 00:00:00,7930.0,26.6,0.0
2025-07-08 01:00:00,7850.0,26.1,0.0
2025-07-08 02:00:00,7782.5,25.3,0.0
2025-07-08 03:00:00,7713.333333333333,24.7,0.0
2025-07-08 04:00:00,7666.666666666667,24.3,0.0
2025-07-08 05:00:00,7600.0,23.9,0.0
2025-07-08 06:00:00,7510.833333333333,23.8,0.0
2025-07-08 07:00:00,7450.0,24.8,0.0
2025-07-08 08:00:00,7390.0,26.4,0.0
2025-07-08 09:00:00,7336.666666666667,28.9,0.0
2025-07-08 10:00:00,7270.0,30.7,0.0
2025-07-08 11:00:00,7210.0,32.1,0.0
2025-07-08 12:00:00,7183.333333333333,33.1,0.0
2025-07-08 13:00:00,7123.333333333333,34.1,0.0
2025-07-08 14:00:00,7110.0,34.8,0.0
2025-07-08 15:00:00,7110.0,35.1,0.0
2025-07-08 16:00:00,7110.0,34.0,0.0
2025-07-08 17:00:00,7036.666666666667,28.7,3.7
2025-07-08 18:00:00,6983.333333333333,29.2,0.2
2025-07-08 19:00:00,6930.0,29.2,0.0
2025-07-08 20:00:00,6883.333333333333,28.7,0.0
2025-07-08 21:00:00,6950.0,25.9,0.9
2025-07-08 22:00:00,6950.0,25.2,0.1
2025-07-08 23:00:00,6956.666666666667,24.4,0.3
2025-07-09 00:00:00,7110.0,24.0,0.0
2025-07-09 01:00:00,7190.0,23.3,0.0
2025-07-09 02:00:00,7183.333333333333,23.0,0.0
2025-07-09 03:00:00,7116.666666666667,22.9,0.0
2025-07-09 04:00:00,7156.666666666667,22.7,0.0
2025-07-09 05:00:00,7256.666666666667,22.8,0.0
2025-07-09 06:00:00,7270.0,22.9,0.0
2025-07-09 07:00:00,7216.666666666667,23.7,0.0
2025-07-09 08:00:00,7136.666666666667,25.1,0.0
2025-07-09 09:00:00,7076.666666666667,27.0,0.0
2025-07-09 10:00:00,7030.0,28.9,0.0
2025-07-09 11:00:00,6976.666666666667,30.3,0.0
2025-07-09 12:00:00,6950.0,31.1,0.0
2025-07-09 13:00:00,6950.0,31.9,0.0
2025-07-09 14:00:00,6950.0,32.7,0.0
2025-07-09 15:00:00,6916.666666666667,33.4,0.0
2025-07-09 16:00:00,6903.333333333333,31.9,0.0
2025-07-09 17:00:00,6870.0,26.3,5.2
2025-07-09 18:00:00,6870.0,25.0,0.9
2025-07-09 19:00:00,6870.0,25.2,1.3
2025-07-09 20:00:00,6803.333333333333,24.5,5.9
2025-07-09 21:00:00,6783.333333333333,23.6,0.8
2025-07-09 22:00:00,6750.0,23.7,0.4
2025-07-09 23:00:00,7036.666666666667,23.2,0.2
2025-07-10 00:00:00,7230.0,23.0,0.1
2025-07-10 01:00:00,7410.0,22.8,0.0
2025-07-10 02:00:00,7350.0,22.7,0.0
2025-07-10 03:00:00,7417.5,22.7,0.0
2025-07-10 04:00:00,7587.5,22.2,0.0
2025-07-10 05:00:00,7937.5,22.2,0.1
2025-07-10 06:00:00,8287.5,22.0,0.0
2025-07-10 07:00:00,8510.0,22.7,0.0
2025-07-10 08:00:00,8540.0,23.7,0.4
2025-07-10 09:00:00,8430.833333333334,24.4,0.1
2025-07-10 10:00:00,8257.5,25.1,0.1
2025-07-10 11:00:00,8072.5,25.2,0.2
2025-07-10 12:00:00,7910.0,25.6,0.2
2025-07-10 13:00:00,7783.333333333333,26.3,0.0
2025-07-10 14:00:00,7645.0,25.8,0.0
2025-07-10 15:00:00,7513.333333333333,25.9,0.1
2025-07-10 16:00:00,7413.333333333333,27.4,0.0
2025-07-10 17:00:00,7307.5,27.8,0.0
2025-07-10 18:00:00,7223.333333333333,27.9,0.0
2025-07-10 19:00:00,7143.333333333333,27.4,0.4
2025-07-10 20:00:00,7110.0,26.4,0.0
2025-07-10 21:00:00,7050.0,25.1,0.1
2025-07-10 22:00:00,7023.333333333333,24.6,0.0
2025-07-10 23:00:00,6950.0,24.2,0.0
2025-07-11 00:00:00,6950.0,23.6,0.0
2025-07-11 01:00:00,6910.0,23.1,0.0
2025-07-11 02:00:00,6870.0,22.8,0.0
2025-07-11 03:00:00,6870.0,22.5,0.0
2025-07-11 04:00:00,6823.333333333333,22.3,0.0
2025-07-11 05:00:00,6760.833333333333,22.3,0.0
2025-07-11 06:00:00,6713.333333333333,22.4,0.0
2025-07-11 07:00:00,6646.666666666667,22.5,0.0
2025-07-11 08:00:00,6640.0,22.9,0.0
2025-07-11 09:00:00,6573.333333333333,25.2,0.0
2025-07-11 10:00:00,6560.0,26.8,0.0
2025-07-11 11:00:00,6493.333333333333,28.0,0.1
2025-07-11 12:00:00,6474.166666666667,29.1,0.0
2025-07-11 13:00:00,6410.0,29.8,0.0
2025-07-11 14:00:00,6396.666666666667,30.3,0.0
2025-07-11 15:00:00,6350.0,30.7,0.0
2025-07-11 16:00:00,6330.0,30.7,0.0
2025-07-11 17:00:00,6330.0,30.3,0.1
2025-07-11 18:00:00,6330.0,29.6,0.0
2025-07-11 19:00:00,6343.333333333333,29.3,0.0
2025-07-11 20:00:00,6376.666666666667,29.0,0.0
2025-07-11 21:00:00,6410.0,25.9,0.1
2025-07-11 22:00:00,6410.0,25.8,0.0
2025-07-11 23:00:00,6410.0,25.9,0.0
2025-07-12 00:00:00,6410.0,25.3,0.0
2025-07-12 01:00:00,6430.0,24.7,0.0
2025-07-12 02:00:00,6450.0,24.4,0.0
2025-07-12 03:00:00,6443.333333333333,23.9,0.0
2025-07-12 04:00:00,6410.0,23.9,0.0
2025-07-12 05:00:00,6410.0,23.5,0.0
2025-07-12 06:00:00,6376.666666666667,23.2,0.0
2025-07-12 07:00:00,6330.0,23.7,0.0
2025-07-12 08:00:00,6330.0,24.9,0.0
2025-07-12 09:00:00,6330.0,25.4,0.1
2025-07-12 10:00:00,6330.0,26.2,0.6
2025-07-12 11:00:00,6330.0,24.2,5.2
2025-07-12 12:00:00,6283.333333333333,26.5,0.1
2025-07-12 13:00:00,6260.0,28.0,0.0
2025-07-12 14:00:00,6240.0,29.1,0.0
2025-07-12 15:00:00,6180.0,30.4,0.1
2025-07-12 16:00:00,6180.0,30.9,0.0
2025-07-12 17:00:00,6180.0,30.8,0.0
2025-07-12 18:00:00,6180.0,28.9,0.5
2025-07-12 19:00:00,6180.0,28.5,0.0
2025-07-12 20:00:00,6199.166666666667,27.8,0.0
2025-07-12 21:00:00,6333.333333333333,25.7,0.0
2025-07-12 22:00:00,7406.666666666667,25.3,0.1
2025-07-12 23:00:00,9630.0,24.3,0.6
2025-07-13 00:00:00,10008.333333333334,23.6,0.1
2025-07-13 01:00:00,9994.166666666666,23.2,0.0
2025-07-13 02:00:00,9880.0,23.0,0.0
2025-07-13 03:00:00,9675.0,22.8,0.0
2025-07-13 04:00:00,9517.5,22.5,0.0
2025-07-13 05:00:00,9359.166666666666,22.2,0.0
2025-07-13 06:00:00,9230.0,22.1,0.0
2025-07-13 07:00:00,9080.0,22.8,0.0
2025-07-13 08:00:00,8870.0,24.2,0.0
2025-07-13 09:00:00,8621.666666666666,24.0,3.1
2025-07-13 10:00:00,8280.833333333334,24.9,0.0
2025-07-13 11:00:00,7742.5,26.1,0.1
2025-07-13 12:00:00,7233.333333333333,27.3,0.1
2025-07-13 13:00:00,6900.0,29.0,0.1
2025-07-13 14:00:00,6693.333333333333,26.8,1.6
2025-07-13 15:00:00,6581.666666666667,27.6,0.0
2025-07-13 16:00:00,6496.666666666667,28.3,0.1
2025-07-13 17:00:00,6404.166666666667,27.7,0.1
2025-07-13 18:00:00,6345.833333333333,28.1,0.0
2025-07-13 19:00:00,6340.0,27.7,0.0
2025-07-13 20:00:00,6340.0,27.0,0.0
2025-07-13 21:00:00,6300.0,26.5,0.0
2025-07-13 22:00:00,6266.666666666667,26.1,0.0
2025-07-13 23:00:00,6266.666666666667,24.7,2.2
2025-07-14 00:00:00,6186.666666666667,23.6,0.0
2025-07-14 01:00:00,6200.0,23.3,0.0
2025-07-14 02:00:00,6280.0,23.1,0.0
2025-07-14 03:00:00,6357.5,23.1,0.0
2025-07-14 04:00:00,6410.0,23.1,0.0
2025-07-14 05:00:00,6410.0,22.8,0.0
2025-07-14 06:00:00,6423.333333333333,23.0,0.0
2025-07-14 07:00:00,6410.0,23.4,0.0
2025-07-14 08:00:00,6410.0,24.6,0.1
2025-07-14 09:00:00,6410.0,26.3,0.0
2025-07-14 10:00:00,6410.0,27.7,0.1
2025-07-14 11:00:00,6363.333333333333,28.6,0.1
2025-07-14 12:00:00,6333.333333333333,29.2,0.1
2025-07-14 13:00:00,6266.666666666667,29.9,0.2
2025-07-14 14:00:00,6242.5,30.7,0.2
2025-07-14 15:00:00,6195.0,28.6,6.6
2025-07-14 16:00:00,6130.0,27.6,3.2
2025-07-14 17:00:00,6104.166666666667,28.1,0.2
2025-07-14 18:00:00,6057.5,26.9,0.6
2025-07-14 19:00:00,6051.666666666667,25.5,4.4
2025-07-14 20:00:00,6040.0,24.2,4.5
2025-07-14 21:00:00,6089.166666666667,24.2,0.6
2025-07-14 22:00:00,7220.833333333333,24.0,0.5
2025-07-14 23:00:00,11243.333333333334,23.9,0.2
2025-07-15 00:00:00,12583.333333333334,23.5,0.0
2025-07-15 01:00:00,10587.5,23.3,0.0
2025-07-15 02:00:00,9165.833333333334,23.2,0.0
2025-07-15 03:00:00,8605.0,23.0,0.0
2025-07-15 04:00:00,8235.833333333334,23.0,0.0
2025-07-15 05:00:00,7754.166666666667,23.0,0.0
2025-07-15 06:00:00,7285.833333333333,22.9,0.0
2025-07-15 07:00:00,6928.333333333333,23.3,0.0
2025-07-15 08:00:00,6716.666666666667,24.2,0.0
2025-07-15 09:00:00,6576.666666666667,24.9,0.0
2025-07-15 10:00:00,6437.5,26.3,0.1
2025-07-15 11:00:00,6326.666666666667,27.5,0.1
2025-07-15 12:00:00,6260.0,28.7,0.1
2025-07-15 13:00:00,6230.833333333333,29.6,0.0
2025-07-15 14:00:00,6207.5,30.4,0.0
2025-07-15 15:00:00,6190.0,30.3,0.0
2025-07-15 16:00:00,6201.666666666667,30.4,0.2
2025-07-15 17:00:00,6242.5,30.2,0.1
2025-07-15 18:00:00,6260.0,28.8,0.1
2025-07-15 19:00:00,6273.333333333333,28.1,0.0
2025-07-15 20:00:00,6333.333333333333,27.3,0.0
2025-07-15 21:00:00,6340.0,26.5,0.0
2025-07-15 22:00:00,6413.333333333333,25.9,0.0
2025-07-15 23:00:00,6420.0,25.2,0.0
2025-07-16 00:00:00,6460.0,24.6,0.0
2025-07-16 01:00:00,6511.666666666667,24.3,0.0
2025-07-16 02:00:00,6590.0,24.0,0.0
2025-07-16 03:00:00,6676.666666666667,23.7,0.0
2025-07-16 04:00:00,6796.666666666667,23.3,0.0
2025-07-16 05:00:00,7016.666666666667,23.2,0.0
2025-07-16 06:00:00,7236.666666666667,23.2,0.0
2025-07-16 07:00:00,7383.333333333333,23.6,0.0
2025-07-16 08:00:00,7523.333333333333,24.4,0.0
2025-07-16 09:00:00,7695.0,25.0,0.0
2025-07-16 10:00:00,7843.333333333333,26.5,0.1
2025-07-16 11:00:00,7972.5,27.8,0.1
2025-07-16 12:00:00,8100.833333333333,29.0,0.0
2025-07-16 13:00:00,8225.0,30.1,0.0
2025-07-16 14:00:00,8300.0,30.8,0.0
2025-07-16 15:00:00,8388.333333333334,30.7,0.0
2025-07-16 16:00:00,8507.5,30.1,0.8
2025-07-16 17:00:00,8627.5,27.0,1.9
2025-07-16 18:00:00,8730.0,26.9,0.0
2025-07-16 19:00:00,8820.0,26.5,0.1
2025-07-16 20:00:00,8947.5,26.3,0.0
2025-07-16 21:00:00,9090.0,27.7,0.1
2025-07-16 22:00:00,9232.5,26.5,1.1
2025-07-16 23:00:00,9362.5,26.3,0.9
2025-07-17 00:00:00,9550.0,25.8,0.0
2025-07-17 01:00:00,9740.0,25.3,0.0
2025-07-17 02:00:00,9955.833333333334,25.2,0.0
2025-07-17 03:00:00,10400.0,25.1,0.0
2025-07-17 04:00:00,10750.0,25.0,0.0
2025-07-17 05:00:00,10900.0,24.9,0.0
2025-07-17 06:00:00,10900.0,24.6,0.0
2025-07-17 07:00:00,11016.666666666666,25.1,0.0
2025-07-17 08:00:00,11125.0,26.3,0.0
2025-07-17 09:00:00,11200.0,27.1,0.0
2025-07-17 10:00:00,11158.333333333334,29.1,0.0
2025-07-17 11:00:00,11066.666666666666,30.9,0.0
2025-07-17 12:00:00,10908.333333333334,31.8,0.0
2025-07-17 13:00:00,10700.0,32.6,0.0
2025-07-17 14:00:00,10525.0,33.3,0.0
2025-07-17 15:00:00,10400.0,33.3,0.0
2025-07-17 16:00:00,10300.0,32.7,0.1
2025-07-17 17:00:00,10358.333333333334,29.4,0.2
2025-07-17 18:00:00,10575.0,29.0,0.0
2025-07-17 19:00:00,11008.333333333334,28.7,0.1
2025-07-17 20:00:00,11500.0,28.2,0.0
2025-07-17 21:00:00,11983.333333333334,26.0,1.7
2025-07-17 22:00:00,12300.0,25.3,0.4
2025-07-17 23:00:00,12483.333333333334,25.6,0.0
2025-07-18 00:00:00,12575.0,25.7,0.0
2025-07-18 01:00:00,12533.333333333334,25.4,0.0
2025-07-18 02:00:00,12408.333333333334,25.0,0.0
2025-07-18 03:00:00,12250.0,24.9,0.0
2025-07-18 04:00:00,12058.333333333334,24.6,0.0
2025-07-18 05:00:00,11941.666666666666,24.5,0.0
2025-07-18 06:00:00,11900.0,24.2,0.0
2025-07-18 07:00:00,11983.333333333334,24.5,0.0
2025-07-18 08:00:00,12241.666666666666,25.5,0.0
2025-07-18 09:00:00,12575.0,27.3,0.0
2025-07-18 10:00:00,12991.666666666666,28.0,0.1
2025-07-18 11:00:00,13416.666666666666,28.8,0.0
2025-07-18 12:00:00,13816.666666666666,29.3,0.1
2025-07-18 13:00:00,14191.666666666666,28.9,0.1
2025-07-18 14:00:00,14575.0,30.0,0.0
2025-07-18 15:00:00,14933.333333333334,30.4,0.0
2025-07-18 16:00:00,15350.0,29.5,0.1
2025-07-18 17:00:00,15633.333333333334,27.5,0.6
2025-07-18 18:00:00,15900.0,26.5,0.4
2025-07-18 19:00:00,16133.333333333334,26.6,0.9
2025-07-18 20:00:00,16366.666666666666,26.2,0.0
2025-07-18 21:00:00,16566.666666666668,24.5,6.1
2025-07-18 22:00:00,16600.0,24.0,3.4
2025-07-18 23:00:00,16600.0,23.8,0.1
2025-07-19 00:00:00,16591.666666666668,23.5,0.0
2025-07-19 01:00:00,16508.333333333332,23.3,0.0
2025-07-19 02:00:00,16341.666666666666,22.9,0.0
2025-07-19 03:00:00,16166.666666666666,22.9,0.0
2025-07-19 04:00:00,16033.333333333334,22.5,0.0
2025-07-19 05:00:00,15908.333333333334,22.3,0.0
2025-07-19 06:00:00,15783.333333333334,22.1,0.0
2025-07-19 07:00:00,15675.0,22.8,0.0
2025-07-19 08:00:00,15566.666666666666,24.1,0.0
2025-07-19 09:00:00,15475.0,25.6,0.1
2025-07-19 10:00:00,15400.0,26.0,0.1
2025-07-19 11:00:00,15350.0,27.6,0.0
2025-07-19 12:00:00,15275.0,28.6,0.0
2025-07-19 13:00:00,15200.0,29.0,0.0
2025-07-19 14:00:00,15016.666666666666,28.5,0.1
2025-07-19 15:00:00,14975.0,29.4,0.0
2025-07-19 16:00:00,14908.333333333334,28.9,0.0
2025-07-19 17:00:00,14800.0,28.7,0.0
2025-07-19 18:00:00,14666.666666666666,26.7,7.8
2025-07-19 19:00:00,14525.0,26.5,0.3
2025-07-19 20:00:00,14441.666666666666,26.2,0.0
2025-07-19 21:00:00,14675.0,24.4,2.7
2025-07-19 22:00:00,15525.0,24.0,0.1
2025-07-19 23:00:00,19433.333333333332,23.5,0.0
2025-07-20 00:00:00,22291.666666666668,23.2,0.0
2025-07-20 01:00:00,21433.333333333332,22.8,0.0
2025-07-20 02:00:00,19783.333333333332,22.5,0.0
2025-07-20 03:00:00,17950.0,23.0,0.0
2025-07-20 04:00:00,16941.666666666668,23.2,0.0
2025-07-20 05:00:00,15858.333333333334,23.2,0.0
2025-07-20 06:00:00,15008.333333333334,23.2,0.0
2025-07-20 07:00:00,14475.0,23.2,0.0
2025-07-20 08:00:00,14283.333333333334,23.8,0.0
2025-07-20 09:00:00,14200.0,25.9,0.2
2025-07-20 10:00:00,14283.333333333334,26.6,0.2
2025-07-20 11:00:00,14350.0,27.4,0.0
2025-07-20 12:00:00,14408.333333333334,29.0,0.0
2025-07-20 13:00:00,14425.0,30.4,0.0
2025-07-20 14:00:00,14416.666666666666,31.0,0.1
2025-07-20 15:00:00,14433.333333333334,30.6,0.2
2025-07-20 16:00:00,14383.333333333334,30.8,0.1
2025-07-20 17:00:00,14275.0,31.6,0.0
2025-07-20 18:00:00,14158.333333333334,31.1,0.0
2025-07-20 19:00:00,14075.0,30.5,0.0
2025-07-20 20:00:00,13950.0,29.0,0.0
2025-07-20 21:00:00,13800.0,27.2,0.0
2025-07-20 22:00:00,13658.333333333334,26.6,0.0
2025-07-20 23:00:00,13533.333333333334,26.3,0.0
2025-07-21 00:00:00,13341.666666666666,26.0,0.0
2025-07-21 01:00:00,13158.333333333334,25.3,0.0
2025-07-21 02:00:00,12983.333333333334,25.2,0.0
2025-07-21 03:00:00,12833.333333333334,24.9,0.0
2025-07-21 04:00:00,12666.666666666666,24.6,0.0
2025-07-21 05:00:00,12558.333333333334,24.1,0.0
2025-07-21 06:00:00,12466.666666666666,23.6,0.0
2025-07-21 07:00:00,12491.666666666666,23.6,0.0
2025-07-21 08:00:00,12558.333333333334,24.1,0.0
2025-07-21 09:00:00,12741.666666666666,24.3,0.1
2025-07-21 10:00:00,12958.333333333334,24.4,0.0
2025-07-21 11:00:00,13141.666666666666,25.5,0.0
2025-07-21 12:00:00,13333.333333333334,26.8,0.0
2025-07-21 13:00:00,13475.0,27.5,0.1
2025-07-21 14:00:00,13600.0,28.3,0.1
2025-07-21 15:00:00,13683.333333333334,29.2,0.0
2025-07-21 16:00:00,13725.0,29.6,0.0
2025-07-21 17:00:00,13800.0,29.7,0.0
2025-07-21 18:00:00,13883.333333333334,29.7,0.0
2025-07-21 19:00:00,13916.666666666666,28.7,0.0
2025-07-21 20:00:00,13958.333333333334,26.8,0.0
2025-07-21 21:00:00,14066.666666666666,25.5,0.0
2025-07-21 22:00:00,14183.333333333334,24.5,0.0
2025-07-21 23:00:00,14308.333333333334,23.6,0.0
2025-07-22 00:00:00,14450.0,23.2,0.0
2025-07-22 01:00:00,14641.666666666666,22.4,0.0
2025-07-22 02:00:00,14816.666666666666,21.8,0.0
2025-07-22 03:00:00,15058.333333333334,21.4,0.0
2025-07-22 04:00:00,15150.0,21.2,0.0
2025-07-22 05:00:00,15225.0,20.8,0.0
2025-07-22 06:00:00,15300.0,20.3,0.0
2025-07-22 07:00:00,15325.0,20.3,0.0
2025-07-22 08:00:00,15391.666666666666,21.2,0.0
2025-07-22 09:00:00,15433.333333333334,22.4,0.0
2025-07-22 10:00:00,15500.0,24.1,0.0
2025-07-22 11:00:00,15558.333333333334,25.7,0.0
2025-07-22 12:00:00,15641.666666666666,27.0,0.0
2025-07-22 13:00:00,15733.333333333334,28.0,0.0
2025-07-22 14:00:00,15825.0,28.2,0.0
2025-07-22 15:00:00,15891.666666666666,28.5,0.0
2025-07-22 16:00:00,15900.0,29.1,0.0
2025-07-22 17:00:00,15891.666666666666,29.1,0.0
2025-07-22 18:00:00,15825.0,29.0,0.0
2025-07-22 19:00:00,15758.333333333334,27.2,0.0
2025-07-22 20:00:00,15658.333333333334,25.4,0.0
2025-07-22 21:00:00,15533.333333333334,24.8,0.0
2025-07-22 22:00:00,15341.666666666666,24.3,0.0
2025-07-22 23:00:00,15183.333333333334,23.5,0.0
2025-07-23 00:00:00,15033.333333333334,22.9,0.0
2025-07-23 01:00:00,14750.0,22.4,0.0
2025-07-23 02:00:00,14541.666666666666,21.7,0.0
2025-07-23 03:00:00,14175.0,21.5,0.0
2025-07-23 04:00:00,13958.333333333334,21.2,0.0
2025-07-23 05:00:00,13783.333333333334,21.1,0.0
2025-07-23 06:00:00,13658.333333333334,20.9,0.0
2025-07-23 07:00:00,13708.333333333334,21.4,0.0
2025-07-23 08:00:00,13566.666666666666,22.8,0.0
2025-07-23 09:00:00,13441.666666666666,24.3,0.1
2025-07-23 10:00:00,13308.333333333334,25.5,0.1
2025-07-23 11:00:00,13175.0,26.2,0.1
2025-07-23 12:00:00,13041.666666666666,27.5,0.0
2025-07-23 13:00:00,12891.666666666666,28.5,0.0
2025-07-23 14:00:00,12750.0,28.9,0.0
2025-07-23 15:00:00,12608.333333333334,28.9,0.0
2025-07-23 16:00:00,12475.0,29.0,0.0
2025-07-23 17:00:00,12358.333333333334,29.1,0.0
2025-07-23 18:00:00,12208.333333333334,29.1,0.0
2025-07-23 19:00:00,12100.0,28.1,0.0
2025-07-23 20:00:00,12000.0,26.6,0.0
2025-07-23 21:00:00,11916.666666666666,25.1,0.0
2025-07-23 22:00:00,11816.666666666666,24.3,0.0
2025-07-23 23:00:00,11691.666666666666,23.5,0.0
2025-07-24 00:00:00,11550.0,23.0,0.0
2025-07-24 01:00:00,11433.333333333334,22.6,0.0
2025-07-24 02:00:00,11333.333333333334,22.3,0.0
2025-07-24 03:00:00,11191.666666666666,21.9,0.0
2025-07-24 04:00:00,11083.333333333334,21.6,0.0
2025-07-24 05:00:00,10950.0,21.2,0.0
2025-07-24 06:00:00,10808.333333333334,20.9,0.0
2025-07-24 07:00:00,10658.333333333334,21.3,0.0
2025-07-24 08:00:00,10541.666666666666,22.7,0.0
2025-07-24 09:00:00,10433.333333333334,24.2,0.0
2025-07-24 10:00:00,10341.666666666666,26.1,0.0
2025-07-24 11:00:00,10208.333333333334,27.9,0.0
2025-07-24 12:00:00,10108.333333333334,29.3,0.0
2025-07-24 13:00:00,9990.0,30.6,0.0
2025-07-24 14:00:00,9895.0,31.9,0.0
2025-07-24 15:00:00,9790.0,32.3,0.0
2025-07-24 16:00:00,9685.0,32.0,0.0
2025-07-24 17:00:00,9637.5,31.9,0.0
2025-07-24 18:00:00,9570.0,31.9,0.0
2025-07-24 19:00:00,9525.0,31.4,0.0
2025-07-24 20:00:00,9450.0,29.5,0.0
2025-07-24 21:00:00,9352.5,27.3,0.0
2025-07-24 22:00:00,9277.5,26.5,0.0
2025-07-24 23:00:00,9172.5,25.7,0.0
2025-07-25 00:00:00,9097.5,25.1,0.0
2025-07-25 01:00:00,9015.0,24.7,0.0
2025-07-25 02:00:00,8902.5,24.3,0.0
2025-07-25 03:00:00,8820.0,24.0,0.0
2025-07-25 04:00:00,8737.5,23.5,0.0
2025-07-25 05:00:00,8655.0,23.2,0.0
2025-07-25 06:00:00,8540.0,22.8,0.0
2025-07-25 07:00:00,8455.0,23.3,0.0
2025-07-25 08:00:00,8365.0,24.8,0.0
2025-07-25 09:00:00,8280.0,27.6,0.0
2025-07-25 10:00:00,8202.5,29.5,0.2
2025-07-25 11:00:00,8135.0,32.1,0.0
2025-07-25 12:00:00,8060.0,34.0,0.0
2025-07-25 13:00:00,7993.333333333333,35.1,0.0
2025-07-25 14:00:00,7972.5,35.8,0.0
2025-07-25 15:00:00,7912.5,33.9,0.5
2025-07-25 16:00:00,7856.666666666667,34.0,0.1
2025-07-25 17:00:00,7790.0,34.5,0.0
2025-07-25 18:00:00,7736.666666666667,34.5,0.0
2025-07-25 19:00:00,7722.5,34.1,0.0
2025-07-25 20:00:00,7677.5,32.5,0.0
2025-07-25 21:00:00,7613.333333333333,27.2,0.2
2025-07-25 22:00:00,7560.0,27.6,0.0
2025-07-25 23:00:00,7513.333333333333,27.6,0.0
2025-07-26 00:00:00,7426.666666666667,27.4,0.0
2025-07-26 01:00:00,7362.5,26.9,0.0
2025-07-26 02:00:00,7313.333333333333,26.4,0.0
2025-07-26 03:00:00,7210.0,25.9,0.0
2025-07-26 04:00:00,7150.0,25.5,0.0
2025-07-26 05:00:00,7070.0,25.0,0.0
2025-07-26 06:00:00,7010.0,24.6,0.0
2025-07-26 07:00:00,6990.0,25.0,0.0
2025-07-26 08:00:00,6970.0,26.4,0.0
2025-07-26 09:00:00,6910.0,28.0,0.0
2025-07-26 10:00:00,6910.0,29.4,0.0
2025-07-26 11:00:00,6850.0,30.5,0.0
2025-07-26 12:00:00,6824.166666666667,31.5,0.0
2025-07-26 13:00:00,6760.0,32.5,0.0
2025-07-26 14:00:00,6733.333333333333,32.5,0.0
2025-07-26 15:00:00,6680.0,30.9,0.0
2025-07-26 16:00:00,6680.0,29.6,0.4
2025-07-26 17:00:00,6680.0,29.5,1.8
2025-07-26 18:00:00,6673.333333333333,30.0,0.0
2025-07-26 19:00:00,6613.333333333333,29.9,0.0
2025-07-26 20:00:00,6600.0,29.2,0.0
2025-07-26 21:00:00,6573.333333333333,27.8,0.0
2025-07-26 22:00:00,6526.666666666667,26.2,6.2
2025-07-26 23:00:00,6467.5,26.1,0.2
2025-07-27 00:00:00,6350.0,25.2,3.3
2025-07-27 01:00:00,6278.333333333333,25.4,0.1
2025-07-27 02:00:00,6220.0,24.9,0.1
2025-07-27 03:00:00,6153.333333333333,25.2,0.0
2025-07-27 04:00:00,6128.333333333333,25.1,0.0
2025-07-27 05:00:00,6081.666666666667,25.0,0.0
2025-07-27 06:00:00,6081.666666666667,24.9,0.0
2025-07-27 07:00:00,6745.833333333333,25.0,0.0
2025-07-27 08:00:00,7173.333333333333,26.0,0.1
2025-07-27 09:00:00,7273.333333333333,27.1,0.0
2025-07-27 10:00:00,7433.333333333333,28.7,0.0
2025-07-27 11:00:00,7525.0,29.8,0.0
2025-07-27 12:00:00,7570.0,31.3,0.1
2025-07-27 13:00:00,7590.0,32.1,0.1
2025-07-27 14:00:00,7583.333333333333,32.6,0.0
2025-07-27 15:00:00,7570.0,33.7,0.0
2025-07-27 16:00:00,7510.0,34.0,0.0
2025-07-27 17:00:00,7635.0,27.4,3.1
2025-07-27 18:00:00,7896.666666666667,27.5,0.2
2025-07-27 19:00:00,8070.0,27.9,0.0
2025-07-27 20:00:00,7916.666666666667,27.2,2.4
2025-07-27 21:00:00,7725.0,25.8,0.0
2025-07-27 22:00:00,7525.0,25.7,0.0
2025-07-27 23:00:00,7353.333333333333,25.4,0.0
2025-07-28 00:00:00,7200.0,25.5,0.0
2025-07-28 01:00:00,7066.666666666667,25.8,0.0
2025-07-28 02:00:00,6960.0,25.8,0.0
2025-07-28 03:00:00,6920.0,25.4,0.0
2025-07-28 04:00:00,6860.0,24.9,0.0
2025-07-28 05:00:00,6840.0,24.6,0.0
2025-07-28 06:00:00,6840.0,24.2,0.0
2025-07-28 07:00:00,6793.333333333333,24.4,0.0
2025-07-28 08:00:00,6733.333333333333,25.5,0.0
2025-07-28 09:00:00,6640.0,27.3,0.0
2025-07-28 10:00:00,6553.333333333333,29.1,0.0
2025-07-28 11:00:00,6443.333333333333,30.4,0.0
2025-07-28 12:00:00,6340.833333333333,31.3,0.0
2025-07-28 13:00:00,6260.0,32.2,0.0
2025-07-28 14:00:00,6220.0,33.1,0.0
2025-07-28 15:00:00,6161.666666666667,33.7,0.0
2025-07-28 16:00:00,6150.0,34.1,0.0
2025-07-28 17:00:00,6196.666666666667,34.2,0.0
2025-07-28 18:00:00,6220.0,34.0,0.0
2025-07-28 19:00:00,6220.0,33.3,0.0
2025-07-28 20:00:00,6220.0,30.9,0.0
2025-07-28 21:00:00,6208.333333333333,29.5,0.0
2025-07-28 22:00:00,6076.666666666667,28.6,0.0
2025-07-28 23:00:00,6070.0,28.0,0.0
2025-07-29 00:00:00,6070.0,26.9,0.0
2025-07-29 01:00:00,6070.0,26.0,0.0
2025-07-29 02:00:00,6070.0,25.9,0.0
2025-07-29 03:00:00,6116.666666666667,25.4,0.0
2025-07-29 04:00:00,6150.0,24.8,0.0
2025-07-29 05:00:00,6123.333333333333,24.6,0.0
2025-07-29 06:00:00,6070.0,24.2,0.0
2025-07-29 07:00:00,6070.0,24.6,0.0
2025-07-29 08:00:00,6035.0,26.3,0.0
2025-07-29 09:00:00,6000.0,28.3,0.0
2025-07-29 10:00:00,6000.0,30.2,0.0
2025-07-29 11:00:00,6000.0,31.5,0.0
2025-07-29 12:00:00,6000.0,32.5,0.0
2025-07-29 13:00:00,6000.0,33.3,0.0
2025-07-29 14:00:00,6000.0,34.1,0.0
2025-07-29 15:00:00,6000.0,34.6,0.0
2025-07-29 16:00:00,6005.833333333333,34.9,0.0
2025-07-29 17:00:00,6029.166666666667,34.8,0.0
2025-07-29 18:00:00,6011.666666666667,34.6,0.0
2025-07-29 19:00:00,6064.166666666667,33.4,0.0
2025-07-29 20:00:00,6070.0,30.9,0.0
2025-07-29 21:00:00,6070.0,30.0,0.0
2025-07-29 22:00:00,6070.0,29.2,0.0
2025-07-29 23:00:00,6070.0,28.6,0.0
2025-07-30 00:00:00,6070.0,28.1,0.0
2025-07-30 01:00:00,6070.0,27.7,0.0
2025-07-30 02:00:00,6040.833333333333,27.1,0.0
2025-07-30 03:00:00,6000.0,26.2,0.0
2025-07-30 04:00:00,5922.5,25.8,0.0
2025-07-30 05:00:00,5850.0,25.4,0.0
2025-07-30 06:00:00,5785.833333333333,25.0,0.0
2025-07-30 07:00:00,5768.333333333333,25.5,0.0
2025-07-30 08:00:00,5715.833333333333,26.8,0.0
2025-07-30 09:00:00,5710.0,28.1,0.0
2025-07-30 10:00:00,5710.0,30.4,0.0
2025-07-30 11:00:00,5704.166666666667,31.9,0.0
2025-07-30 12:00:00,5710.0,33.0,0.0
2025-07-30 13:00:00,5710.0,33.8,0.0
2025-07-30 14:00:00,5710.0,34.6,0.0
2025-07-30 15:00:00,5704.166666666667,35.0,0.0
2025-07-30 16:00:00,5680.833333333333,35.6,0.0
2025-07-30 17:00:00,5663.333333333333,35.4,0.0
2025-07-30 18:00:00,5640.0,34.8,0.0
2025-07-30 19:00:00,5640.0,34.1,0.0
2025-07-30 20:00:00,5640.0,32.3,0.0
2025-07-30 21:00:00,5675.0,30.5,0.0
2025-07-30 22:00:00,5710.0,29.4,0.0
2025-07-30 23:00:00,5680.833333333333,28.7,0.0
2025-07-31 00:00:00,5645.833333333333,27.5,0.0
2025-07-31 01:00:00,5640.0,27.5,0.0
2025-07-31 02:00:00,5622.5,27.3,0.0
2025-07-31 03:00:00,5570.0,26.7,0.0
2025-07-31 04:00:00,5505.833333333333,26.2,0.0
2025-07-31 05:00:00,5435.833333333333,25.8,0.0
2025-07-31 06:00:00,5395.0,25.5,0.0
2025-07-31 07:00:00,5348.333333333333,25.7,0.0
2025-07-31 08:00:00,5290.0,26.9,0.0
2025-07-31 09:00:00,5225.833333333333,27.6,0.7
2025-07-31 10:00:00,5190.833333333333,25.7,7.4
2025-07-31 11:00:00,5150.0,25.4,0.1
2025-07-31 12:00:00,5091.666666666667,27.7,0.0
2025-07-31 13:00:00,5074.166666666667,28.7,0.2
2025-07-31 14:00:00,5021.666666666667,29.1,0.1
2025-07-31 15:00:00,5010.0,27.4,6.1
2025-07-31 16:00:00,4980.0,26.1,4.1
2025-07-31 17:00:00,4949.166666666667,25.9,0.4
2025-07-31 18:00:00,4944.166666666667,26.4,0.8
2025-07-31 19:00:00,5312.5,26.7,0.1
2025-07-31 20:00:00,7344.166666666667,24.5,7.7
2025-07-31 21:00:00,13730.833333333334,23.9,0.0
2025-07-31 22:00:00,16300.0,23.6,0.0
2025-07-31 23:00:00,13200.0,23.6,0.0
2025-08-01 00:00:00,9955.0,23.6,0.1
2025-08-01 01:00:00,8781.666666666666,23.2,0.1
2025-08-01 02:00:00,8064.166666666667,22.3,0.0
2025-08-01 03:00:00,7389.166666666667,21.7,0.0
2025-08-01 04:00:00,6915.0,21.1,0.0
2025-08-01 05:00:00,6643.333333333333,20.6,0.0
2025-08-01 06:00:00,6536.666666666667,20.2,0.0
2025-08-01 07:00:00,6433.333333333333,20.0,0.0
2025-08-01 08:00:00,6326.666666666667,20.0,0.0
2025-08-01 09:00:00,6196.666666666667,19.0,1.9
2025-08-01 10:00:00,6046.666666666667,19.1,1.6
2025-08-01 11:00:00,5921.666666666667,19.4,2.3
2025-08-01 12:00:00,5815.0,20.1,0.2
2025-08-01 13:00:00,5774.166666666667,21.4,0.0
2025-08-01 14:00:00,5721.666666666667,22.3,0.0
2025-08-01 15:00:00,5710.0,23.2,0.0
2025-08-01 16:00:00,5768.333333333333,23.8,0.0
2025-08-01 17:00:00,5815.0,24.3,0.0
2025-08-01 18:00:00,5920.833333333333,23.7,0.0
2025-08-01 19:00:00,6102.5,23.2,0.0
2025-08-01 20:00:00,6340.0,22.5,0.0
2025-08-01 21:00:00,6603.333333333333,21.2,0.2
2025-08-01 22:00:00,6830.833333333333,21.0,0.1
2025-08-01 23:00:00,7000.0,20.9,0.0
2025-08-02 00:00:00,7120.0,20.8,0.0
2025-08-02 01:00:00,7160.0,20.3,0.0
2025-08-02 02:00:00,7167.5,19.7,0.0
2025-08-02 03:00:00,7160.0,19.2,0.0
2025-08-02 04:00:00,7080.0,18.9,0.0
2025-08-02 05:00:00,7000.0,18.6,0.0
2025-08-02 06:00:00,6940.0,18.2,0.0
2025-08-02 07:00:00,6880.0,18.2,0.0
2025-08-02 08:00:00,6810.833333333333,19.0,0.0
2025-08-02 09:00:00,6756.666666666667,20.9,0.0
2025-08-02 10:00:00,6690.0,22.3,0.1
2025-08-02 11:00:00,6690.0,23.4,0.1
2025-08-02 12:00:00,6643.333333333333,24.5,0.0
2025-08-02 13:00:00,6643.333333333333,24.9,0.0
2025-08-02 14:00:00,6690.0,25.3,0.0
2025-08-02 15:00:00,6690.0,24.8,0.0
2025-08-02 16:00:00,6703.333333333333,24.6,0.0
2025-08-02 17:00:00,6723.333333333333,24.4,0.0
2025-08-02 18:00:00,6770.0,24.0,0.0
2025-08-02 19:00:00,6793.333333333333,23.5,0.0
2025-08-02 20:00:00,6866.666666666667,22.7,0.0
2025-08-02 21:00:00,6953.333333333333,21.5,0.0
2025-08-02 22:00:00,7000.0,21.0,0.0
2025-08-02 23:00:00,7000.0,19.8,0.0
2025-08-03 00:00:00,7080.0,19.0,0.0
2025-08-03 01:00:00,7120.0,18.3,0.0
2025-08-03 02:00:00,7160.0,18.1,0.0
2025-08-03 03:00:00,7160.0,17.8,0.0
2025-08-03 04:00:00,7153.333333333333,17.0,0.0
2025-08-03 05:00:00,7140.0,16.4,0.0
2025-08-03 06:00:00,7093.333333333333,16.2,0.0
2025-08-03 07:00:00,7080.0,16.8,0.0
2025-08-03 08:00:00,7080.0,18.7,0.0
2025-08-03 09:00:00,7033.333333333333,20.3,0.0
2025-08-03 10:00:00,7000.0,22.5,0.0
2025-08-03 11:00:00,7000.0,24.1,0.0
2025-08-03 12:00:00,6993.333333333333,25.2,0.0
2025-08-03 13:00:00,6926.666666666667,25.7,0.0
2025-08-03 14:00:00,6920.0,26.0,0.0
2025-08-03 15:00:00,6920.0,26.3,0.0
2025-08-03 16:00:00,6920.0,26.4,0.0
2025-08-03 17:00:00,6960.0,26.1,0.0
2025-08-03 18:00:00,7013.333333333333,24.8,0.0
2025-08-03 19:00:00,7073.333333333333,23.6,0.0
2025-08-03 20:00:00,7126.666666666667,22.2,0.0
2025-08-03 21:00:00,7160.0,22.0,0.0
2025-08-03 22:00:00,7256.666666666667,21.6,0.0
2025-08-03 23:00:00,7356.666666666667,20.4,0.0
2025-08-04 00:00:00,7436.666666666667,19.2,0.0
2025-08-04 01:00:00,7516.666666666667,18.4,0.0
2025-08-04 02:00:00,7600.0,17.8,0.0
2025-08-04 03:00:00,7673.333333333333,17.3,0.0
2025-08-04 04:00:00,7740.0,17.0,0.0
2025-08-04 05:00:00,7740.0,16.8,0.0
2025-08-04 06:00:00,7793.333333333333,16.7,0.0
2025-08-04 07:00:00,7820.0,17.3,0.0
2025-08-04 08:00:00,7820.0,19.2,0.0
2025-08-04 09:00:00,7813.333333333333,21.3,0.0
2025-08-04 10:00:00,7746.666666666667,23.9,0.0
2025-08-04 11:00:00,7740.0,25.6,0.0
2025-08-04 12:00:00,7720.0,26.6,0.0
2025-08-04 13:00:00,7660.0,27.2,0.0
2025-08-04 14:00:00,7622.5,27.7,0.0
2025-08-04 15:00:00,7550.0,28.0,0.0
2025-08-04 16:00:00,7476.666666666667,28.1,0.0
2025-08-04 17:00:00,7416.666666666667,27.8,0.0
2025-08-04 18:00:00,7370.0,27.2,0.0
2025-08-04 19:00:00,7330.0,25.9,0.0
2025-08-04 20:00:00,7263.333333333333,23.8,0.0
2025-08-04 21:00:00,7205.0,23.1,0.0
2025-08-04 22:00:00,7160.0,22.7,0.0
2025-08-04 23:00:00,7080.0,22.5,0.0
2025-08-05 00:00:00,7013.333333333333,21.5,0.0
2025-08-05 01:00:00,7000.0,21.0,0.0
2025-08-05 02:00:00,6940.0,20.7,0.0
2025-08-05 03:00:00,6913.333333333333,20.3,0.0
2025-08-05 04:00:00,6846.666666666667,19.8,0.0
2025-08-05 05:00:00,6775.833333333333,19.7,0.0
2025-08-05 06:00:00,6730.0,19.7,0.0
2025-08-05 07:00:00,6690.0,19.7,0.0
2025-08-05 08:00:00,6636.666666666667,20.3,0.0
2025-08-05 09:00:00,6576.666666666667,20.8,0.0
2025-08-05 10:00:00,6530.0,22.7,0.0
2025-08-05 11:00:00,6470.0,23.5,0.0
2025-08-05 12:00:00,6450.0,24.1,0.0
2025-08-05 13:00:00,6380.0,25.7,0.0
2025-08-05 14:00:00,6380.0,25.9,0.0
2025-08-05 15:00:00,6326.666666666667,26.4,0.0
2025-08-05 16:00:00,6300.0,26.4,0.0
2025-08-05 17:00:00,6265.0,26.3,0.0
2025-08-05 18:00:00,6230.0,25.9,0.0
2025-08-05 19:00:00,6216.666666666667,25.2,0.0
2025-08-05 20:00:00,6150.0,24.1,0.0
2025-08-05 21:00:00,6150.0,23.1,0.0
2025-08-05 22:00:00,6091.666666666667,22.6,0.0
2025-08-05 23:00:00,6033.333333333333,21.9,0.0
2025-08-06 00:00:00,5988.333333333333,21.8,0.0
2025-08-06 01:00:00,5930.0,21.3,0.0
2025-08-06 02:00:00,5876.666666666667,21.0,0.0
2025-08-06 03:00:00,5850.0,20.4,0.0
2025-08-06 04:00:00,5780.0,20.1,0.0
2025-08-06 05:00:00,5780.0,19.9,0.0
2025-08-06 06:00:00,5721.666666666667,19.6,0.0
2025-08-06 07:00:00,5657.5,19.9,0.0
2025-08-06 08:00:00,5628.333333333333,20.9,0.0
2025-08-06 09:00:00,5570.0,22.0,0.0
2025-08-06 10:00:00,5523.333333333333,22.6,0.1
2025-08-06 11:00:00,5482.5,23.3,0.0
2025-08-06 12:00:00,5430.0,23.5,0.0
2025-08-06 13:00:00,5383.333333333333,23.9,0.0
2025-08-06 14:00:00,5325.0,23.8,0.0
2025-08-06 15:00:00,5290.0,23.9,0.0
2025-08-06 16:00:00,5249.166666666667,24.1,0.0
2025-08-06 17:00:00,5220.0,23.8,0.0
2025-08-06 18:00:00,5214.166666666667,23.6,0.0
2025-08-06 19:00:00,5167.5,23.1,0.0
2025-08-06 20:00:00,5150.0,22.5,0.0
2025-08-06 21:00:00,5150.0,21.9,0.0
2025-08-06 22:00:00,5150.0,21.3,0.0
2025-08-06 23:00:00,5085.833333333333,20.9,0.1
2025-08-07 00:00:00,5080.0,20.5,0.2
2025-08-07 01:00:00,5080.0,20.2,0.0
2025-08-07 02:00:00,5050.833333333333,19.8,0.0
2025-08-07 03:00:00,5010.0,19.4,0.0
2025-08-07 04:00:00,4995.0,19.1,0.0
2025-08-07 05:00:00,4950.0,18.8,0.0
2025-08-07 06:00:00,4909.166666666667,18.6,0.0
2025-08-07 07:00:00,4880.0,18.7,0.0
2025-08-07 08:00:00,4833.333333333333,19.8,0.0
2025-08-07 09:00:00,4810.0,21.4,0.0
2025-08-07 10:00:00,4770.0,23.1,0.0
2025-08-07 11:00:00,4750.0,24.3,0.0
2025-08-07 12:00:00,4697.5,25.5,0.0
2025-08-07 13:00:00,4680.0,26.1,0.0
2025-08-07 14:00:00,4680.0,26.5,0.0
2025-08-07 15:00:00,4656.666666666667,27.0,0.0
2025-08-07 16:00:00,4610.0,27.2,0.0
2025-08-07 17:00:00,4610.0,26.6,0.0
2025-08-07 18:00:00,4570.0,25.7,0.0
2025-08-07 19:00:00,4560.0,24.5,0.0
2025-08-07 20:00:00,4540.0,23.1,0.0
2025-08-07 21:00:00,4495.0,22.7,0.0
2025-08-07 22:00:00,4490.0,22.0,0.0
2025-08-07 23:00:00,4431.666666666667,21.3,0.0
2025-08-08 00:00:00,4405.0,20.6,0.0
2025-08-08 01:00:00,4360.0,19.9,0.0
2025-08-08 02:00:00,4360.0,19.3,0.0
2025-08-08 03:00:00,4301.666666666667,18.9,0.0
2025-08-08 04:00:00,4290.0,18.5,0.0
2025-08-08 05:00:00,4290.0,18.2,0.0
2025-08-08 06:00:00,4255.0,17.9,0.0
2025-08-08 07:00:00,4230.0,17.9,0.0
2025-08-08 08:00:00,4230.0,19.0,0.0
2025-08-08 09:00:00,4230.0,20.8,0.0
2025-08-08 10:00:00,4185.0,22.3,0.0
2025-08-08 11:00:00,4170.0,23.6,0.0
2025-08-08 12:00:00,4170.0,25.0,0.0
2025-08-08 13:00:00,4135.0,25.9,0.0
2025-08-08 14:00:00,4110.0,26.5,0.0
2025-08-08 15:00:00,4110.0,26.6,0.0
2025-08-08 16:00:00,4110.0,26.7,0.0
2025-08-08 17:00:00,4060.0,26.7,0.0
2025-08-08 18:00:00,4050.0,26.4,0.0
2025-08-08 19:00:00,4032.5,25.4,0.0
2025-08-08 20:00:00,4009.1666666666665,23.7,0.0
2025-08-08 21:00:00,3980.0,22.6,0.0
2025-08-08 22:00:00,3980.0,21.6,0.0
2025-08-08 23:00:00,3980.0,20.8,0.0
2025-08-09 00:00:00,3980.0,20.3,0.0
2025-08-09 01:00:00,3980.0,19.6,0.0
2025-08-09 02:00:00,3980.0,18.7,0.0
2025-08-09 03:00:00,3980.0,18.5,0.0
2025-08-09 04:00:00,3970.0,18.1,0.0
2025-08-09 05:00:00,3930.0,17.9,0.0
2025-08-09 06:00:00,3920.0,17.4,0.0
2025-08-09 07:00:00,3910.0,18.0,0.0
2025-08-09 08:00:00,3860.0,19.7,0.0
2025-08-09 09:00:00,3860.0,21.2,0.0
2025-08-09 10:00:00,3860.0,22.8,0.0
2025-08-09 11:00:00,3860.0,24.3,0.0
2025-08-09 12:00:00,3810.0,25.7,0.0
2025-08-09 13:00:00,3820.0,26.7,0.0
2025-08-09 14:00:00,3820.0,27.3,0.0
2025-08-09 15:00:00,3800.0,27.6,0.0
2025-08-09 16:00:00,3800.0,27.6,0.0
2025-08-09 17:00:00,3800.0,27.4,0.0
2025-08-09 18:00:00,3800.0,26.7,0.0
2025-08-09 19:00:00,3795.0,25.5,0.0
2025-08-09 20:00:00,3800.0,23.4,0.0
2025-08-09 21:00:00,3800.0,22.5,0.0
2025-08-09 22:00:00,3800.0,21.6,0.0
2025-08-09 23:00:00,3785.0,20.8,0.0
2025-08-10 00:00:00,3740.0,20.1,0.0
2025-08-10 01:00:00,3740.0,19.7,0.0
2025-08-10 02:00:00,3719.1666666666665,19.2,0.0
2025-08-10 03:00:00,3690.0,18.6,0.0
2025-08-10 04:00:00,3690.0,18.3,0.0
2025-08-10 05:00:00,3685.0,17.9,0.0
2025-08-10 06:00:00,3630.0,17.5,0.0
2025-08-10 07:00:00,3625.0,17.6,0.0
2025-08-10 08:00:00,3570.0,19.5,0.0
2025-08-10 09:00:00,3555.0,20.9,0.0
2025-08-10 10:00:00,3510.0,23.6,0.0
2025-08-10 11:00:00,3510.0,25.6,0.0
2025-08-10 12:00:00,3510.0,27.0,0.0
2025-08-10 13:00:00,3490.0,28.1,0.0
2025-08-10 14:00:00,3450.0,29.1,0.0
2025-08-10 15:00:00,3450.0,29.6,0.0
2025-08-10 16:00:00,3450.0,29.7,0.0
2025-08-10 17:00:00,3437.5,29.4,0.0
2025-08-10 18:00:00,3404.1666666666665,28.8,0.0
2025-08-10 19:00:00,3425.0,27.7,0.0
2025-08-10 20:00:00,3433.3333333333335,26.1,0.0
2025-08-10 21:00:00,3450.0,24.7,0.0
2025-08-10 22:00:00,3450.0,23.8,0.0
2025-08-10 23:00:00,3408.3333333333335,22.8,0.0
2025-08-11 00:00:00,3400.0,21.8,0.0
2025-08-11 01:00:00,3340.0,21.3,0.0
2025-08-11 02:00:00,3340.0,20.8,0.0
2025-08-11 03:00:00,3325.0,20.4,0.0
2025-08-11 04:00:00,3285.0,20.1,0.0
2025-08-11 05:00:00,3280.0,19.9,0.0
2025-08-11 06:00:00,3280.0,19.5,0.0
2025-08-11 07:00:00,3275.8333333333335,19.6,0.0
2025-08-11 08:00:00,3238.3333333333335,21.3,0.0
2025-08-11 09:00:00,3230.0,21.3,0.0
2025-08-11 10:00:00,3230.0,22.1,0.0
2025-08-11 11:00:00,3230.0,24.0,0.1
2025-08-11 12:00:00,3230.0,26.4,0.0
2025-08-11 13:00:00,3170.0,27.9,0.0
2025-08-11 14:00:00,3161.6666666666665,29.5,0.0
2025-08-11 15:00:00,3153.3333333333335,30.6,0.0
2025-08-11 16:00:00,3124.1666666666665,31.3,0.0
2025-08-11 17:00:00,3120.0,32.3,0.0
2025-08-11 18:00:00,3110.0,30.0,0.0
2025-08-11 19:00:00,3080.0,28.9,0.0
2025-08-11 20:00:00,3105.0,27.7,0.0
2025-08-11 21:00:00,3080.0,26.7,0.0
2025-08-11 22:00:00,3075.0,25.6,0.0
2025-08-11 23:00:00,3060.0,24.8,0.0
2025-08-12 00:00:00,3060.0,24.4,0.0
2025-08-12 01:00:00,3065.0,23.9,0.0
2025-08-12 02:00:00,3060.0,23.4,0.0
2025-08-12 03:00:00,3060.0,23.0,0.0
2025-08-12 04:00:00,3060.0,22.7,0.0
2025-08-12 05:00:00,3060.0,22.4,0.0
2025-08-12 06:00:00,3055.8333333333335,22.1,0.0
2025-08-12 07:00:00,3014.1666666666665,22.1,0.0
2025-08-12 08:00:00,3010.0,23.2,0.0
2025-08-12 09:00:00,3010.0,25.0,0.0
2025-08-12 10:00:00,3005.8333333333335,26.7,0.0
2025-08-12 11:00:00,2968.3333333333335,28.4,0.0
2025-08-12 12:00:00,2960.0,29.9,0.0
2025-08-12 13:00:00,2960.0,31.2,0.0
2025-08-12 14:00:00,2960.0,32.1,0.0
2025-08-12 15:00:00,2920.0,32.6,0.0
2025-08-12 16:00:00,2900.0,32.9,0.0
2025-08-12 17:00:00,2900.0,33.0,0.0
2025-08-12 18:00:00,2900.0,31.4,0.6
2025-08-12 19:00:00,2900.0,30.6,0.0
2025-08-12 20:00:00,2879.1666666666665,29.4,0.0
2025-08-12 21:00:00,2866.6666666666665,28.0,0.0
2025-08-12 22:00:00,2895.8333333333335,27.3,0.0
2025-08-12 23:00:00,2900.0,26.7,0.0
2025-08-13 00:00:00,2900.0,26.0,0.0
2025-08-13 01:00:00,2895.8333333333335,25.4,0.0
2025-08-13 02:00:00,2883.3333333333335,24.8,0.0
2025-08-13 03:00:00,2887.5,24.4,0.0
2025-08-13 04:00:00,2900.0,24.0,0.0
2025-08-13 05:00:00,2900.0,23.6,0.0
2025-08-13 06:00:00,2900.0,23.3,0.0
2025-08-13 07:00:00,2895.8333333333335,23.4,0.0
2025-08-13 08:00:00,2866.6666666666665,24.4,0.0
2025-08-13 09:00:00,2850.0,23.8,3.3
2025-08-13 10:00:00,2850.0,23.6,4.7
2025-08-13 11:00:00,2850.0,24.2,2.5
2025-08-13 12:00:00,2804.1666666666665,24.5,0.3
2025-08-13 13:00:00,2804.1666666666665,26.5,0.1
2025-08-13 14:00:00,2800.0,28.0,0.0
2025-08-13 15:00:00,2800.0,28.5,0.0
2025-08-13 16:00:00,2800.0,28.5,0.0
2025-08-13 17:00:00,2800.0,28.3,0.1
2025-08-13 18:00:00,2800.0,28.1,0.0
2025-08-13 19:00:00,2820.8333333333335,27.8,0.4
2025-08-13 20:00:00,2990.0,26.6,0.0
2025-08-13 21:00:00,3127.5,24.9,0.0
2025-08-13 22:00:00,3628.3333333333335,23.4,1.1
2025-08-13 23:00:00,3870.0,22.9,0.0
2025-08-14 00:00:00,3560.0,22.9,0.0
2025-08-14 01:00:00,3340.0,23.0,0.0
2025-08-14 02:00:00,3280.0,23.0,0.0
2025-08-14 03:00:00,3305.0,23.2,0.0
2025-08-14 04:00:00,3290.0,23.3,0.0
2025-08-14 05:00:00,3246.6666666666665,23.3,0.0
2025-08-14 06:00:00,3153.3333333333335,23.1,0.0
2025-08-14 07:00:00,3075.8333333333335,23.2,0.0
2025-08-14 08:00:00,3001.6666666666665,24.3,0.0
2025-08-14 09:00:00,2955.0,25.9,0.0
2025-08-14 10:00:00,2915.0,27.8,0.0
2025-08-14 11:00:00,2883.3333333333335,29.3,0.1
2025-08-14 12:00:00,2850.0,28.1,4.1
2025-08-14 13:00:00,2850.0,29.7,0.4
2025-08-14 14:00:00,2850.0,26.1,13.6
2025-08-14 15:00:00,2850.0,27.7,0.0
2025-08-14 16:00:00,2850.0,27.4,0.6
2025-08-14 17:00:00,2850.0,26.7,0.0
2025-08-14 18:00:00,2845.8333333333335,26.8,0.1
2025-08-14 19:00:00,2845.8333333333335,26.8,0.0
2025-08-14 20:00:00,2821.6666666666665,26.0,0.0
2025-08-14 21:00:00,2825.0,26.0,0.0
2025-08-14 22:00:00,2850.0,25.9,0.0
2025-08-14 23:00:00,2854.1666666666665,25.3,0.0
2025-08-15 00:00:00,2850.0,24.7,0.0
2025-08-15 01:00:00,2850.0,24.2,0.0
2025-08-15 02:00:00,2850.0,23.9,0.0
2025-08-15 03:00:00,2825.0,23.6,0.0
2025-08-15 04:00:00,2800.0,23.4,0.0
2025-08-15 05:00:00,2766.6666666666665,23.1,0.0
2025-08-15 06:00:00,2745.8333333333335,22.8,0.0
2025-08-15 07:00:00,2708.3333333333335,22.9,0.0
2025-08-15 08:00:00,2700.0,24.1,0.0
2025-08-15 09:00:00,2700.0,26.3,0.0
2025-08-15 10:00:00,2700.0,28.0,0.0
2025-08-15 11:00:00,2700.0,29.4,0.1
2025-08-15 12:00:00,2700.0,29.0,0.1
2025-08-15 13:00:00,2700.0,25.0,4.6
2025-08-15 14:00:00,2700.0,26.2,0.2
2025-08-15 15:00:00,2700.0,28.5,0.3
2025-08-15 16:00:00,2700.0,29.3,0.0
2025-08-15 17:00:00,2716.6666666666665,29.3,0.0
2025-08-15 18:00:00,2729.1666666666665,29.2,0.0
2025-08-15 19:00:00,2700.0,28.1,0.1
2025-08-15 20:00:00,2700.0,26.8,0.0
2025-08-15 21:00:00,2720.8333333333335,26.6,0.0
2025-08-15 22:00:00,2750.0,25.9,0.0
2025-08-15 23:00:00,2816.6666666666665,26.0,0.0
2025-08-16 00:00:00,2911.6666666666665,25.7,0.0
2025-08-16 01:00:00,2993.3333333333335,25.2,0.0
2025-08-16 02:00:00,3121.6666666666665,24.8,0.0
2025-08-16 03:00:00,3367.5,24.0,0.0
2025-08-16 04:00:00,3505.0,24.0,0.2
2025-08-16 05:00:00,3495.0,23.5,0.0
2025-08-16 06:00:00,3450.0,23.1,0.0
2025-08-16 07:00:00,3420.8333333333335,23.1,0.0
2025-08-16 08:00:00,3400.0,23.7,0.0
2025-08-16 09:00:00,3408.3333333333335,24.7,0.0
2025-08-16 10:00:00,3433.3333333333335,26.1,0.0
2025-08-16 11:00:00,3450.0,27.2,0.0
2025-08-16 12:00:00,3450.0,28.3,0.0
2025-08-16 13:00:00,3455.0,29.3,0.0
2025-08-16 14:00:00,3490.0,30.2,0.0
2025-08-16 15:00:00,3510.0,30.6,0.0
2025-08-16 16:00:00,3510.0,31.0,0.0
2025-08-16 17:00:00,3505.0,31.5,0.0
2025-08-16 18:00:00,3470.0,31.4,0.0
2025-08-16 19:00:00,3450.0,30.2,0.0
2025-08-16 20:00:00,3450.0,28.6,0.0
2025-08-16 21:00:00,3416.6666666666665,26.7,0.0
2025-08-16 22:00:00,3400.0,26.4,0.0
2025-08-16 23:00:00,3400.0,25.8,0.0
2025-08-17 00:00:00,3390.0,25.3,0.0
2025-08-17 01:00:00,3355.0,24.6,0.0
2025-08-17 02:00:00,3340.0,24.2,0.0
2025-08-17 03:00:00,3340.0,23.7,0.0
2025-08-17 04:00:00,3295.0,23.7,0.0
2025-08-17 05:00:00,3275.8333333333335,23.5,0.0
2025-08-17 06:00:00,3225.0,22.9,0.0
2025-08-17 07:00:00,3195.0,22.8,0.0
2025-08-17 08:00:00,3170.0,23.8,0.0
2025-08-17 09:00:00,3170.0,25.4,0.0
2025-08-17 10:00:00,3170.0,27.5,0.0
2025-08-17 11:00:00,3170.0,29.7,0.0
2025-08-17 12:00:00,3170.0,31.9,0.0
2025-08-17 13:00:00,3170.0,33.2,0.0
2025-08-17 14:00:00,3205.0,34.2,0.0
2025-08-17 15:00:00,3205.0,35.2,0.0
2025-08-17 16:00:00,3210.0,35.6,0.0
2025-08-17 17:00:00,3175.0,35.6,0.0
2025-08-17 18:00:00,3200.0,34.6,0.0
2025-08-17 19:00:00,3210.0,33.9,0.0
2025-08-17 20:00:00,3230.0,30.0,0.0
2025-08-17 21:00:00,3225.0,25.7,0.0
2025-08-17 22:00:00,3230.0,25.7,0.0
2025-08-17 23:00:00,3147.777777777778,25.5,0.0
2025-08-18 00:00:00,3246.6666666666665,25.3,0.0
2025-08-18 01:00:00,3290.0,25.0,0.0
2025-08-18 02:00:00,3340.0,24.5,0.0
2025-08-18 03:00:00,3375.0,23.9,0.0
2025-08-18 04:00:00,3400.0,23.6,0.0
2025-08-18 05:00:00,3400.0,23.0,0.0
2025-08-18 06:00:00,3441.6666666666665,22.4,0.0
2025-08-18 07:00:00,3465.0,22.0,0.0
2025-08-18 08:00:00,3510.0,22.1,0.0
2025-08-18 09:00:00,3550.0,23.3,0.0
2025-08-18 10:00:00,3610.0,23.7,0.0
2025-08-18 11:00:00,3665.0,23.7,0.1
2025-08-18 12:00:00,3715.0,23.5,0.1
2025-08-18 13:00:00,3755.0,23.9,0.0
2025-08-18 14:00:00,3800.0,24.2,0.0
2025-08-18 15:00:00,3815.0,24.1,0.0
2025-08-18 16:00:00,3805.0,23.1,0.1
2025-08-18 17:00:00,3815.0,23.0,0.3
2025-08-18 18:00:00,3810.0,22.9,0.3
2025-08-18 19:00:00,3800.0,22.6,0.2
2025-08-18 20:00:00,3755.0,22.2,0.1
2025-08-18 21:00:00,3740.0,19.9,0.8
2025-08-18 22:00:00,3740.0,19.9,0.4
2025-08-18 23:00:00,3735.8333333333335,19.9,0.1
2025-08-19 00:00:00,3727.5,19.9,0.0
2025-08-19 01:00:00,3710.8333333333335,19.8,0.0
2025-08-19 02:00:00,3690.0,19.4,0.0
2025-08-19 03:00:00,3690.0,19.7,0.0
2025-08-19 04:00:00,3690.0,19.8,0.0
2025-08-19 05:00:00,3690.0,20.0,0.0
2025-08-19 06:00:00,3675.0,20.0,0.2
2025-08-19 07:00:00,3635.0,19.9,0.3
2025-08-19 08:00:00,3615.0,19.9,0.2
2025-08-19 09:00:00,3570.0,19.6,0.0
2025-08-19 10:00:00,3570.0,20.7,0.0
2025-08-19 11:00:00,3520.0,21.7,0.0
2025-08-19 12:00:00,3510.0,21.3,0.0
2025-08-19 13:00:00,3480.0,21.3,0.0
2025-08-19 14:00:00,3450.0,21.6,0.0
2025-08-19 15:00:00,3450.0,22.4,0.0
2025-08-19 16:00:00,3420.8333333333335,22.9,0.0
2025-08-19 17:00:00,3400.0,22.6,0.0
2025-08-19 18:00:00,3400.0,22.6,0.0
2025-08-19 19:00:00,3390.0,22.1,0.0
2025-08-19 20:00:00,3340.0,21.3,0.0
2025-08-19 21:00:00,3340.0,20.5,0.0
2025-08-19 22:00:00,3290.0,20.4,0.0
2025-08-19 23:00:00,3280.0,20.3,0.1
2025-08-20 00:00:00,3267.5,20.2,0.0
2025-08-20 01:00:00,3234.1666666666665,20.3,0.0
2025-08-20 02:00:00,3230.0,20.3,0.0
2025-08-20 03:00:00,3230.0,20.2,0.1
2025-08-20 04:00:00,3215.0,20.2,0.1
2025-08-20 05:00:00,3175.0,20.2,0.2
2025-08-20 06:00:00,3170.0,20.4,0.2
2025-08-20 07:00:00,3170.0,20.7,0.1
2025-08-20 08:00:00,3145.0,21.2,0.0
2025-08-20 09:00:00,3120.0,21.0,0.2
2025-08-20 10:00:00,3120.0,21.6,0.1
2025-08-20 11:00:00,3120.0,22.7,0.0
2025-08-20 12:00:00,3110.0,23.8,0.0
2025-08-20 13:00:00,3070.0,24.2,0.0
2025-08-20 14:00:00,3060.0,25.5,0.1
2025-08-20 15:00:00,3047.5,26.3,0.0
2025-08-20 16:00:00,3010.0,27.5,0.0
2025-08-20 17:00:00,3010.0,27.6,0.0
2025-08-20 18:00:00,2976.6666666666665,27.5,0.0
2025-08-20 19:00:00,2960.0,26.5,0.0
2025-08-20 20:00:00,2960.0,25.2,0.0
2025-08-20 21:00:00,2950.0,23.3,1.7
2025-08-20 22:00:00,2960.0,23.3,0.1
2025-08-20 23:00:00,2960.0,23.0,0.0
2025-08-21 00:00:00,2976.6666666666665,22.9,0.1
2025-08-21 01:00:00,3010.0,22.5,0.1
2025-08-21 02:00:00,3010.0,21.7,0.1
2025-08-21 03:00:00,3010.0,21.1,0.0
2025-08-21 04:00:00,3010.0,20.4,0.0
2025-08-21 05:00:00,2985.0,19.7,0.0
2025-08-21 06:00:00,2960.0,18.8,0.0
2025-08-21 07:00:00,2920.0,18.3,0.0
2025-08-21 08:00:00,2900.0,18.4,0.0
2025-08-21 09:00:00,2858.3333333333335,18.6,0.0
2025-08-21 10:00:00,2850.0,20.0,0.0
2025-08-21 11:00:00,2845.8333333333335,20.9,0.0
2025-08-21 12:00:00,2816.6666666666665,20.9,0.0
2025-08-21 13:00:00,2800.0,21.7,0.0
2025-08-21 14:00:00,2795.8333333333335,22.7,0.0
2025-08-21 15:00:00,2766.6666666666665,23.0,0.1
2025-08-21 16:00:00,2750.0,22.0,0.1
2025-08-21 17:00:00,2750.0,22.7,0.0
2025-08-21 18:00:00,2750.0,23.2,0.0
2025-08-21 19:00:00,2750.0,23.1,0.0
2025-08-21 20:00:00,2775.0,22.4,0.0
2025-08-21 21:00:00,2800.0,19.6,0.0
2025-08-21 22:00:00,2820.8333333333335,19.4,0.0
2025-08-21 23:00:00,2850.0,19.4,0.0
2025-08-22 00:00:00,2850.0,19.3,0.0
2025-08-22 01:00:00,2866.6666666666665,19.4,0.0
2025-08-22 02:00:00,2900.0,19.6,0.0
2025-08-22 03:00:00,2900.0,19.3,0.0
2025-08-22 04:00:00,2920.0,19.0,0.0
2025-08-22 05:00:00,2920.0,18.7,0.0
2025-08-22 06:00:00,2905.0,18.2,0.0
2025-08-22 07:00:00,2900.0,18.0,0.0
2025-08-22 08:00:00,2900.0,19.1,0.0
2025-08-22 09:00:00,2895.8333333333335,21.6,0.0
2025-08-22 10:00:00,2854.1666666666665,23.4,0.0
2025-08-22 11:00:00,2850.0,24.6,0.0
2025-08-22 12:00:00,2808.3333333333335,25.4,0.0
2025-08-22 13:00:00,2800.0,26.2,0.0
2025-08-22 14:00:00,2800.0,26.7,0.0
2025-08-22 15:00:00,2791.6666666666665,26.9,0.0
2025-08-22 16:00:00,2758.3333333333335,26.8,0.0
2025-08-22 17:00:00,2750.0,26.4,0.0
2025-08-22 18:00:00,2750.0,25.8,0.0
2025-08-22 19:00:00,2729.1666666666665,24.6,0.0
2025-08-22 20:00:00,2700.0,22.3,0.0
2025-08-22 21:00:00,2666.6666666666665,21.4,0.0
2025-08-22 22:00:00,2650.0,20.6,0.0
2025-08-22 23:00:00,2625.0,19.8,0.0
2025-08-23 00:00:00,2600.0,19.3,0.0
2025-08-23 01:00:00,2600.0,18.8,0.0
2025-08-23 02:00:00,2600.0,18.2,0.0
2025-08-23 03:00:00,2600.0,17.9,0.0
2025-08-23 04:00:00,2587.5,17.6,0.0
2025-08-23 05:00:00,2550.0,17.3,0.0
2025-08-23 06:00:00,2545.8333333333335,16.9,0.0
2025-08-23 07:00:00,2500.0,16.9,0.0
2025-08-23 08:00:00,2500.0,18.3,0.0
2025-08-23 09:00:00,2500.0,19.8,0.0
2025-08-23 10:00:00,2500.0,22.2,0.0
2025-08-23 11:00:00,2516.6666666666665,24.2,0.0
2025-08-23 12:00:00,2512.5,25.8,0.0
2025-08-23 13:00:00,2529.1666666666665,26.9,0.0
2025-08-23 14:00:00,2541.6666666666665,27.7,0.0
2025-08-23 15:00:00,2550.0,28.3,0.0
2025-08-23 16:00:00,2541.6666666666665,28.3,0.0
2025-08-23 17:00:00,2550.0,28.0,0.0
2025-08-23 18:00:00,2550.0,27.1,0.0
2025-08-23 19:00:00,2550.0,26.1,0.0
2025-08-23 20:00:00,2595.8333333333335,24.3,0.0
2025-08-23 21:00:00,2595.8333333333335,22.6,0.0
2025-08-23 22:00:00,2600.0,21.7,0.0
2025-08-23 23:00:00,2595.8333333333335,21.4,0.0
2025-08-24 00:00:00,2562.5,20.9,0.0
2025-08-24 01:00:00,2550.0,20.5,0.0
2025-08-24 02:00:00,2554.1666666666665,20.2,0.0
2025-08-24 03:00:00,2587.5,20.0,0.0
2025-08-24 04:00:00,2600.0,19.7,0.0
2025-08-24 05:00:00,2600.0,19.5,0.0
2025-08-24 06:00:00,2600.0,19.2,0.0
2025-08-24 07:00:00,2595.8333333333335,19.2,0.0
2025-08-24 08:00:00,2575.0,20.3,0.0
2025-08-24 09:00:00,2545.8333333333335,21.8,0.0
2025-08-24 10:00:00,2500.0,23.7,0.0
2025-08-24 11:00:00,2470.8333333333335,24.2,0.0
2025-08-24 12:00:00,2450.0,26.1,0.1
2025-08-24 13:00:00,2450.0,26.9,0.0
2025-08-24 14:00:00,2450.0,27.6,0.0
2025-08-24 15:00:00,2445.8333333333335,29.7,0.0
2025-08-24 16:00:00,2404.1666666666665,30.0,0.0
2025-08-24 17:00:00,2400.0,28.8,0.4
2025-08-24 18:00:00,2391.6666666666665,28.6,0.2
2025-08-24 19:00:00,2375.0,27.6,0.3
2025-08-24 20:00:00,2358.3333333333335,25.9,0.0
2025-08-24 21:00:00,2354.1666666666665,24.5,0.1
2025-08-24 22:00:00,2395.8333333333335,23.1,1.0
2025-08-24 23:00:00,2412.5,21.1,3.6
2025-08-25 00:00:00,2450.0,20.9,0.0
2025-08-25 01:00:00,2450.0,20.6,0.0
2025-08-25 02:00:00,2450.0,20.5,0.1
2025-08-25 03:00:00,2450.0,20.3,0.0
2025-08-25 04:00:00,2450.0,20.0,0.0
2025-08-25 05:00:00,2420.8333333333335,19.5,0.0
2025-08-25 06:00:00,2391.6666666666665,19.1,0.0
2025-08-25 07:00:00,2354.1666666666665,18.9,0.0
2025-08-25 08:00:00,2350.0,20.0,0.0
2025-08-25 09:00:00,2341.6666666666665,22.8,0.0
2025-08-25 10:00:00,2312.5,25.2,0.0
2025-08-25 11:00:00,2300.0,26.6,0.0
2025-08-25 12:00:00,2300.0,27.3,0.0
2025-08-25 13:00:00,2300.0,28.4,0.0
2025-08-25 14:00:00,2300.0,28.0,0.0
2025-08-25 15:00:00,2286.6666666666665,28.0,0.0
2025-08-25 16:00:00,2294.1666666666665,28.2,0.0
2025-08-25 17:00:00,2286.6666666666665,28.1,0.0
2025-08-25 18:00:00,2283.3333333333335,27.7,0.0
2025-08-25 19:00:00,2283.3333333333335,26.1,0.0
2025-08-25 20:00:00,2297.5,24.4,0.0
2025-08-25 21:00:00,2304.1666666666665,23.5,0.0
2025-08-25 22:00:00,2329.1666666666665,22.6,0.0
2025-08-25 23:00:00,2345.8333333333335,21.9,0.0
2025-08-26 00:00:00,2350.0,21.1,0.0
2025-08-26 01:00:00,2345.8333333333335,20.3,0.0
2025-08-26 02:00:00,2337.5,19.3,0.0
2025-08-26 03:00:00,2273.3333333333335,18.6,0.0
2025-08-26 04:00:00,2230.8333333333335,17.8,0.0
2025-08-26 05:00:00,2214.1666666666665,17.2,0.0
2025-08-26 06:00:00,2258.3333333333335,16.8,0.0
2025-08-26 07:00:00,2283.3333333333335,16.5,0.0
2025-08-26 08:00:00,2260.0,17.7,0.0
2025-08-26 09:00:00,2260.0,19.3,0.0
2025-08-26 10:00:00,2260.0,21.5,0.0
2025-08-26 11:00:00,2260.0,23.1,0.0
2025-08-26 12:00:00,2260.0,24.4,0.0
2025-08-26 13:00:00,2260.0,25.4,0.0
2025-08-26 14:00:00,2260.0,26.0,0.0
2025-08-26 15:00:00,2263.3333333333335,26.2,0.0
2025-08-26 16:00:00,2255.8333333333335,25.4,0.0
2025-08-26 17:00:00,2259.1666666666665,25.6,0.0
2025-08-26 18:00:00,2259.1666666666665,24.8,0.0
2025-08-26 19:00:00,2260.0,24.3,0.0
2025-08-26 20:00:00,2273.3333333333335,22.6,0.0
2025-08-26 21:00:00,2300.0,22.0,0.0
2025-08-26 22:00:00,2300.0,21.3,0.0
2025-08-26 23:00:00,2316.6666666666665,20.4,0.0
2025-08-27 00:00:00,2350.0,19.1,0.0
2025-08-27 01:00:00,2366.6666666666665,18.3,0.0
2025-08-27 02:00:00,2400.0,18.0,0.0
2025-08-27 03:00:00,2400.0,17.2,0.0
2025-08-27 04:00:00,2404.1666666666665,16.2,0.0
2025-08-27 05:00:00,2425.0,15.6,0.0
2025-08-27 06:00:00,2441.6666666666665,15.1,0.0
2025-08-27 07:00:00,2450.0,14.9,0.0
2025-08-27 08:00:00,2454.1666666666665,16.1,0.0
2025-08-27 09:00:00,2487.5,17.7,0.0
2025-08-27 10:00:00,2504.1666666666665,19.9,0.0
2025-08-27 11:00:00,2500.0,21.5,0.0
2025-08-27 12:00:00,2550.0,22.7,0.0
2025-08-27 13:00:00,2554.1666666666665,23.9,0.0
2025-08-27 14:00:00,2570.8333333333335,23.3,0.0
2025-08-27 15:00:00,2566.6666666666665,23.4,0.0
2025-08-27 16:00:00,2554.1666666666665,23.7,0.0
2025-08-27 17:00:00,2562.5,23.6,0.0
2025-08-27 18:00:00,2550.0,23.5,0.0
2025-08-27 19:00:00,2533.3333333333335,22.8,0.0
2025-08-27 20:00:00,2512.5,20.6,0.0
2025-08-27 21:00:00,2504.1666666666665,20.0,0.0
2025-08-27 22:00:00,2470.8333333333335,19.1,0.0
2025-08-27 23:00:00,2454.1666666666665,18.2,0.0
2025-08-28 00:00:00,2450.0,17.3,0.0
2025-08-28 01:00:00,2450.0,16.7,0.0
2025-08-28 02:00:00,2445.8333333333335,16.1,0.0
2025-08-28 03:00:00,2408.3333333333335,15.6,0.0
2025-08-28 04:00:00,2400.0,15.0,0.0
2025-08-28 05:00:00,2387.5,14.8,0.0
2025-08-28 06:00:00,2350.0,14.9,0.0
2025-08-28 07:00:00,2350.0,14.8,0.0
2025-08-28 08:00:00,2350.0,16.2,0.0
2025-08-28 09:00:00,2337.5,17.2,0.0
2025-08-28 10:00:00,2308.3333333333335,19.8,0.0
2025-08-28 11:00:00,2300.0,22.3,0.0
2025-08-28 12:00:00,2300.0,23.8,0.0
2025-08-28 13:00:00,2300.0,25.1,0.0
2025-08-28 14:00:00,2300.0,25.8,0.0
2025-08-28 15:00:00,2300.0,25.9,0.0
2025-08-28 16:00:00,2300.0,25.9,0.0
2025-08-28 17:00:00,2276.6666666666665,25.5,0.0
2025-08-28 18:00:00,2276.6666666666665,25.2,0.0
2025-08-28 19:00:00,2263.3333333333335,23.7,0.0
2025-08-28 20:00:00,2266.6666666666665,21.9,0.0
2025-08-28 21:00:00,2266.6666666666665,21.5,0.0
2025-08-28 22:00:00,2280.0,21.0,0.0
2025-08-28 23:00:00,2260.0,20.5,0.0
2025-08-29 00:00:00,2260.0,19.6,0.0
2025-08-29 01:00:00,2260.0,19.1,0.0
2025-08-29 02:00:00,2260.0,18.6,0.0
2025-08-29 03:00:00,2260.0,18.3,0.0
2025-08-29 04:00:00,2263.3333333333335,17.2,0.0
2025-08-29 05:00:00,2235.0,17.4,0.0
2025-08-29 06:00:00,2205.8333333333335,17.9,0.0
2025-08-29 07:00:00,2153.3333333333335,16.8,0.0
2025-08-29 08:00:00,2120.0,18.1,0.0
2025-08-29 09:00:00,2078.3333333333335,19.9,0.0
2025-08-29 10:00:00,2070.0,22.2,0.0
2025-08-29 11:00:00,2070.0,23.3,0.2
2025-08-29 12:00:00,2070.0,23.5,0.4
2025-08-29 13:00:00,2070.0,24.8,0.1
2025-08-29 14:00:00,2076.6666666666665,25.7,0.0
2025-08-29 15:00:00,2057.5,25.7,0.0
2025-08-29 16:00:00,2059.1666666666665,25.8,0.0
2025-08-29 17:00:00,2050.8333333333335,25.6,0.0
2025-08-29 18:00:00,2064.1666666666665,25.2,0.0
2025-08-29 19:00:00,2060.8333333333335,24.1,0.0
2025-08-29 20:00:00,2066.6666666666665,22.5,0.0
2025-08-29 21:00:00,2095.0,22.2,0.0
2025-08-29 22:00:00,2120.0,20.8,0.0
2025-08-29 23:00:00,2156.6666666666665,19.4,0.0
2025-08-30 00:00:00,2160.0,18.3,0.0
2025-08-30 01:00:00,2172.5,17.6,0.0
2025-08-30 02:00:00,2160.0,16.8,0.0
2025-08-30 03:00:00,2160.0,15.8,0.0
2025-08-30 04:00:00,2160.0,15.0,0.0
2025-08-30 05:00:00,2160.0,14.4,0.0
2025-08-30 06:00:00,2160.0,13.8,0.0
2025-08-30 07:00:00,2160.0,13.6,0.0
2025-08-30 08:00:00,2136.6666666666665,14.8,0.0
2025-08-30 09:00:00,2143.3333333333335,16.2,0.0
2025-08-30 10:00:00,2130.0,18.5,0.0
2025-08-30 11:00:00,2126.6666666666665,20.2,0.0
2025-08-30 12:00:00,2126.6666666666665,21.5,0.0
2025-08-30 13:00:00,2120.0,22.7,0.0
2025-08-30 14:00:00,2133.3333333333335,23.6,0.0
2025-08-30 15:00:00,2098.3333333333335,24.3,0.0
2025-08-30 16:00:00,2086.6666666666665,24.5,0.0
2025-08-30 17:00:00,2085.8333333333335,24.5,0.0
2025-08-30 18:00:00,2086.6666666666665,24.1,0.0
2025-08-30 19:00:00,2070.0,23.3,0.0
2025-08-30 20:00:00,2074.1666666666665,21.8,0.0
2025-08-30 21:00:00,2070.0,19.8,0.0
2025-08-30 22:00:00,2074.1666666666665,18.6,0.0
2025-08-30 23:00:00,2074.1666666666665,17.9,0.0
2025-08-31 00:00:00,2115.8333333333335,17.4,0.0
2025-08-31 01:00:00,2120.0,17.0,0.0
2025-08-31 02:00:00,2120.0,16.3,0.0
2025-08-31 03:00:00,2082.5,15.5,0.0
2025-08-31 04:00:00,2060.0,15.2,0.0
2025-08-31 05:00:00,2030.0,14.7,0.0
2025-08-31 06:00:00,1992.5,14.7,0.0
2025-08-31 07:00:00,1976.6666666666667,14.4,0.0
2025-08-31 08:00:00,1946.6666666666667,15.9,0.0
2025-08-31 09:00:00,1940.0,17.3,0.0
2025-08-31 10:00:00,1940.0,19.9,0.0
2025-08-31 11:00:00,1940.0,22.3,0.0
2025-08-31 12:00:00,1935.8333333333333,23.9,0.0
2025-08-31 13:00:00,1935.8333333333333,24.9,0.0
2025-08-31 14:00:00,1935.8333333333333,25.7,0.0
2025-08-31 15:00:00,1940.0,26.2,0.0
2025-08-31 16:00:00,1923.3333333333333,26.3,0.0
2025-08-31 17:00:00,1935.8333333333333,26.0,0.0
2025-08-31 18:00:00,1931.6666666666667,25.1,0.0
2025-08-31 19:00:00,1902.5,23.7,0.0
2025-08-31 20:00:00,1894.1666666666667,21.9,0.0
2025-08-31 21:00:00,1886.6666666666667,20.2,0.0
2025-08-31 22:00:00,1863.3333333333333,19.7,0.0
2025-08-31 23:00:00,1850.0,19.3,0.0
2025-09-01 00:00:00,1850.0,18.3,0.0
2025-09-01 01:00:00,1850.0,17.6,0.0
2025-09-01 02:00:00,1850.0,16.8,0.0
2025-09-01 03:00:00,1850.0,16.5,0.0
2025-09-01 04:00:00,1853.3333333333333,16.0,0.0
2025-09-01 05:00:00,1860.0,15.7,0.0
2025-09-01 06:00:00,1853.3333333333333,15.4,0.0
2025-09-01 07:00:00,1850.0,15.3,0.0
2025-09-01 08:00:00,1823.3333333333333,16.7,0.0
2025-09-01 09:00:00,1810.0,18.6,0.0
2025-09-01 10:00:00,1810.0,21.9,0.0
2025-09-01 11:00:00,1803.3333333333333,24.1,0.0
2025-09-01 12:00:00,1793.3333333333333,25.1,0.0
2025-09-01 13:00:00,1770.0,25.9,0.0
2025-09-01 14:00:00,1773.3333333333333,25.9,0.0
2025-09-01 15:00:00,1776.6666666666667,25.4,0.0
2025-09-01 16:00:00,1780.0,25.6,0.0
2025-09-01 17:00:00,1790.0,25.4,0.0
2025-09-01 18:00:00,1800.0,24.5,0.0
2025-09-01 19:00:00,1810.0,23.4,0.0
2025-09-01 20:00:00,1803.3333333333333,22.2,0.0
2025-09-01 21:00:00,1796.6666666666667,21.5,0.0
2025-09-01 22:00:00,1770.0,20.4,0.0
2025-09-01 23:00:00,1766.6666666666667,19.7,0.0
2025-09-02 00:00:00,1730.0,19.0,0.0
2025-09-02 01:00:00,1721.6666666666667,18.3,0.0
2025-09-02 02:00:00,1688.3333333333333,17.7,0.0
2025-09-02 03:00:00,1680.0,17.1,0.0
2025-09-02 04:00:00,1680.0,16.6,0.0
2025-09-02 05:00:00,1680.0,16.2,0.0
2025-09-02 06:00:00,1676.6666666666667,15.7,0.0
2025-09-02 07:00:00,1680.0,15.3,0.0
2025-09-02 08:00:00,1680.0,16.4,0.0
2025-09-02 09:00:00,1680.0,18.3,0.0
2025-09-02 10:00:00,1680.0,20.4,0.0
2025-09-02 11:00:00,1680.0,21.8,0.0
2025-09-02 12:00:00,1680.0,23.1,0.0
2025-09-02 13:00:00,1676.6666666666667,24.1,0.0
2025-09-02 14:00:00,1643.3333333333333,24.6,0.0
2025-09-02 15:00:00,1640.0,24.3,0.0
2025-09-02 16:00:00,1640.0,24.0,0.0
2025-09-02 17:00:00,1640.0,23.9,0.0
2025-09-02 18:00:00,1636.6666666666667,23.8,0.0
2025-09-02 19:00:00,1640.0,23.0,0.0
2025-09-02 20:00:00,1640.0,21.6,0.0
2025-09-02 21:00:00,1640.0,21.3,0.0
2025-09-02 22:00:00,1636.6666666666667,20.4,0.0
2025-09-02 23:00:00,1606.6666666666667,19.5,0.0
2025-09-03 00:00:00,1600.0,18.7,0.0
2025-09-03 01:00:00,1600.0,18.1,0.0
2025-09-03 02:00:00,1600.0,17.4,0.0
2025-09-03 03:00:00,1600.0,17.0,0.0
2025-09-03 04:00:00,1596.6666666666667,16.6,0.0
2025-09-03 05:00:00,1586.6666666666667,16.2,0.0
2025-09-03 06:00:00,1600.0,15.8,0.0
2025-09-03 07:00:00,1600.0,15.2,0.0
2025-09-03 08:00:00,1600.0,17.0,0.0
2025-09-03 09:00:00,1600.0,18.0,0.0
2025-09-03 10:00:00,1613.3333333333333,21.0,0.0
2025-09-03 11:00:00,1636.6666666666667,23.6,0.0
2025-09-03 12:00:00,1640.0,25.3,0.0
2025-09-03 13:00:00,1640.0,26.4,0.0
2025-09-03 14:00:00,1640.0,27.3,0.0
2025-09-03 15:00:00,1640.0,28.1,0.0
2025-09-03 16:00:00,1636.6666666666667,28.3,0.0
2025-09-03 17:00:00,1623.3333333333333,28.4,0.0
2025-09-03 18:00:00,1640.0,28.5,0.0
2025-09-03 19:00:00,1640.0,27.1,0.0
2025-09-03 20:00:00,1636.6666666666667,24.5,0.0
2025-09-03 21:00:00,1610.0,22.8,0.0
2025-09-03 22:00:00,1600.0,22.1,0.0
2025-09-03 23:00:00,1600.0,21.3,0.0
2025-09-04 00:00:00,1560.0,20.8,0.0
2025-09-04 01:00:00,1560.0,20.3,0.0
2025-09-04 02:00:00,1560.0,19.7,0.0
2025-09-04 03:00:00,1560.0,19.0,0.0
2025-09-04 04:00:00,1560.0,18.5,0.0
2025-09-04 05:00:00,1560.0,18.1,0.0
2025-09-04 06:00:00,1560.0,17.9,0.0
2025-09-04 07:00:00,1560.0,17.7,0.0
2025-09-04 08:00:00,1560.0,18.7,0.0
2025-09-04 09:00:00,1560.0,20.4,0.0
2025-09-04 10:00:00,1556.6666666666667,22.8,0.0
2025-09-04 11:00:00,1543.3333333333333,25.3,0.0
2025-09-04 12:00:00,1540.0,27.5,0.0
2025-09-04 13:00:00,1546.6666666666667,29.0,0.0
2025-09-04 14:00:00,1540.0,29.7,0.0
2025-09-04 15:00:00,1550.0,30.6,0.0
2025-09-04 16:00:00,1543.3333333333333,30.8,0.0
2025-09-04 17:00:00,1530.0,23.1,6.7
2025-09-04 18:00:00,1530.0,24.8,0.0
2025-09-04 19:00:00,1520.0,24.8,0.0
2025-09-04 20:00:00,1556.6666666666667,24.5,0.0
2025-09-04 21:00:00,1533.3333333333333,23.1,0.3
2025-09-04 22:00:00,1550.0,22.7,0.0
2025-09-04 23:00:00,1560.0,21.5,0.0
2025-09-05 00:00:00,1560.0,20.7,0.0
2025-09-05 01:00:00,1560.0,20.0,0.0
2025-09-05 02:00:00,1570.0,19.6,0.0
2025-09-05 03:00:00,1590.0,19.2,0.0
2025-09-05 04:00:00,1600.0,18.8,0.0
2025-09-05 05:00:00,1600.0,18.5,0.0
2025-09-05 06:00:00,1600.0,18.1,0.0
2025-09-05 07:00:00,1600.0,17.9,0.0
2025-09-05 08:00:00,1596.6666666666667,19.0,0.0
2025-09-05 09:00:00,1596.6666666666667,21.3,0.0
2025-09-05 10:00:00,1600.0,23.5,0.0
2025-09-05 11:00:00,1600.0,25.8,0.0
2025-09-05 12:00:00,1600.0,28.1,0.0
2025-09-05 13:00:00,1600.0,30.1,0.0
2025-09-05 14:00:00,1600.0,31.6,0.0
2025-09-05 15:00:00,1600.0,32.3,0.0
2025-09-05 16:00:00,1603.3333333333333,31.9,0.0
2025-09-05 17:00:00,1603.3333333333333,31.5,0.1
2025-09-05 18:00:00,1606.6666666666667,31.1,0.0
2025-09-05 19:00:00,1593.3333333333333,29.9,0.0
2025-09-05 20:00:00,1590.0,29.0,0.0
2025-09-05 21:00:00,1586.6666666666667,27.7,0.0
2025-09-05 22:00:00,1600.0,26.8,0.0
2025-09-05 23:00:00,1600.0,26.0,0.0
2025-09-06 00:00:00,1623.3333333333333,25.5,0.0
2025-09-06 01:00:00,1656.6666666666667,25.0,0.0
2025-09-06 02:00:00,1680.0,24.6,0.0
2025-09-06 03:00:00,1720.0,24.1,0.0
2025-09-06 04:00:00,1749.1666666666667,23.6,0.0
2025-09-06 05:00:00,1770.0,23.1,0.0
2025-09-06 06:00:00,1776.6666666666667,22.7,0.0
2025-09-06 07:00:00,1773.3333333333333,22.3,0.0
2025-09-06 08:00:00,1770.0,23.2,0.0
2025-09-06 09:00:00,1770.0,24.5,0.0
2025-09-06 10:00:00,1770.0,26.7,0.0
2025-09-06 11:00:00,1770.0,28.8,0.0
2025-09-06 12:00:00,1770.0,30.1,0.1
2025-09-06 13:00:00,1773.3333333333333,31.1,0.1
2025-09-06 14:00:00,1800.0,32.3,0.0
2025-09-06 15:00:00,1810.0,28.2,3.2
2025-09-06 16:00:00,1810.0,24.8,2.5
2025-09-06 17:00:00,1803.3333333333333,26.2,0.3
2025-09-06 18:00:00,1803.3333333333333,26.5,0.1
2025-09-06 19:00:00,1810.0,25.8,0.0
2025-09-06 20:00:00,1816.6666666666667,24.6,0.0
2025-09-06 21:00:00,1850.0,21.7,1.3
2025-09-06 22:00:00,1850.0,21.6,0.4
2025-09-06 23:00:00,1850.0,20.7,0.9
2025-09-07 00:00:00,1850.0,20.4,0.6
2025-09-07 01:00:00,1850.0,19.1,0.3
2025-09-07 02:00:00,1850.0,17.7,0.1
2025-09-07 03:00:00,1840.0,17.9,0.0
2025-09-07 04:00:00,1813.3333333333333,17.9,0.0
2025-09-07 05:00:00,1793.3333333333333,17.7,0.3
2025-09-07 06:00:00,1762.5,17.1,0.4
2025-09-07 07:00:00,1723.3333333333333,16.6,0.5
2025-09-07 08:00:00,1696.6666666666667,16.7,0.2
2025-09-07 09:00:00,1680.0,16.2,1.6
2025-09-07 10:00:00,1646.6666666666667,16.7,0.4
2025-09-07 11:00:00,1640.0,17.5,0.0
2025-09-07 12:00:00,1640.0,19.4,0.0
2025-09-07 13:00:00,1606.6666666666667,21.6,0.0
2025-09-07 14:00:00,1600.0,23.4,0.0
2025-09-07 15:00:00,1603.3333333333333,24.1,0.0
2025-09-07 16:00:00,1596.6666666666667,24.2,0.0
2025-09-07 17:00:00,1593.3333333333333,24.0,0.0
2025-09-07 18:00:00,1580.0,23.2,0.0
2025-09-07 19:00:00,1590.0,21.4,0.0
2025-09-07 20:00:00,1570.0,19.6,0.0
2025-09-07 21:00:00,1566.6666666666667,19.1,0.0
2025-09-07 22:00:00,1563.3333333333333,18.4,0.0
2025-09-07 23:00:00,1560.0,17.1,0.0
2025-09-08 00:00:00,1560.0,16.6,0.0
2025-09-08 01:00:00,1563.3333333333333,16.1,0.0
2025-09-08 02:00:00,1600.0,15.7,0.0
2025-09-08 03:00:00,1606.6666666666667,15.2,0.0
2025-09-08 04:00:00,1640.0,14.8,0.0
2025-09-08 05:00:00,1640.0,14.2,0.0
2025-09-08 06:00:00,1636.6666666666667,13.8,0.0
2025-09-08 07:00:00,1606.6666666666667,13.4,0.0
2025-09-08 08:00:00,1600.0,14.4,0.0
2025-09-08 09:00:00,1576.6666666666667,15.6,0.0
2025-09-08 10:00:00,1560.0,18.4,0.0
2025-09-08 11:00:00,1556.6666666666667,20.4,0.0
2025-09-08 12:00:00,1540.0,21.5,0.0
2025-09-08 13:00:00,1520.0,22.3,0.0
2025-09-08 14:00:00,1526.6666666666667,23.0,0.0
2025-09-08 15:00:00,1516.6666666666667,23.3,0.0
2025-09-08 16:00:00,1503.3333333333333,23.3,0.0
2025-09-08 17:00:00,1493.3333333333333,22.8,0.0
2025-09-08 18:00:00,1486.6666666666667,22.1,0.0
2025-09-08 19:00:00,1486.6666666666667,20.8,0.0
2025-09-08 20:00:00,1493.3333333333333,19.2,0.0
2025-09-08 21:00:00,1490.0,18.4,0.0
2025-09-08 22:00:00,1493.3333333333333,17.7,0.0
2025-09-08 23:00:00,1483.3333333333333,17.2,0.0
2025-09-09 00:00:00,1490.0,16.4,0.0
2025-09-09 01:00:00,1503.3333333333333,15.7,0.0
2025-09-09 02:00:00,1513.3333333333333,14.9,0.0
2025-09-09 03:00:00,1520.0,14.3,0.0
2025-09-09 04:00:00,1520.0,13.9,0.0
2025-09-09 05:00:00,1520.0,13.5,0.0
2025-09-09 06:00:00,1520.0,13.3,0.0
2025-09-09 07:00:00,1520.0,13.2,0.0
2025-09-09 08:00:00,1520.0,14.8,0.0
2025-09-09 09:00:00,1530.0,16.8,0.0
2025-09-09 10:00:00,1536.6666666666667,19.1,0.0
2025-09-09 11:00:00,1540.0,20.7,0.0
2025-09-09 12:00:00,1543.3333333333333,21.8,0.0
2025-09-09 13:00:00,1523.3333333333333,22.7,0.0
2025-09-09 14:00:00,1523.3333333333333,23.2,0.0
2025-09-09 15:00:00,1516.6666666666667,23.1,0.0
2025-09-09 16:00:00,1516.6666666666667,23.4,0.0
2025-09-09 17:00:00,1516.6666666666667,24.2,0.0
2025-09-09 18:00:00,1516.6666666666667,24.5,0.0
2025-09-09 19:00:00,1530.0,22.4,0.0
2025-09-09 20:00:00,1536.6666666666667,21.4,0.0
2025-09-09 21:00:00,1530.0,19.3,0.0
2025-09-09 22:00:00,1520.0,18.8,0.0
2025-09-09 23:00:00,1506.6666666666667,18.4,0.0
2025-09-10 00:00:00,1486.6666666666667,18.0,0.0
2025-09-10 01:00:00,1480.0,18.4,0.0
2025-09-10 02:00:00,1466.6666666666667,18.4,0.0
2025-09-10 03:00:00,1443.3333333333333,18.4,0.0
2025-09-10 04:00:00,1440.0,18.1,0.0
2025-09-10 05:00:00,1440.0,17.8,0.1
2025-09-10 06:00:00,1446.6666666666667,17.6,0.0
2025-09-10 07:00:00,1443.3333333333333,17.5,0.0
2025-09-10 08:00:00,1473.3333333333333,17.7,0.0
2025-09-10 09:00:00,1483.3333333333333,16.4,0.7
2025-09-10 10:00:00,1490.0,17.0,0.4
2025-09-10 11:00:00,1516.6666666666667,17.8,0.3
2025-09-10 12:00:00,1523.3333333333333,18.4,0.2
2025-09-10 13:00:00,1553.3333333333333,18.8,0.1
2025-09-10 14:00:00,1560.0,19.7,0.0
2025-09-10 15:00:00,1563.3333333333333,21.1,0.0
2025-09-10 16:00:00,1563.3333333333333,22.1,0.0
2025-09-10 17:00:00,1560.0,22.7,0.0
2025-09-10 18:00:00,1560.0,22.7,0.0
2025-09-10 19:00:00,1560.0,21.8,0.0
2025-09-10 20:00:00,1560.0,20.6,0.0
2025-09-10 21:00:00,1560.0,19.2,0.0
2025-09-10 22:00:00,1560.0,19.1,0.3
2025-09-10 23:00:00,1540.0,18.9,0.9
2025-09-11 00:00:00,1520.0,18.6,1.9
2025-09-11 01:00:00,1520.0,18.2,1.4
2025-09-11 02:00:00,1520.0,18.1,0.7
2025-09-11 03:00:00,1520.0,18.0,0.1
2025-09-11 04:00:00,1520.0,17.6,0.0
2025-09-11 05:00:00,1520.0,17.2,0.0
2025-09-11 06:00:00,1520.0,17.1,0.0
2025-09-11 07:00:00,1520.0,17.2,0.1
2025-09-11 08:00:00,1516.6666666666667,18.3,0.0
2025-09-11 09:00:00,1496.6666666666667,19.3,0.0
2025-09-11 10:00:00,1480.0,21.2,0.0
2025-09-11 11:00:00,1480.0,22.8,0.0
2025-09-11 12:00:00,1480.0,23.9,0.1
2025-09-11 13:00:00,1480.0,24.4,0.2
2025-09-11 14:00:00,1480.0,24.6,0.2
2025-09-11 15:00:00,1480.0,24.9,0.2
2025-09-11 16:00:00,1483.3333333333333,25.0,0.0
2025-09-11 17:00:00,1490.0,24.7,0.0
2025-09-11 18:00:00,1493.3333333333333,24.2,0.0
2025-09-11 19:00:00,1480.0,23.2,0.0
2025-09-11 20:00:00,1480.0,21.4,0.0
2025-09-11 21:00:00,1480.0,21.0,0.0
2025-09-11 22:00:00,1480.0,20.3,0.0
2025-09-11 23:00:00,1480.0,19.4,0.0
2025-09-12 00:00:00,1480.0,18.8,0.0
2025-09-12 01:00:00,1480.0,18.4,0.0
2025-09-12 02:00:00,1480.0,18.0,0.0
2025-09-12 03:00:00,1480.0,17.6,0.0
2025-09-12 04:00:00,1480.0,17.4,0.0
2025-09-12 05:00:00,1480.0,17.1,0.0
2025-09-12 06:00:00,1480.0,16.9,0.0
2025-09-12 07:00:00,1480.0,16.9,0.0
2025-09-12 08:00:00,1480.0,17.8,0.0
2025-09-12 09:00:00,1456.6666666666667,19.1,0.0
2025-09-12 10:00:00,1440.0,21.5,0.0
2025-09-12 11:00:00,1440.0,23.5,0.0
2025-09-12 12:00:00,1436.6666666666667,25.1,0.0
2025-09-12 13:00:00,1436.6666666666667,26.2,0.0
2025-09-12 14:00:00,1400.0,26.8,0.0
2025-09-12 15:00:00,1400.0,26.7,0.0
2025-09-12 16:00:00,1403.3333333333333,26.5,0.0
2025-09-12 17:00:00,1403.3333333333333,25.8,0.0
2025-09-12 18:00:00,1400.0,24.8,0.0
2025-09-12 19:00:00,1400.0,23.3,0.0
2025-09-12 20:00:00,1400.0,21.7,0.0
2025-09-12 21:00:00,1400.0,21.5,0.0
2025-09-12 22:00:00,1400.0,20.7,0.0
2025-09-12 23:00:00,1400.0,19.8,0.0
2025-09-13 00:00:00,1400.0,19.0,0.0
2025-09-13 01:00:00,1400.0,18.4,0.0
2025-09-13 02:00:00,1393.3333333333333,17.9,0.0
2025-09-13 03:00:00,1393.3333333333333,17.3,0.0
2025-09-13 04:00:00,1373.3333333333333,16.7,0.0
2025-09-13 05:00:00,1370.0,16.3,0.0
2025-09-13 06:00:00,1363.3333333333333,16.3,0.0
2025-09-13 07:00:00,1360.0,15.9,0.0
2025-09-13 08:00:00,1360.0,17.3,0.0
2025-09-13 09:00:00,1360.0,18.3,0.0
2025-09-13 10:00:00,1360.0,21.4,0.0
2025-09-13 11:00:00,1360.0,24.0,0.0
2025-09-13 12:00:00,1360.0,25.9,0.0
2025-09-13 13:00:00,1360.0,27.1,0.0
2025-09-13 14:00:00,1360.0,27.9,0.0
2025-09-13 15:00:00,1360.0,28.6,0.0
2025-09-13 16:00:00,1360.0,28.4,0.0
2025-09-13 17:00:00,1363.3333333333333,28.1,0.0
2025-09-13 18:00:00,1360.0,27.7,0.0
2025-09-13 19:00:00,1363.3333333333333,26.2,0.0
2025-09-13 20:00:00,1360.0,24.3,0.0
2025-09-13 21:00:00,1360.0,22.7,0.0
2025-09-13 22:00:00,1360.0,21.8,0.0
2025-09-13 23:00:00,1360.0,21.0,0.0
2025-09-14 00:00:00,1360.0,20.3,0.0
2025-09-14 01:00:00,1360.0,19.8,0.0
2025-09-14 02:00:00,1360.0,19.7,0.0
2025-09-14 03:00:00,1360.0,19.1,0.0
2025-09-14 04:00:00,1360.0,18.4,0.0
2025-09-14 05:00:00,1360.0,17.8,0.0
2025-09-14 06:00:00,1340.0,17.3,0.0
2025-09-14 07:00:00,1320.0,17.1,0.0
2025-09-14 08:00:00,1320.0,18.2,0.0
2025-09-14 09:00:00,1320.0,20.5,0.0
2025-09-14 10:00:00,1320.0,22.9,0.0
2025-09-14 11:00:00,1320.0,25.2,0.0
2025-09-14 12:00:00,1315.0,26.8,0.0
2025-09-14 13:00:00,1320.0,28.2,0.0
2025-09-14 14:00:00,1320.0,28.9,0.1
2025-09-14 15:00:00,1323.3333333333333,29.4,0.0
2025-09-14 16:00:00,1356.6666666666667,29.1,0.0
2025-09-14 17:00:00,1360.0,28.8,0.0
2025-09-14 18:00:00,1363.3333333333333,28.1,0.0
2025-09-14 19:00:00,1360.0,26.7,0.0
2025-09-14 20:00:00,1360.0,25.3,0.0
2025-09-14 21:00:00,1356.6666666666667,24.4,0.0
2025-09-14 22:00:00,1346.6666666666667,23.6,0.0
2025-09-14 23:00:00,1320.0,22.8,0.0
2025-09-15 00:00:00,1320.0,21.9,0.0
2025-09-15 01:00:00,1320.0,20.9,0.0
2025-09-15 02:00:00,1307.5,20.1,0.0
2025-09-15 03:00:00,1290.0,19.5,0.0
2025-09-15 04:00:00,1290.0,19.0,0.0
2025-09-15 05:00:00,1290.0,18.6,0.0
2025-09-15 06:00:00,1290.0,18.2,0.0
2025-09-15 07:00:00,1286.6666666666667,18.1,0.0
2025-09-15 08:00:00,1260.0,19.1,0.0
2025-09-15 09:00:00,1253.3333333333333,21.2,0.0
2025-09-15 10:00:00,1250.0,23.2,0.0
2025-09-15 11:00:00,1250.0,24.8,0.0
2025-09-15 12:00:00,1250.0,25.5,0.0
2025-09-15 13:00:00,1240.0,25.8,0.0
2025-09-15 14:00:00,1220.0,26.5,0.0
2025-09-15 15:00:00,1220.0,27.0,0.0
2025-09-15 16:00:00,1219.1666666666667,26.7,0.0
2025-09-15 17:00:00,1222.5,26.1,0.0
2025-09-15 18:00:00,1227.5,25.2,0.0
2025-09-15 19:00:00,1230.0,24.4,0.0
2025-09-15 20:00:00,1242.5,23.4,0.0
2025-09-15 21:00:00,1243.3333333333333,22.3,0.0
2025-09-15 22:00:00,1243.3333333333333,21.5,0.0
2025-09-15 23:00:00,1213.3333333333333,21.1,0.0
2025-09-16 00:00:00,1210.0,20.5,0.0
2025-09-16 01:00:00,1210.0,19.8,0.0
2025-09-16 02:00:00,1205.0,19.3,0.0
2025-09-16 03:00:00,1182.5,19.1,0.0
2025-09-16 04:00:00,1180.0,18.9,0.0
2025-09-16 05:00:00,1180.0,18.6,0.0
2025-09-16 06:00:00,1170.0,18.5,0.0
2025-09-16 07:00:00,1156.6666666666667,18.6,0.0
2025-09-16 08:00:00,1180.0,18.9,0.0
2025-09-16 09:00:00,1180.0,18.9,0.0
2025-09-16 10:00:00,1205.0,20.6,0.0
2025-09-16 11:00:00,1213.3333333333333,21.5,0.0
2025-09-16 12:00:00,1243.3333333333333,21.3,0.0
2025-09-16 13:00:00,1246.6666666666667,23.1,0.0
2025-09-16 14:00:00,1250.0,22.6,0.0
2025-09-16 15:00:00,1256.6666666666667,21.4,0.2
2025-09-16 16:00:00,1262.5,21.3,0.1
2025-09-16 17:00:00,1247.5,21.9,0.0
2025-09-16 18:00:00,1253.3333333333333,22.1,0.0
2025-09-16 19:00:00,1246.6666666666667,21.4,0.0
2025-09-16 20:00:00,1275.0,20.9,0.0
2025-09-16 21:00:00,1325.8333333333333,16.7,2.8
2025-09-16 22:00:00,1370.0,16.6,8.2
2025-09-16 23:00:00,1340.0,16.4,0.7
2025-09-17 00:00:00,1420.8333333333333,16.5,0.0
2025-09-17 01:00:00,1496.6666666666667,16.5,0.0
2025-09-17 02:00:00,1496.6666666666667,16.4,0.5
2025-09-17 03:00:00,1513.3333333333333,16.6,0.8
2025-09-17 04:00:00,1513.3333333333333,16.2,2.1
2025-09-17 05:00:00,1510.0,16.6,0.0
2025-09-17 06:00:00,1530.0,16.7,0.0
2025-09-17 07:00:00,1550.0,16.8,0.1
2025-09-17 08:00:00,1576.6666666666667,17.1,0.1
2025-09-17 09:00:00,1580.0,17.0,0.1
2025-09-17 10:00:00,1563.3333333333333,17.2,0.1
2025-09-17 11:00:00,1560.0,18.1,0.2
2025-09-17 12:00:00,1580.0,19.0,0.1
2025-09-17 13:00:00,1583.3333333333333,20.2,0.0
2025-09-17 14:00:00,1586.6666666666667,20.8,0.2
2025-09-17 15:00:00,1600.0,20.9,0.5
2025-09-17 16:00:00,1616.6666666666667,21.0,0.4
2025-09-17 17:00:00,1630.0,20.8,0.1
2025-09-17 18:00:00,1630.0,20.9,0.0
2025-09-17 19:00:00,1630.0,20.3,0.0
2025-09-17 20:00:00,1630.0,19.8,0.0
2025-09-17 21:00:00,1640.0,18.5,0.0
2025-09-17 22:00:00,1633.3333333333333,18.4,0.2
2025-09-17 23:00:00,1666.6666666666667,18.4,0.1
2025-09-18 00:00:00,1670.0,18.2,0.1
2025-09-18 01:00:00,1670.0,18.1,0.0
2025-09-18 02:00:00,1690.0,17.4,0.0
2025-09-18 03:00:00,1716.6666666666667,17.1,0.0
2025-09-18 04:00:00,1750.0,17.3,0.0
2025-09-18 05:00:00,1795.8333333333333,17.7,0.0
2025-09-18 06:00:00,1806.6666666666667,17.9,0.0
2025-09-18 07:00:00,1840.0,17.9,0.0
2025-09-18 08:00:00,1833.3333333333333,18.2,0.0
2025-09-18 09:00:00,1820.0,19.3,0.0
2025-09-18 10:00:00,1800.0,21.1,0.0
2025-09-18 11:00:00,1800.0,22.4,0.1
2025-09-18 12:00:00,1800.0,23.2,0.0
2025-09-18 13:00:00,1791.6666666666667,24.6,0.0
2025-09-18 14:00:00,1800.0,25.2,0.0
2025-09-18 15:00:00,1800.0,26.0,0.0
2025-09-18 16:00:00,1800.0,26.4,0.0
2025-09-18 17:00:00,1826.6666666666667,26.6,0.0
2025-09-18 18:00:00,1866.6666666666667,26.1,0.0
2025-09-18 19:00:00,1925.0,23.8,0.0
2025-09-18 20:00:00,2005.0,22.6,0.0
2025-09-18 21:00:00,2103.3333333333335,22.3,0.0
2025-09-18 22:00:00,2215.8333333333335,21.7,0.0
2025-09-18 23:00:00,2333.3333333333335,21.2,0.0
2025-09-19 00:00:00,2480.0,20.8,0.0
2025-09-19 01:00:00,2613.3333333333335,20.3,0.0
2025-09-19 02:00:00,2734.1666666666665,19.7,0.0
2025-09-19 03:00:00,2841.6666666666665,18.9,0.0
2025-09-19 04:00:00,2935.8333333333335,18.3,0.0
2025-09-19 05:00:00,2990.0,17.9,0.0
2025-09-19 06:00:00,3010.0,17.9,0.0
2025-09-19 07:00:00,3005.0,17.8,0.0
2025-09-19 08:00:00,2990.0,18.5,0.0
2025-09-19 09:00:00,2990.0,20.0,0.0
2025-09-19 10:00:00,2948.3333333333335,22.7,0.0
2025-09-19 11:00:00,2940.0,24.9,0.0
2025-09-19 12:00:00,2894.1666666666665,26.5,0.0
2025-09-19 13:00:00,2865.0,27.8,0.0
2025-09-19 14:00:00,2830.0,28.6,0.0
2025-09-19 15:00:00,2784.1666666666665,28.9,0.0
2025-09-19 16:00:00,2750.8333333333335,29.0,0.0
2025-09-19 17:00:00,2725.8333333333335,28.8,0.0
2025-09-19 18:00:00,2680.0,27.9,0.0
2025-09-19 19:00:00,2638.3333333333335,26.1,0.0
2025-09-19 20:00:00,2630.0,24.6,0.0
2025-09-19 21:00:00,2625.8333333333335,24.2,0.0
2025-09-19 22:00:00,2580.0,22.7,0.0
2025-09-19 23:00:00,2580.0,22.4,0.0
2025-09-20 00:00:00,2580.0,21.6,0.0
2025-09-20 01:00:00,2588.3333333333335,21.2,0.0
2025-09-20 02:00:00,2580.0,20.7,0.0
2025-09-20 03:00:00,2580.0,20.4,0.0
2025-09-20 04:00:00,2580.0,19.8,0.0
2025-09-20 05:00:00,2571.6666666666665,19.4,0.0
2025-09-20 06:00:00,2525.8333333333335,19.4,0.0
2025-09-20 07:00:00,2471.6666666666665,18.8,0.0
2025-09-20 08:00:00,2425.8333333333335,18.6,0.0
2025-09-20 09:00:00,2392.5,18.2,0.0
2025-09-20 10:00:00,2355.0,17.6,1.2
2025-09-20 11:00:00,2330.0,18.2,4.4
2025-09-20 12:00:00,2330.0,18.9,2.7
2025-09-20 13:00:00,2303.3333333333335,21.3,0.4
2025-09-20 14:00:00,2290.0,22.7,0.0
2025-09-20 15:00:00,2290.0,23.5,0.0
2025-09-20 16:00:00,2265.0,23.7,0.0
2025-09-20 17:00:00,2240.0,23.6,0.0
2025-09-20 18:00:00,2219.1666666666665,23.2,0.0
2025-09-20 19:00:00,2198.3333333333335,22.0,0.0
2025-09-20 20:00:00,2166.6666666666665,21.1,0.0
2025-09-20 21:00:00,2153.3333333333335,20.1,0.1
2025-09-20 22:00:00,2141.6666666666665,19.4,0.0
2025-09-20 23:00:00,2100.0,18.8,0.0
2025-09-21 00:00:00,2100.0,18.3,0.0
2025-09-21 01:00:00,2095.8333333333335,18.1,0.0
2025-09-21 02:00:00,2062.5,17.9,0.0
2025-09-21 03:00:00,2050.0,17.9,0.0
2025-09-21 04:00:00,2050.0,17.9,0.0
2025-09-21 05:00:00,2046.6666666666667,17.8,0.0
2025-09-21 06:00:00,2010.0,17.6,0.0
2025-09-21 07:00:00,2010.0,17.4,0.0
2025-09-21 08:00:00,2013.3333333333333,17.8,0.0
2025-09-21 09:00:00,2033.3333333333333,18.6,2.3
2025-09-21 10:00:00,2050.0,19.5,1.3
2025-09-21 11:00:00,2036.6666666666667,20.1,0.6
2025-09-21 12:00:00,2020.0,21.4,0.2
2025-09-21 13:00:00,2010.0,22.3,0.1
2025-09-21 14:00:00,2010.0,22.8,0.0
2025-09-21 15:00:00,2026.6666666666667,22.9,0.0
2025-09-21 16:00:00,2050.0,23.3,0.0
2025-09-21 17:00:00,2050.0,23.1,0.0
2025-09-21 18:00:00,2050.0,22.4,0.0
2025-09-21 19:00:00,2050.0,21.4,0.0
2025-09-21 20:00:00,2010.0,20.1,0.0
2025-09-21 21:00:00,1980.8333333333333,19.9,0.0
2025-09-21 22:00:00,1960.0,19.4,0.0
2025-09-21 23:00:00,1936.6666666666667,18.4,0.0
2025-09-22 00:00:00,1920.0,17.5,0.0
2025-09-22 01:00:00,1880.0,17.3,0.0
2025-09-22 02:00:00,1880.0,16.9,0.0
2025-09-22 03:00:00,1875.8333333333333,16.3,0.0
2025-09-22 04:00:00,1830.0,15.7,0.0
2025-09-22 05:00:00,1820.0,15.5,0.0
2025-09-22 06:00:00,1790.0,15.3,0.0
2025-09-22 07:00:00,1776.6666666666667,15.0,0.0
2025-09-22 08:00:00,1750.0,16.1,0.0
2025-09-22 09:00:00,1750.0,17.6,0.0
2025-09-22 10:00:00,1740.0,19.0,0.0
2025-09-22 11:00:00,1720.0,20.1,0.0
2025-09-22 12:00:00,1710.0,22.0,0.0
2025-09-22 13:00:00,1710.0,23.7,0.0
2025-09-22 14:00:00,1710.0,24.4,0.0
2025-09-22 15:00:00,1696.6666666666667,24.9,0.0
2025-09-22 16:00:00,1673.3333333333333,25.5,0.0
2025-09-22 17:00:00,1670.0,25.5,0.0
2025-09-22 18:00:00,1670.0,25.2,0.0
2025-09-22 19:00:00,1666.6666666666667,23.3,0.0
2025-09-22 20:00:00,1646.6666666666667,21.9,0.0
2025-09-22 21:00:00,1630.0,21.2,0.0
2025-09-22 22:00:00,1606.6666666666667,20.4,0.0
2025-09-22 23:00:00,1590.0,19.8,0.0
2025-09-23 00:00:00,1590.0,19.2,0.0
2025-09-23 01:00:00,1550.0,18.9,0.0
2025-09-23 02:00:00,1550.0,18.6,0.0
2025-09-23 03:00:00,1550.0,18.3,0.0
2025-09-23 04:00:00,1523.3333333333333,18.0,0.0
2025-09-23 05:00:00,1510.0,17.7,0.0
2025-09-23 06:00:00,1510.0,17.4,0.0
2025-09-23 07:00:00,1510.0,17.2,0.0
2025-09-23 08:00:00,1510.0,18.0,0.0
2025-09-23 09:00:00,1510.0,20.1,0.0
2025-09-23 10:00:00,1510.0,22.1,0.0
2025-09-23 11:00:00,1506.6666666666667,24.0,0.0
2025-09-23 12:00:00,1503.3333333333333,25.9,0.0
2025-09-23 13:00:00,1503.3333333333333,26.9,0.0
2025-09-23 14:00:00,1510.0,27.6,0.0
2025-09-23 15:00:00,1506.6666666666667,28.4,0.0
2025-09-23 16:00:00,1486.6666666666667,28.5,0.0
2025-09-23 17:00:00,1490.0,24.8,1.7
2025-09-23 18:00:00,1496.6666666666667,25.1,0.0
2025-09-23 19:00:00,1473.3333333333333,24.5,0.0
2025-09-23 20:00:00,1456.6666666666667,24.0,0.0
2025-09-23 21:00:00,1470.0,20.9,9.9
2025-09-23 22:00:00,1470.0,20.5,0.9
2025-09-23 23:00:00,1470.0,20.0,0.0
2025-09-24 00:00:00,1470.0,20.2,0.0
2025-09-24 01:00:00,1470.0,20.0,0.0
2025-09-24 02:00:00,1470.0,19.8,0.0
2025-09-24 03:00:00,1470.0,19.5,0.0
2025-09-24 04:00:00,1470.0,18.8,0.0
2025-09-24 05:00:00,1476.6666666666667,18.3,0.0
2025-09-24 06:00:00,1470.0,18.1,0.0
2025-09-24 07:00:00,1470.0,18.1,0.0
2025-09-24 08:00:00,1470.0,19.2,0.0
2025-09-24 09:00:00,1470.0,20.5,0.0
2025-09-24 10:00:00,1470.0,22.0,0.0
2025-09-24 11:00:00,1473.3333333333333,23.2,0.0
2025-09-24 12:00:00,1498.3333333333333,23.0,0.1
2025-09-24 13:00:00,1500.0,23.6,0.0
2025-09-24 14:00:00,1503.3333333333333,24.0,0.0
2025-09-24 15:00:00,1540.0,24.0,0.0
2025-09-24 16:00:00,1540.0,23.8,0.2
2025-09-24 17:00:00,1550.0,23.5,0.5
2025-09-24 18:00:00,1580.0,23.2,0.2
2025-09-24 19:00:00,1580.0,22.4,0.1
2025-09-24 20:00:00,1583.3333333333333,22.0,0.0
2025-09-24 21:00:00,1586.6666666666667,22.1,0.4
2025-09-24 22:00:00,1580.0,21.4,0.0
2025-09-24 23:00:00,1586.6666666666667,21.1,0.0
2025-09-25 00:00:00,1583.3333333333333,21.3,0.0
2025-09-25 01:00:00,1586.6666666666667,21.4,0.0
2025-09-25 02:00:00,1583.3333333333333,21.4,0.0
2025-09-25 03:00:00,1580.0,21.2,0.0
2025-09-25 04:00:00,1580.0,21.2,0.0
2025-09-25 05:00:00,1580.0,21.1,0.5
2025-09-25 06:00:00,1580.0,21.0,0.6
2025-09-25 07:00:00,1580.0,20.7,0.8
2025-09-25 08:00:00,1580.0,20.7,2.0
2025-09-25 09:00:00,1580.0,21.6,1.4
2025-09-25 10:00:00,1600.0,22.0,1.3
2025-09-25 11:00:00,1620.0,23.4,0.2
2025-09-25 12:00:00,1705.0,25.0,0.0
2025-09-25 13:00:00,1745.8333333333333,26.5,0.0
2025-09-25 14:00:00,1741.6666666666667,27.3,0.1
2025-09-25 15:00:00,1786.6666666666667,27.6,0.0
2025-09-25 16:00:00,1830.0,28.3,0.0
2025-09-25 17:00:00,1810.0,26.9,0.0
2025-09-25 18:00:00,1790.0,26.4,0.0
2025-09-25 19:00:00,1796.6666666666667,24.3,0.0
2025-09-25 20:00:00,1793.3333333333333,24.1,0.0
2025-09-25 21:00:00,1800.0,21.5,9.0
2025-09-25 22:00:00,1790.0,21.7,0.2
2025-09-25 23:00:00,1790.0,21.2,0.0
2025-09-26 00:00:00,1790.0,20.5,0.0
2025-09-26 01:00:00,1790.0,20.8,0.0
2025-09-26 02:00:00,1783.3333333333333,20.8,0.0
2025-09-26 03:00:00,1766.6666666666667,20.6,0.0
2025-09-26 04:00:00,1750.0,20.4,0.0
2025-09-26 05:00:00,1745.8333333333333,20.3,0.0
2025-09-26 06:00:00,1700.0,20.1,0.0
2025-09-26 07:00:00,1666.6666666666667,19.4,0.0
2025-09-26 08:00:00,1656.6666666666667,19.7,0.0
2025-09-26 09:00:00,1620.0,21.1,0.0
2025-09-26 10:00:00,1610.0,23.0,0.0
2025-09-26 11:00:00,1580.0,24.4,0.0
2025-09-26 12:00:00,1580.0,25.4,0.0
2025-09-26 13:00:00,1546.6666666666667,25.9,0.0
2025-09-26 14:00:00,1550.0,26.5,0.1
2025-09-26 15:00:00,1553.3333333333333,26.8,0.1
2025-09-26 16:00:00,1570.0,26.7,0.0
2025-09-26 17:00:00,1580.0,26.4,0.0
2025-09-26 18:00:00,1590.0,25.5,0.0
2025-09-26 19:00:00,1600.0,24.3,0.0
2025-09-26 20:00:00,1620.0,23.6,0.0
2025-09-26 21:00:00,1620.0,23.1,0.0
2025-09-26 22:00:00,1620.0,22.5,0.0
2025-09-26 23:00:00,1630.0,21.9,0.0
2025-09-27 00:00:00,1656.6666666666667,21.2,0.0
2025-09-27 01:00:00,1660.0,20.8,0.0
2025-09-27 02:00:00,1660.0,20.3,0.0
2025-09-27 03:00:00,1660.0,20.1,0.0
2025-09-27 04:00:00,1660.0,20.0,0.0
2025-09-27 05:00:00,1660.0,19.7,0.0
2025-09-27 06:00:00,1660.0,19.5,0.0
2025-09-27 07:00:00,1656.6666666666667,19.3,0.0
2025-09-27 08:00:00,1660.0,20.1,0.0
2025-09-27 09:00:00,1660.0,20.9,0.0
2025-09-27 10:00:00,1660.0,21.8,0.0
2025-09-27 11:00:00,1666.6666666666667,22.9,0.0
2025-09-27 12:00:00,1690.0,23.7,0.0
2025-09-27 13:00:00,1700.0,23.4,0.2
2025-09-27 14:00:00,1703.3333333333333,23.2,0.0
2025-09-27 15:00:00,1740.0,23.3,0.0
2025-09-27 16:00:00,1785.8333333333333,23.3,0.0
2025-09-27 17:00:00,1790.0,22.6,0.1
2025-09-27 18:00:00,1790.0,22.0,0.1
2025-09-27 19:00:00,1790.0,21.4,0.0
2025-09-27 20:00:00,1803.3333333333333,20.9,0.0
2025-09-27 21:00:00,1813.3333333333333,20.2,0.5
2025-09-27 22:00:00,1830.0,19.8,0.1
2025-09-27 23:00:00,1830.0,20.0,0.0
2025-09-28 00:00:00,1833.3333333333333,19.5,0.0
2025-09-28 01:00:00,1870.0,18.9,0.0
2025-09-28 02:00:00,1876.6666666666667,18.5,0.0
2025-09-28 03:00:00,1910.0,18.5,0.0
2025-09-28 04:00:00,1910.0,18.6,0.0
2025-09-28 05:00:00,1922.5,18.4,0.0
2025-09-28 06:00:00,1960.0,17.8,0.0
2025-09-28 07:00:00,1960.0,17.5,0.0
2025-09-28 08:00:00,1960.0,18.3,0.0
2025-09-28 09:00:00,1960.0,19.9,0.0
2025-09-28 10:00:00,1960.0,21.6,0.0
2025-09-28 11:00:00,1963.3333333333333,23.2,0.0
2025-09-28 12:00:00,1993.3333333333333,24.3,0.0
2025-09-28 13:00:00,2000.0,25.2,0.0
2025-09-28 14:00:00,2000.0,25.8,0.0
2025-09-28 15:00:00,2000.0,26.0,0.0
2025-09-28 16:00:00,2012.5,26.6,0.0
2025-09-28 17:00:00,2025.0,26.3,0.0
2025-09-28 18:00:00,2050.0,25.3,0.0
2025-09-28 19:00:00,2041.6666666666667,23.2,0.0
2025-09-28 20:00:00,2029.1666666666667,22.1,0.0
2025-09-28 21:00:00,2000.0,22.3,0.0
2025-09-28 22:00:00,1976.6666666666667,21.3,0.0
2025-09-28 23:00:00,1960.0,20.3,0.0
2025-09-29 00:00:00,1935.0,19.7,0.0
2025-09-29 01:00:00,1910.0,19.2,0.0
2025-09-29 02:00:00,1910.0,18.8,0.0
2025-09-29 03:00:00,1896.6666666666667,18.5,0.0
2025-09-29 04:00:00,1873.3333333333333,18.5,0.0
2025-09-29 05:00:00,1870.0,18.6,0.0
2025-09-29 06:00:00,1870.0,18.7,0.0
2025-09-29 07:00:00,1856.6666666666667,18.7,0.0
2025-09-29 08:00:00,1833.3333333333333,19.2,0.0
2025-09-29 09:00:00,1833.3333333333333,20.9,0.0
2025-09-29 10:00:00,1856.6666666666667,21.6,0.0
2025-09-29 11:00:00,1866.6666666666667,22.2,0.0
2025-09-29 12:00:00,1870.0,22.3,0.0
2025-09-29 13:00:00,1870.0,22.9,0.0
2025-09-29 14:00:00,1873.3333333333333,22.9,0.0
2025-09-29 15:00:00,1873.3333333333333,23.1,0.0
2025-09-29 16:00:00,1903.3333333333333,23.0,0.0
2025-09-29 17:00:00,1910.0,22.9,0.0
2025-09-29 18:00:00,1910.0,22.3,0.0
2025-09-29 19:00:00,1903.3333333333333,21.6,0.0
2025-09-29 20:00:00,1883.3333333333333,21.3,0.0
2025-09-29 21:00:00,1873.3333333333333,21.3,0.2
2025-09-29 22:00:00,1870.0,20.9,0.2
2025-09-29 23:00:00,1870.0,20.8,0.0
2025-09-30 00:00:00,1843.3333333333333,20.8,0.0
2025-09-30 01:00:00,1830.0,20.5,0.0
2025-09-30 02:00:00,1830.0,20.3,0.0
2025-09-30 03:00:00,1830.0,20.1,0.0
2025-09-30 04:00:00,1830.0,19.9,0.0
2025-09-30 05:00:00,1830.0,19.7,0.0
2025-09-30 06:00:00,1830.0,19.5,0.0
2025-09-30 07:00:00,1830.0,19.4,0.0
2025-09-30 08:00:00,1830.0,19.5,0.0
2025-09-30 09:00:00,1830.0,19.8,0.0
2025-09-30 10:00:00,1833.3333333333333,20.4,0.0
2025-09-30 11:00:00,1830.0,21.2,0.0
2025-09-30 12:00:00,1830.0,21.7,0.0
2025-09-30 13:00:00,1830.0,23.1,0.0
2025-09-30 14:00:00,1830.0,23.5,0.0
2025-09-30 15:00:00,1830.0,22.7,0.0
2025-09-30 16:00:00,1830.0,23.2,0.0
2025-09-30 17:00:00,1830.0,23.2,0.0
2025-09-30 18:00:00,1830.0,22.0,0.0
2025-09-30 19:00:00,1825.8333333333333,20.5,0.0
2025-09-30 20:00:00,1800.8333333333333,20.2,0.0
2025-09-30 21:00:00,1809.1666666666667,19.9,0.0
2025-09-30 22:00:00,1821.6666666666667,19.6,0.0
2025-09-30 23:00:00,1817.5,19.3,0.0
2025-10-01 00:00:00,1821.6666666666667,18.9,0.0
2025-10-01 01:00:00,1809.1666666666667,18.5,0.0
2025-10-01 02:00:00,1780.0,18.0,0.0
2025-10-01 03:00:00,1780.0,17.9,0.0
2025-10-01 04:00:00,1780.0,17.7,0.0
2025-10-01 05:00:00,1780.0,17.1,0.0
2025-10-01 06:00:00,1780.0,16.2,0.0
2025-10-01 07:00:00,1786.6666666666667,15.4,0.0
2025-10-01 08:00:00,1806.6666666666667,15.7,0.0
2025-10-01 09:00:00,1820.0,16.9,0.0
2025-10-01 10:00:00,1820.0,17.9,0.0
2025-10-01 11:00:00,1820.0,18.8,0.0
2025-10-01 12:00:00,1820.0,19.6,0.0
2025-10-01 13:00:00,1832.5,20.3,0.0
2025-10-01 14:00:00,1828.3333333333333,21.6,0.0
2025-10-01 15:00:00,1849.1666666666667,22.2,0.0
2025-10-01 16:00:00,1870.0,22.2,0.0
2025-10-01 17:00:00,1870.0,21.7,0.0
2025-10-01 18:00:00,1875.8333333333333,20.4,0.0
2025-10-01 19:00:00,1832.5,18.0,0.0
2025-10-01 20:00:00,1824.1666666666667,17.2,0.0
2025-10-01 21:00:00,1820.0,16.5,0.0
2025-10-01 22:00:00,1793.3333333333333,15.7,0.0
2025-10-01 23:00:00,1780.0,15.1,0.0
2025-10-02 00:00:00,1740.0,14.7,0.0
2025-10-02 01:00:00,1733.3333333333333,14.1,0.0
2025-10-02 02:00:00,1703.3333333333333,12.9,0.0
2025-10-02 03:00:00,1700.0,11.8,0.0
2025-10-02 04:00:00,1700.0,11.1,0.0
2025-10-02 05:00:00,1696.6666666666667,10.6,0.0
2025-10-02 06:00:00,1696.6666666666667,10.3,0.0
2025-10-02 07:00:00,1696.6666666666667,10.2,0.0
2025-10-02 08:00:00,1696.6666666666667,11.7,0.0
2025-10-02 09:00:00,1690.0,14.2,0.0
2025-10-02 10:00:00,1700.0,16.2,0.0
2025-10-02 11:00:00,1700.0,18.0,0.0
2025-10-02 12:00:00,1703.3333333333333,19.1,0.0
2025-10-02 13:00:00,1740.0,19.9,0.0
2025-10-02 14:00:00,1740.0,20.8,0.0
2025-10-02 15:00:00,1756.6666666666667,21.0,0.0
2025-10-02 16:00:00,1756.6666666666667,20.5,0.0
2025-10-02 17:00:00,1773.3333333333333,20.2,0.0
2025-10-02 18:00:00,1790.0,19.4,0.0
2025-10-02 19:00:00,1790.0,17.6,0.0
2025-10-02 20:00:00,1780.0,16.9,0.0
2025-10-02 21:00:00,1806.6666666666667,16.0,0.0
2025-10-02 22:00:00,1786.6666666666667,15.3,0.0
2025-10-02 23:00:00,1780.0,14.6,0.0
2025-10-03 00:00:00,1780.0,13.8,0.0
2025-10-03 01:00:00,1766.6666666666667,13.2,0.0
2025-10-03 02:00:00,1743.3333333333333,11.7,0.0
2025-10-03 03:00:00,1740.0,10.9,0.0
2025-10-03 04:00:00,1740.0,10.6,0.0
2025-10-03 05:00:00,1740.0,10.3,0.0
2025-10-03 06:00:00,1736.6666666666667,10.1,0.0
2025-10-03 07:00:00,1740.0,9.9,0.0
2025-10-03 08:00:00,1740.0,10.9,0.0
2025-10-03 09:00:00,1740.0,13.3,0.0
2025-10-03 10:00:00,1750.0,15.8,0.0
2025-10-03 11:00:00,1770.0,17.8,0.0
2025-10-03 12:00:00,1740.0,19.0,0.0
2025-10-03 13:00:00,1750.0,19.9,0.0
2025-10-03 14:00:00,1756.6666666666667,20.7,0.0
2025-10-03 15:00:00,1750.0,21.3,0.0
2025-10-03 16:00:00,1750.0,21.5,0.0
2025-10-03 17:00:00,1743.3333333333333,21.4,0.0
2025-10-03 18:00:00,1740.0,20.7,0.0
2025-10-03 19:00:00,1740.0,18.7,0.0
2025-10-03 20:00:00,1736.6666666666667,17.3,0.0
2025-10-03 21:00:00,1703.3333333333333,15.9,0.0
2025-10-03 22:00:00,1693.3333333333333,14.9,0.0
2025-10-03 23:00:00,1663.3333333333333,14.2,0.0
2025-10-04 00:00:00,1660.0,13.8,0.0
2025-10-04 01:00:00,1660.0,13.5,0.0
2025-10-04 02:00:00,1635.0,12.4,0.0
2025-10-04 03:00:00,1610.0,11.4,0.0
2025-10-04 04:00:00,1610.0,11.0,0.0
2025-10-04 05:00:00,1596.6666666666667,10.7,0.0
2025-10-04 06:00:00,1570.0,10.4,0.0
2025-10-04 07:00:00,1570.0,10.1,0.0
2025-10-04 08:00:00,1570.0,11.3,0.0
2025-10-04 09:00:00,1570.0,13.5,0.0
2025-10-04 10:00:00,1570.0,16.5,0.0
2025-10-04 11:00:00,1570.0,19.4,0.0
2025-10-04 12:00:00,1570.0,21.6,0.0
2025-10-04 13:00:00,1570.0,23.2,0.0
2025-10-04 14:00:00,1570.0,24.2,0.0
2025-10-04 15:00:00,1570.0,24.7,0.0
2025-10-04 16:00:00,1570.0,24.8,0.0
2025-10-04 17:00:00,1573.3333333333333,24.4,0.0
2025-10-04 18:00:00,1600.0,23.1,0.0
2025-10-04 19:00:00,1603.3333333333333,20.9,0.0
2025-10-04 20:00:00,1610.0,19.9,0.0
2025-10-04 21:00:00,1610.0,18.4,0.0
2025-10-04 22:00:00,1590.0,17.6,0.0
2025-10-04 23:00:00,1576.6666666666667,17.0,0.0
2025-10-05 00:00:00,1573.3333333333333,16.2,0.0
2025-10-05 01:00:00,1573.3333333333333,15.4,0.0
2025-10-05 02:00:00,1570.0,13.9,0.0
2025-10-05 03:00:00,1570.0,13.0,0.0
2025-10-05 04:00:00,1566.6666666666667,12.6,0.0
2025-10-05 05:00:00,1533.3333333333333,12.3,0.0
2025-10-05 06:00:00,1530.0,11.8,0.0
2025-10-05 07:00:00,1530.0,11.3,0.0
2025-10-05 08:00:00,1523.3333333333333,12.1,0.0
2025-10-05 09:00:00,1530.0,14.8,0.0
2025-10-05 10:00:00,1530.0,18.0,0.0
2025-10-05 11:00:00,1530.0,20.8,0.0
2025-10-05 12:00:00,1530.0,22.9,0.0
2025-10-05 13:00:00,1530.0,24.3,0.0
2025-10-05 14:00:00,1530.0,25.7,0.0
2025-10-05 15:00:00,1530.0,26.5,0.0
2025-10-05 16:00:00,1530.0,26.7,0.0
2025-10-05 17:00:00,1526.6666666666667,26.4,0.0
2025-10-05 18:00:00,1516.6666666666667,24.9,0.0
2025-10-05 19:00:00,1510.0,22.2,0.0
2025-10-05 20:00:00,1490.0,20.7,0.0
2025-10-05 21:00:00,1490.0,19.8,0.0
2025-10-05 22:00:00,1477.5,18.9,0.0
2025-10-05 23:00:00,1460.0,18.0,0.0
2025-10-06 00:00:00,1460.0,17.2,0.0
2025-10-06 01:00:00,1460.0,16.6,0.0
2025-10-06 02:00:00,1460.0,15.6,0.0
2025-10-06 03:00:00,1460.0,15.0,0.0
2025-10-06 04:00:00,1460.0,14.6,0.0
2025-10-06 05:00:00,1460.0,14.3,0.0
2025-10-06 06:00:00,1440.0,14.0,0.0
2025-10-06 07:00:00,1420.0,13.7,0.0
2025-10-06 08:00:00,1406.6666666666667,14.1,0.0
2025-10-06 09:00:00,1380.0,16.2,0.0
2025-10-06 10:00:00,1380.0,18.9,0.0
2025-10-06 11:00:00,1373.3333333333333,21.6,0.0
2025-10-06 12:00:00,1343.3333333333333,24.0,0.0
2025-10-06 13:00:00,1340.0,25.9,0.0
2025-10-06 14:00:00,1340.0,27.4,0.0
2025-10-06 15:00:00,1340.0,28.2,0.0
2025-10-06 16:00:00,1340.0,28.4,0.0
2025-10-06 17:00:00,1373.3333333333333,27.9,0.0
2025-10-06 18:00:00,1386.6666666666667,26.4,0.0
2025-10-06 19:00:00,1400.0,24.2,0.0
2025-10-06 20:00:00,1420.0,23.1,0.0
2025-10-06 21:00:00,1420.0,22.1,0.0
2025-10-06 22:00:00,1416.6666666666667,20.9,0.0
2025-10-06 23:00:00,1413.3333333333333,19.9,0.0
2025-10-07 00:00:00,1416.6666666666667,19.2,0.0
2025-10-07 01:00:00,1416.6666666666667,18.6,0.0
2025-10-07 02:00:00,1413.3333333333333,17.9,0.0
2025-10-07 03:00:00,1386.6666666666667,17.2,0.0
2025-10-07 04:00:00,1380.0,16.8,0.0
2025-10-07 05:00:00,1380.0,16.4,0.0
2025-10-07 06:00:00,1363.3333333333333,16.0,0.0
2025-10-07 07:00:00,1343.3333333333333,15.8,0.0
2025-10-07 08:00:00,1340.0,16.2,0.0
2025-10-07 09:00:00,1340.0,17.9,0.0
2025-10-07 10:00:00,1340.0,20.3,0.0
2025-10-07 11:00:00,1350.0,22.9,0.0
2025-10-07 12:00:00,1350.0,25.3,0.0
2025-10-07 13:00:00,1346.6666666666667,26.8,0.0
2025-10-07 14:00:00,1376.6666666666667,26.5,0.0
2025-10-07 15:00:00,1360.0,26.4,0.0
2025-10-07 16:00:00,1350.0,26.6,0.0
2025-10-07 17:00:00,1353.3333333333333,26.9,0.0
2025-10-07 18:00:00,1340.0,25.9,0.0
2025-10-07 19:00:00,1333.3333333333333,24.8,0.0
2025-10-07 20:00:00,1326.6666666666667,23.9,0.1
2025-10-07 21:00:00,1333.3333333333333,23.3,0.0
2025-10-07 22:00:00,1326.6666666666667,22.5,0.9
2025-10-07 23:00:00,1336.6666666666667,21.0,1.3
2025-10-08 00:00:00,1333.3333333333333,20.3,0.5
2025-10-08 01:00:00,1340.0,20.1,0.2
2025-10-08 02:00:00,1343.3333333333333,19.9,0.0
2025-10-08 03:00:00,1360.0,19.9,0.0
2025-10-08 04:00:00,1340.0,19.8,0.1
2025-10-08 05:00:00,1340.0,20.0,0.3
2025-10-08 06:00:00,1340.0,19.9,0.1
2025-10-08 07:00:00,1340.0,19.8,0.0
2025-10-08 08:00:00,1360.0,20.1,0.0
2025-10-08 09:00:00,1363.3333333333333,20.6,0.2
2025-10-08 10:00:00,1380.0,22.2,0.0
2025-10-08 11:00:00,1382.5,21.2,3.2
2025-10-08 12:00:00,1382.5,21.2,0.0
2025-10-08 13:00:00,1395.0,21.1,0.0
2025-10-08 14:00:00,1410.0,18.6,0.0
2025-10-08 15:00:00,1423.3333333333333,19.5,0.0
2025-10-08 16:00:00,1388.3333333333333,20.6,0.0
2025-10-08 17:00:00,1411.6666666666667,20.8,0.0
2025-10-08 18:00:00,1453.3333333333333,19.9,0.0
2025-10-08 19:00:00,1480.0,18.2,0.0
2025-10-08 20:00:00,1466.6666666666667,16.9,0.0
2025-10-08 21:00:00,1493.3333333333333,15.4,0.0
2025-10-08 22:00:00,1493.3333333333333,14.8,0.0
2025-10-08 23:00:00,1490.0,14.2,0.0
2025-10-09 00:00:00,1490.0,13.6,0.0
2025-10-09 01:00:00,1490.0,13.1,0.0
2025-10-09 02:00:00,1490.0,12.3,0.0
2025-10-09 03:00:00,1490.0,11.4,0.0
2025-10-09 04:00:00,1456.6666666666667,10.8,0.0
2025-10-09 05:00:00,1450.0,10.4,0.0
2025-10-09 06:00:00,1450.0,10.0,0.0
2025-10-09 07:00:00,1443.3333333333333,9.7,0.0
2025-10-09 08:00:00,1413.3333333333333,10.2,0.0
2025-10-09 09:00:00,1410.0,11.9,0.0
2025-10-09 10:00:00,1407.5,13.6,0.0
2025-10-09 11:00:00,1402.5,15.0,0.0
2025-10-09 12:00:00,1346.6666666666667,16.1,0.0
2025-10-09 13:00:00,1343.3333333333333,16.8,0.0
2025-10-09 14:00:00,1353.3333333333333,17.3,0.0
2025-10-09 15:00:00,1366.6666666666667,17.8,0.0
2025-10-09 16:00:00,1363.3333333333333,17.8,0.0
2025-10-09 17:00:00,1382.5,17.4,0.0
2025-10-09 18:00:00,1387.5,16.4,0.0
2025-10-09 19:00:00,1390.0,14.4,0.0
2025-10-09 20:00:00,1397.5,13.6,0.0
2025-10-09 21:00:00,1395.0,12.8,0.0
2025-10-09 22:00:00,1385.0,12.1,0.0
2025-10-09 23:00:00,1400.0,11.7,0.0
2025-10-10 00:00:00,1410.0,11.2,0.0
2025-10-10 01:00:00,1413.3333333333333,10.7,0.0
2025-10-10 02:00:00,1436.6666666666667,9.5,0.0
2025-10-10 03:00:00,1446.6666666666667,9.2,0.0
2025-10-10 04:00:00,1450.0,9.3,0.0
2025-10-10 05:00:00,1430.0,9.2,0.0
2025-10-10 06:00:00,1410.0,9.0,0.0
2025-10-10 07:00:00,1410.0,8.8,0.0
2025-10-10 08:00:00,1405.0,9.0,0.0
2025-10-10 09:00:00,1380.0,10.9,0.0
2025-10-10 10:00:00,1380.0,13.3,0.0
2025-10-10 11:00:00,1380.0,15.3,0.0
2025-10-10 12:00:00,1390.0,16.6,0.0
2025-10-10 13:00:00,1402.5,17.2,0.0
2025-10-10 14:00:00,1410.0,17.8,0.0
2025-10-10 15:00:00,1407.5,17.9,0.0
2025-10-10 16:00:00,1426.6666666666667,17.8,0.0
2025-10-10 17:00:00,1446.6666666666667,17.6,0.0
2025-10-10 18:00:00,1450.0,16.8,0.0
2025-10-10 19:00:00,1450.0,15.4,0.0
2025-10-10 20:00:00,1450.0,13.8,0.0
2025-10-10 21:00:00,1450.0,13.1,0.0
2025-10-10 22:00:00,1420.0,12.5,0.0
2025-10-10 23:00:00,1413.3333333333333,11.9,0.0
2025-10-11 00:00:00,1410.0,11.7,0.0
2025-10-11 01:00:00,1410.0,11.5,0.0
2025-10-11 02:00:00,1420.0,10.8,0.0
2025-10-11 03:00:00,1440.0,9.9,0.0
2025-10-11 04:00:00,1450.0,10.0,0.0
2025-10-11 05:00:00,1463.3333333333333,10.1,0.0
2025-10-11 06:00:00,1490.0,10.1,0.0
2025-10-11 07:00:00,1493.3333333333333,10.8,0.0
2025-10-11 08:00:00,1530.0,11.3,0.0
2025-10-11 09:00:00,1543.3333333333333,12.1,0.0
2025-10-11 10:00:00,1570.0,13.2,0.0
2025-10-11 11:00:00,1600.0,15.3,0.0
2025-10-11 12:00:00,1630.0,18.0,0.0
2025-10-11 13:00:00,1660.0,20.4,0.0
2025-10-11 14:00:00,1706.6666666666667,20.1,0.0
2025-10-11 15:00:00,1736.6666666666667,20.7,0.0
2025-10-11 16:00:00,1770.0,20.9,0.0
2025-10-11 17:00:00,1773.3333333333333,19.4,0.1
2025-10-11 18:00:00,1810.0,18.8,0.1
2025-10-11 19:00:00,1843.3333333333333,18.1,0.0
2025-10-11 20:00:00,1860.0,17.4,0.2
2025-10-11 21:00:00,1863.3333333333333,16.3,1.3
2025-10-11 22:00:00,1863.3333333333333,16.1,0.3
2025-10-11 23:00:00,1896.6666666666667,16.4,0.0
2025-10-12 00:00:00,1896.6666666666667,16.6,0.0
2025-10-12 01:00:00,1893.3333333333333,16.5,0.0
2025-10-12 02:00:00,1893.3333333333333,17.0,0.0
2025-10-12 03:00:00,1876.6666666666667,17.0,0.5
2025-10-12 04:00:00,1866.6666666666667,16.9,0.3
2025-10-12 05:00:00,1860.0,16.9,0.0
2025-10-12 06:00:00,1860.0,16.7,0.0
2025-10-12 07:00:00,1860.0,16.6,0.0
2025-10-12 08:00:00,1863.3333333333333,16.9,0.0
2025-10-12 09:00:00,1873.3333333333333,16.7,0.0
2025-10-12 10:00:00,1886.6666666666667,16.8,0.0
2025-10-12 11:00:00,1913.3333333333333,17.4,0.0
2025-10-12 12:00:00,1923.3333333333333,17.8,0.0
2025-10-12 13:00:00,1926.6666666666667,19.0,0.0
2025-10-12 14:00:00,1937.5,18.0,0.0
2025-10-12 15:00:00,1917.5,18.3,0.0
2025-10-12 16:00:00,1893.3333333333333,17.7,0.0
2025-10-12 17:00:00,1875.8333333333333,17.0,0.0
2025-10-12 18:00:00,1827.5,16.8,0.0
2025-10-12 19:00:00,1796.6666666666667,16.4,0.1
2025-10-12 20:00:00,1793.3333333333333,15.9,0.3
2025-10-12 21:00:00,1753.3333333333333,15.1,0.2
2025-10-12 22:00:00,1740.0,14.9,0.1
2025-10-12 23:00:00,1733.3333333333333,14.8,0.0
2025-10-13 00:00:00,1730.0,14.7,0.0
2025-10-13 01:00:00,1740.0,14.5,0.2
2025-10-13 02:00:00,1733.3333333333333,14.3,0.1
2025-10-13 03:00:00,1726.6666666666667,14.4,0.0
2025-10-13 04:00:00,1710.0,14.4,0.2
2025-10-13 05:00:00,1720.0,14.7,0.0
2025-10-13 06:00:00,1690.0,14.8,0.0
2025-10-13 07:00:00,1700.0,15.0,0.0
2025-10-13 08:00:00,1686.6666666666667,14.9,0.0
2025-10-13 09:00:00,1686.6666666666667,14.9,0.0
2025-10-13 10:00:00,1656.6666666666667,15.2,0.0
2025-10-13 11:00:00,1663.3333333333333,15.9,0.0
2025-10-13 12:00:00,1666.6666666666667,16.5,0.0
2025-10-13 13:00:00,1660.0,16.0,0.1
2025-10-13 14:00:00,1650.0,16.0,0.3
2025-10-13 15:00:00,1636.6666666666667,16.1,0.3
2025-10-13 16:00:00,1650.0,15.9,0.8
2025-10-13 17:00:00,1663.3333333333333,15.2,0.5
2025-10-13 18:00:00,1650.0,14.7,0.2
2025-10-13 19:00:00,1656.6666666666667,14.5,0.1
2025-10-13 20:00:00,1660.0,13.4,0.1
2025-10-13 21:00:00,1666.6666666666667,13.3,0.7
2025-10-13 22:00:00,1683.3333333333333,13.4,0.0
2025-10-13 23:00:00,1690.0,13.4,0.1
2025-10-14 00:00:00,1690.0,13.4,0.1
2025-10-14 01:00:00,1673.3333333333333,13.5,0.1
2025-10-14 02:00:00,1653.3333333333333,13.2,0.2
2025-10-14 03:00:00,1645.8333333333333,13.2,0.1
2025-10-14 04:00:00,1650.0,13.3,0.1
2025-10-14 05:00:00,1637.5,13.4,0.1
2025-10-14 06:00:00,1650.0,13.3,0.3
2025-10-14 07:00:00,1650.0,13.4,0.0
2025-10-14 08:00:00,1650.0,12.9,0.0
2025-10-14 09:00:00,1650.0,13.4,0.0
2025-10-14 10:00:00,1648.3333333333333,14.4,0.0
2025-10-14 11:00:00,1644.1666666666667,15.8,0.0
2025-10-14 12:00:00,1644.1666666666667,17.2,0.0
2025-10-14 13:00:00,1648.3333333333333,18.5,0.0
2025-10-14 14:00:00,1645.0,17.9,0.0
2025-10-14 15:00:00,1640.0,18.0,0.0
2025-10-14 16:00:00,1640.8333333333333,18.4,0.0
2025-10-14 17:00:00,1652.5,18.2,0.0
2025-10-14 18:00:00,1653.3333333333333,17.7,0.0
2025-10-14 19:00:00,1649.1666666666667,17.1,0.0
2025-10-14 20:00:00,1644.1666666666667,16.1,0.0
2025-10-14 21:00:00,1652.5,15.7,0.0
2025-10-14 22:00:00,1648.3333333333333,15.3,0.0
2025-10-14 23:00:00,1644.1666666666667,14.9,0.0
2025-10-15 00:00:00,1640.0,14.6,0.0
2025-10-15 01:00:00,1640.0,14.3,0.0
2025-10-15 02:00:00,1644.1666666666667,13.3,0.0
2025-10-15 03:00:00,1644.1666666666667,13.0,0.0
2025-10-15 04:00:00,1640.0,12.8,0.0
2025-10-15 05:00:00,1648.3333333333333,12.4,0.0
2025-10-15 06:00:00,1640.0,12.1,0.0
2025-10-15 07:00:00,1640.0,12.0,0.0
2025-10-15 08:00:00,1640.0,13.0,0.0
2025-10-15 09:00:00,1640.0,14.6,0.0
2025-10-15 10:00:00,1640.0,16.6,0.0
2025-10-15 11:00:00,1640.0,18.5,0.0
2025-10-15 12:00:00,1636.6666666666667,19.9,0.0
2025-10-15 13:00:00,1633.3333333333333,20.6,0.0
2025-10-15 14:00:00,1613.3333333333333,21.3,0.0
2025-10-15 15:00:00,1600.0,21.4,0.0
2025-10-15 16:00:00,1600.0,21.5,0.0
2025-10-15 17:00:00,1603.3333333333333,21.0,0.0
2025-10-15 18:00:00,1586.6666666666667,19.4,0.0
2025-10-15 19:00:00,1603.3333333333333,17.3,0.0
2025-10-15 20:00:00,1613.3333333333333,16.1,0.0
2025-10-15 21:00:00,1616.6666666666667,15.3,0.0
2025-10-15 22:00:00,1643.3333333333333,14.7,0.0
2025-10-15 23:00:00,1666.6666666666667,14.1,0.0
2025-10-16 00:00:00,1680.0,13.3,0.0
2025-10-16 01:00:00,1673.3333333333333,12.7,0.0
2025-10-16 02:00:00,1643.3333333333333,11.9,0.0
2025-10-16 03:00:00,1636.6666666666667,11.1,0.0
2025-10-16 04:00:00,1603.3333333333333,10.1,0.0
2025-10-16 05:00:00,1600.0,9.2,0.0
2025-10-16 06:00:00,1563.3333333333333,8.6,0.0
2025-10-16 07:00:00,1546.6666666666667,8.1,0.0
2025-10-16 08:00:00,1520.0,8.4,0.0
2025-10-16 09:00:00,1520.0,10.1,0.0
2025-10-16 10:00:00,1503.3333333333333,12.0,0.0
2025-10-16 11:00:00,1480.0,13.3,0.0
2025-10-16 12:00:00,1480.0,14.5,0.0
2025-10-16 13:00:00,1490.0,15.4,0.0
2025-10-16 14:00:00,1450.0,16.7,0.0
2025-10-16 15:00:00,1431.6666666666667,17.1,0.0
2025-10-16 16:00:00,1456.6666666666667,16.9,0.0
2025-10-16 17:00:00,1434.1666666666667,16.6,0.0
2025-10-16 18:00:00,1448.3333333333333,15.1,0.0
2025-10-16 19:00:00,1473.3333333333333,13.2,0.0
2025-10-16 20:00:00,1455.8333333333333,12.0,0.0
2025-10-16 21:00:00,1473.3333333333333,11.4,0.0
2025-10-16 22:00:00,1467.5,11.0,0.0
2025-10-16 23:00:00,1483.3333333333333,10.3,0.0
2025-10-17 00:00:00,1486.6666666666667,9.6,0.0
2025-10-17 01:00:00,1480.0,9.2,0.0
2025-10-17 02:00:00,1480.0,8.1,0.0
2025-10-17 03:00:00,1480.0,7.7,0.0
2025-10-17 04:00:00,1480.0,7.2,0.0
2025-10-17 05:00:00,1466.6666666666667,6.8,0.0
2025-10-17 06:00:00,1460.0,6.4,0.0
2025-10-17 07:00:00,1440.0,6.1,0.0
2025-10-17 08:00:00,1440.0,6.5,0.0
2025-10-17 09:00:00,1440.0,8.2,0.0
2025-10-17 10:00:00,1440.0,10.8,0.0
2025-10-17 11:00:00,1440.0,13.3,0.0
2025-10-17 12:00:00,1440.0,14.8,0.0
2025-10-17 13:00:00,1443.3333333333333,15.9,0.0
2025-10-17 14:00:00,1421.6666666666667,17.2,0.0
2025-10-17 15:00:00,1441.6666666666667,17.8,0.0
2025-10-17 16:00:00,1433.3333333333333,17.8,0.0
2025-10-17 17:00:00,1448.3333333333333,17.4,0.0
2025-10-17 18:00:00,1476.6666666666667,15.8,0.0
2025-10-17 19:00:00,1496.6666666666667,14.2,0.0
2025-10-17 20:00:00,1493.3333333333333,13.2,0.0
2025-10-17 21:00:00,1480.0,12.6,0.0
2025-10-17 22:00:00,1470.0,12.1,0.0
2025-10-17 23:00:00,1473.3333333333333,11.2,0.0
2025-10-18 00:00:00,1480.0,10.6,0.0
2025-10-18 01:00:00,1480.0,10.4,0.0
2025-10-18 02:00:00,1480.0,9.6,0.0
2025-10-18 03:00:00,1480.0,9.0,0.0
2025-10-18 04:00:00,1480.0,8.6,0.0
2025-10-18 05:00:00,1476.6666666666667,8.6,0.0
2025-10-18 06:00:00,1446.6666666666667,8.6,0.0
2025-10-18 07:00:00,1440.0,8.5,0.0
2025-10-18 08:00:00,1440.0,9.6,0.0
2025-10-18 09:00:00,1440.0,10.8,0.0
2025-10-18 10:00:00,1430.0,12.1,0.0
2025-10-18 11:00:00,1422.5,13.9,0.0
2025-10-18 12:00:00,1422.5,16.0,0.0
2025-10-18 13:00:00,1427.5,18.0,0.0
2025-10-18 14:00:00,1440.0,20.3,0.0
2025-10-18 15:00:00,1437.5,21.6,0.0
2025-10-18 16:00:00,1440.0,21.7,0.0
2025-10-18 17:00:00,1440.0,20.8,0.0
2025-10-18 18:00:00,1450.0,19.1,0.0
2025-10-18 19:00:00,1460.0,17.4,0.0
2025-10-18 20:00:00,1466.6666666666667,16.4,0.0
2025-10-18 21:00:00,1480.0,15.4,0.0
2025-10-18 22:00:00,1446.6666666666667,14.9,0.0
2025-10-18 23:00:00,1440.0,14.7,0.0
2025-10-19 00:00:00,1440.0,14.4,0.0
2025-10-19 01:00:00,1440.0,14.2,0.0
2025-10-19 02:00:00,1440.0,13.5,0.0
2025-10-19 03:00:00,1440.0,13.2,0.0
2025-10-19 04:00:00,1437.5,13.2,0.0
2025-10-19 05:00:00,1413.3333333333333,13.2,0.0
2025-10-19 06:00:00,1400.0,13.1,0.0
2025-10-19 07:00:00,1400.0,13.0,0.0
2025-10-19 08:00:00,1400.0,13.0,0.0
2025-10-19 09:00:00,1400.0,14.7,0.0
2025-10-19 10:00:00,1400.0,17.2,0.0
2025-10-19 11:00:00,1397.5,19.9,0.0
2025-10-19 12:00:00,1400.0,21.8,0.0
2025-10-19 13:00:00,1395.0,23.3,0.0
2025-10-19 14:00:00,1392.5,23.5,0.0
2025-10-19 15:00:00,1406.6666666666667,23.6,0.0
2025-10-19 16:00:00,1414.1666666666667,23.3,0.0
2025-10-19 17:00:00,1416.6666666666667,23.0,0.0
2025-10-19 18:00:00,1430.0,22.4,0.0
2025-10-19 19:00:00,1440.0,21.9,0.0
2025-10-19 20:00:00,1466.6666666666667,21.7,0.0
2025-10-19 21:00:00,1460.0,21.4,0.0
2025-10-19 22:00:00,1470.0,20.2,0.1
2025-10-19 23:00:00,1470.0,16.7,3.5
2025-10-20 00:00:00,1473.3333333333333,15.4,0.2
2025-10-20 01:00:00,1500.0,14.7,0.2
2025-10-20 02:00:00,1560.0,13.8,0.5
2025-10-20 03:00:00,1560.0,13.9,0.2
2025-10-20 04:00:00,1560.0,13.0,0.0
2025-10-20 05:00:00,1550.0,12.1,0.0
2025-10-20 06:00:00,1533.3333333333333,11.4,0.0
2025-10-20 07:00:00,1523.3333333333333,11.3,0.0
2025-10-20 08:00:00,1520.0,12.3,0.0
2025-10-20 09:00:00,1520.0,13.1,0.0
2025-10-20 10:00:00,1533.3333333333333,14.6,0.0
2025-10-20 11:00:00,1536.6666666666667,15.8,0.0
2025-10-20 12:00:00,1533.3333333333333,16.5,0.0
2025-10-20 13:00:00,1556.6666666666667,17.1,0.0
2025-10-20 14:00:00,1526.6666666666667,17.7,0.0
2025-10-20 15:00:00,1555.5555555555557,17.9,0.0
2025-10-20 16:00:00,1503.3333333333333,18.3,0.0
2025-10-20 17:00:00,1526.6666666666667,18.2,0.0
2025-10-20 18:00:00,1603.3333333333333,16.8,0.0
2025-10-20 19:00:00,1593.3333333333333,15.0,0.0
2025-10-20 20:00:00,1663.3333333333333,13.4,0.0
2025-10-20 21:00:00,1700.0,12.0,0.0
2025-10-20 22:00:00,1750.0,11.2,0.0
2025-10-20 23:00:00,1783.3333333333333,10.4,0.0
2025-10-21 00:00:00,1808.3333333333333,9.8,0.0
2025-10-21 01:00:00,1804.1666666666667,9.4,0.0
2025-10-21 02:00:00,1793.3333333333333,8.3,0.0
2025-10-21 03:00:00,1760.0,7.1,0.0
2025-10-21 04:00:00,1720.0,6.6,0.0
2025-10-21 05:00:00,1666.6666666666667,6.3,0.0
2025-10-21 06:00:00,1633.3333333333333,6.2,0.0
2025-10-21 07:00:00,1586.6666666666667,6.0,0.0
2025-10-21 08:00:00,1546.6666666666667,6.9,0.0
2025-10-21 09:00:00,1510.0,8.7,0.0
2025-10-21 10:00:00,1476.6666666666667,11.4,0.0
2025-10-21 11:00:00,1460.0,13.9,0.0
2025-10-21 12:00:00,1443.3333333333333,16.2,0.0
2025-10-21 13:00:00,1440.0,17.9,0.0
2025-10-21 14:00:00,1440.0,20.1,0.0
2025-10-21 15:00:00,1446.6666666666667,21.1,0.0
2025-10-21 16:00:00,1480.0,21.5,0.0
2025-10-21 17:00:00,1476.6666666666667,21.1,0.0
2025-10-21 18:00:00,1480.0,19.2,0.0
2025-10-21 19:00:00,1510.0,18.0,0.0
2025-10-21 20:00:00,1530.0,17.8,0.0
2025-10-21 21:00:00,1553.3333333333333,17.6,0.0
2025-10-21 22:00:00,1546.6666666666667,15.9,1.7
2025-10-21 23:00:00,1560.0,14.3,4.1
2025-10-22 00:00:00,1556.6666666666667,14.0,0.1
2025-10-22 01:00:00,1540.0,13.5,0.0
2025-10-22 02:00:00,1536.6666666666667,13.0,0.0
2025-10-22 03:00:00,1530.0,12.8,0.0
2025-10-22 04:00:00,1526.6666666666667,11.5,0.0
2025-10-22 05:00:00,1523.3333333333333,11.3,0.1
2025-10-22 06:00:00,1520.0,11.1,0.0
2025-10-22 07:00:00,1510.0,10.2,0.0
2025-10-22 08:00:00,1483.3333333333333,10.2,0.0
2025-10-22 09:00:00,1480.0,12.1,0.0
2025-10-22 10:00:00,1486.6666666666667,14.4,0.0
2025-10-22 11:00:00,1513.3333333333333,16.0,0.0
2025-10-22 12:00:00,1526.6666666666667,17.3,0.0
2025-10-22 13:00:00,1560.0,18.2,0.0
2025-10-22 14:00:00,1590.0,18.2,0.0
2025-10-22 15:00:00,1620.0,18.4,0.0
2025-10-22 16:00:00,1646.6666666666667,18.3,0.0
2025-10-22 17:00:00,1660.0,17.9,0.0
2025-10-22 18:00:00,1676.6666666666667,16.8,0.0
2025-10-22 19:00:00,1676.6666666666667,15.3,0.0
2025-10-22 20:00:00,1643.3333333333333,13.9,0.0
2025-10-22 21:00:00,1640.0,13.5,0.0
2025-10-22 22:00:00,1620.0,11.9,0.0
2025-10-22 23:00:00,1600.0,11.4,0.0
2025-10-23 00:00:00,1576.6666666666667,11.0,0.0
2025-10-23 01:00:00,1560.0,10.5,0.0
2025-10-23 02:00:00,1560.0,9.1,0.0
2025-10-23 03:00:00,1556.6666666666667,9.6,0.0
2025-10-23 04:00:00,1546.6666666666667,9.7,0.0
2025-10-23 05:00:00,1530.0,8.9,0.0
2025-10-23 06:00:00,1513.3333333333333,9.0,0.0
2025-10-23 07:00:00,1483.3333333333333,8.8,0.0
2025-10-23 08:00:00,1453.3333333333333,8.5,0.0
2025-10-23 09:00:00,1440.0,10.7,0.0
2025-10-23 10:00:00,1413.3333333333333,13.3,0.0
2025-10-23 11:00:00,1400.0,15.5,0.0
2025-10-23 12:00:00,1406.6666666666667,16.0,0.0
2025-10-23 13:00:00,1433.3333333333333,16.1,0.0
2025-10-23 14:00:00,1436.6666666666667,16.4,0.0
2025-10-23 15:00:00,1443.3333333333333,16.7,0.0
2025-10-23 16:00:00,1450.0,16.7,0.0
2025-10-23 17:00:00,1483.3333333333333,16.1,0.0
2025-10-23 18:00:00,1476.6666666666667,14.1,0.0
2025-10-23 19:00:00,1490.0,12.8,0.0
2025-10-23 20:00:00,1523.3333333333333,11.6,0.0
2025-10-23 21:00:00,1570.0,10.9,0.0
2025-10-23 22:00:00,1593.3333333333333,10.6,0.0
2025-10-23 23:00:00,1623.3333333333333,10.2,0.0
2025-10-24 00:00:00,1640.0,9.5,0.0
2025-10-24 01:00:00,1640.0,8.7,0.0
2025-10-24 02:00:00,1640.0,7.1,0.0
2025-10-24 03:00:00,1616.6666666666667,6.6,0.0
2025-10-24 04:00:00,1596.6666666666667,6.3,0.0
2025-10-24 05:00:00,1563.3333333333333,6.0,0.0
2025-10-24 06:00:00,1550.0,5.9,0.0
2025-10-24 07:00:00,1520.0,5.5,0.0
2025-10-24 08:00:00,1493.3333333333333,6.2,0.0
2025-10-24 09:00:00,1480.0,7.4,0.0
2025-10-24 10:00:00,1446.6666666666667,10.0,0.0
2025-10-24 11:00:00,1440.0,12.8,0.0
2025-10-24 12:00:00,1440.0,14.1,0.0
2025-10-24 13:00:00,1430.0,14.2,0.0
2025-10-24 14:00:00,1430.0,14.3,0.0
2025-10-24 15:00:00,1433.3333333333333,14.8,0.0
2025-10-24 16:00:00,1393.3333333333333,14.5,0.0
2025-10-24 17:00:00,1393.3333333333333,13.9,0.0
2025-10-24 18:00:00,1426.6666666666667,13.3,0.0
2025-10-24 19:00:00,1440.0,12.6,0.0
2025-10-24 20:00:00,1460.0,10.6,0.0
2025-10-24 21:00:00,1480.0,9.7,0.0
2025-10-24 22:00:00,1503.3333333333333,9.1,0.0
2025-10-24 23:00:00,1520.0,8.5,0.0
2025-10-25 00:00:00,1520.0,7.9,0.0
2025-10-25 01:00:00,1510.8333333333333,7.5,0.0
2025-10-25 02:00:00,1510.0,6.0,0.0
2025-10-25 03:00:00,1510.0,5.6,0.0
2025-10-25 04:00:00,1490.0,5.3,0.0
2025-10-25 05:00:00,1480.0,5.1,0.0
2025-10-25 06:00:00,1473.3333333333333,5.0,0.0
2025-10-25 07:00:00,1440.0,4.8,0.0
2025-10-25 08:00:00,1436.6666666666667,4.8,0.0
2025-10-25 09:00:00,1400.0,6.3,0.0
2025-10-25 10:00:00,1400.0,9.1,0.0
2025-10-25 11:00:00,1400.0,11.7,0.0
2025-10-25 12:00:00,1400.0,13.2,0.0
2025-10-25 13:00:00,1400.0,14.1,0.0
2025-10-25 14:00:00,1396.6666666666667,14.4,0.0
2025-10-25 15:00:00,1400.0,14.6,0.0
2025-10-25 16:00:00,1400.0,14.6,0.0
2025-10-25 17:00:00,1400.0,14.3,0.0
2025-10-25 18:00:00,1410.0,13.5,0.0
2025-10-25 19:00:00,1423.3333333333333,12.4,0.0
2025-10-25 20:00:00,1440.0,12.0,0.0
2025-10-25 21:00:00,1440.0,11.2,0.0
2025-10-25 22:00:00,1440.0,10.4,0.0
2025-10-25 23:00:00,1443.3333333333333,9.6,0.0
2025-10-26 00:00:00,1466.6666666666667,8.9,0.0
2025-10-26 01:00:00,1480.0,7.9,0.0
2025-10-26 02:00:00,1480.0,7.1,0.0
2025-10-26 03:00:00,1480.0,6.5,0.0
2025-10-26 04:00:00,1476.6666666666667,5.9,0.0
2025-10-26 05:00:00,1470.0,5.7,0.0
2025-10-26 06:00:00,1470.0,5.5,0.0
2025-10-26 07:00:00,1455.0,5.4,0.0
2025-10-26 08:00:00,1440.0,5.3,0.0
2025-10-26 09:00:00,1426.6666666666667,7.5,0.0
2025-10-26 10:00:00,1400.0,10.2,0.0
2025-10-26 11:00:00,1400.0,12.6,0.0
2025-10-26 12:00:00,1383.3333333333333,14.1,0.0
2025-10-26 13:00:00,1360.0,15.0,0.0
2025-10-26 14:00:00,1360.0,15.7,0.0
2025-10-26 15:00:00,1360.0,16.1,0.0
2025-10-26 16:00:00,1363.3333333333333,16.1,0.0
2025-10-26 17:00:00,1380.0,15.9,0.0
2025-10-26 18:00:00,1400.0,14.1,0.0
2025-10-26 19:00:00,1423.3333333333333,12.7,0.0
2025-10-26 20:00:00,1440.0,11.0,0.0
2025-10-26 21:00:00,1440.0,10.7,0.0
2025-10-26 22:00:00,1440.0,10.1,0.0
2025-10-26 23:00:00,1440.0,9.8,0.0
2025-10-27 00:00:00,1440.0,8.5,0.0
2025-10-27 01:00:00,1440.0,7.8,0.0
2025-10-27 02:00:00,1440.0,6.3,0.0
2025-10-27 03:00:00,1440.0,6.0,0.0
2025-10-27 04:00:00,1440.0,5.5,0.0
2025-10-27 05:00:00,1440.0,5.8,0.0
2025-10-27 06:00:00,1420.0,6.0,0.0
2025-10-27 07:00:00,1400.0,5.5,0.0
2025-10-27 08:00:00,1393.3333333333333,5.3,0.0
2025-10-27 09:00:00,1376.6666666666667,7.0,0.0
2025-10-27 10:00:00,1360.0,9.5,0.0
2025-10-27 11:00:00,1360.0,11.9,0.0
2025-10-27 12:00:00,1360.0,13.8,0.0
2025-10-27 13:00:00,1360.0,14.9,0.0
2025-10-27 14:00:00,1360.0,15.5,0.0
2025-10-27 15:00:00,1356.6666666666667,15.8,0.0
2025-10-27 16:00:00,1360.0,15.3,0.0
2025-10-27 17:00:00,1383.3333333333333,14.1,0.0
2025-10-27 18:00:00,1413.3333333333333,12.8,0.0
2025-10-27 19:00:00,1440.0,11.6,0.0
2025-10-27 20:00:00,1445.8333333333333,10.8,0.0
2025-10-27 21:00:00,1440.0,10.7,0.0
2025-10-27 22:00:00,1436.6666666666667,10.2,0.0
2025-10-27 23:00:00,1430.0,9.5,0.0
2025-10-28 00:00:00,1430.0,9.1,0.0
2025-10-28 01:00:00,1407.5,8.9,0.0
2025-10-28 02:00:00,1383.3333333333333,8.7,0.0
2025-10-28 03:00:00,1360.0,8.4,0.0
2025-10-28 04:00:00,1330.0,8.0,0.0
2025-10-28 05:00:00,1320.0,7.1,0.0
2025-10-28 06:00:00,1305.0,6.6,0.0
2025-10-28 07:00:00,1295.0,6.4,0.0
2025-10-28 08:00:00,1310.0,6.4,0.0
2025-10-28 09:00:00,1317.5,7.8,0.0
2025-10-28 10:00:00,1317.5,9.7,0.0
2025-10-28 11:00:00,1315.0,11.4,0.0
2025-10-28 12:00:00,1317.5,12.6,0.0
2025-10-28 13:00:00,1305.0,13.5,0.0
2025-10-28 14:00:00,1321.6666666666667,13.3,0.0
2025-10-28 15:00:00,1313.6363636363637,13.3,0.0
2025-10-28 16:00:00,1304.1666666666667,12.3,0.0
2025-10-28 17:00:00,1312.5,12.5,0.0
2025-10-28 18:00:00,1350.0,12.0,0.0
2025-10-28 19:00:00,1380.0,11.3,0.0
2025-10-28 20:00:00,1402.5,11.3,0.0
2025-10-28 21:00:00,1401.6666666666667,11.1,0.0
2025-10-28 22:00:00,1400.0,10.8,0.0
2025-10-28 23:00:00,1400.0,10.6,0.0
2025-10-29 00:00:00,1400.0,9.8,0.0
2025-10-29 01:00:00,1386.6666666666667,9.1,0.0
2025-10-29 02:00:00,1366.6666666666667,9.2,0.0
2025-10-29 03:00:00,1360.0,9.0,0.0
2025-10-29 04:00:00,1360.0,8.5,0.0
2025-10-29 05:00:00,1393.3333333333333,8.2,0.0
2025-10-29 06:00:00,1396.6666666666667,8.0,0.0
2025-10-29 07:00:00,1383.3333333333333,8.1,0.0
2025-10-29 08:00:00,1360.0,9.0,0.0
2025-10-29 09:00:00,1343.3333333333333,9.3,0.0
2025-10-29 10:00:00,1320.0,9.6,0.0
2025-10-29 11:00:00,1316.6666666666667,10.2,0.1
2025-10-29 12:00:00,1306.6666666666667,11.1,0.0
2025-10-29 13:00:00,1300.0,12.2,0.0
2025-10-29 14:00:00,1310.0,13.3,0.0
2025-10-29 15:00:00,1320.0,13.6,0.6
2025-10-29 16:00:00,1333.3333333333333,12.7,0.0
2025-10-29 17:00:00,1353.3333333333333,12.8,0.1
2025-10-29 18:00:00,1386.6666666666667,12.6,0.2
2025-10-29 19:00:00,1396.6666666666667,12.5,0.1
2025-10-29 20:00:00,1402.5,12.0,0.4
2025-10-29 21:00:00,1402.5,11.6,0.3
2025-10-29 22:00:00,1407.5,11.4,0.1
2025-10-29 23:00:00,1405.0,11.5,0.1
2025-10-30 00:00:00,1405.0,11.6,1.1
2025-10-30 01:00:00,1410.8333333333333,11.8,6.6
2025-10-30 02:00:00,1394.1666666666667,12.0,7.5
2025-10-30 03:00:00,1382.5,12.2,5.6
2025-10-30 04:00:00,1397.5,12.8,7.7
2025-10-30 05:00:00,1450.0,13.8,8.2
2025-10-30 06:00:00,1483.3333333333333,13.9,5.1
2025-10-30 07:00:00,1583.3333333333333,14.5,2.6
2025-10-30 08:00:00,1700.0,16.5,7.5
2025-10-30 09:00:00,1819.1666666666667,16.1,1.6
2025-10-30 10:00:00,1913.3333333333333,16.6,0.1
2025-10-30 11:00:00,1916.6666666666667,16.3,2.2
2025-10-30 12:00:00,1945.0,16.9,0.1
2025-10-30 13:00:00,1957.5,18.0,0.0
2025-10-30 14:00:00,2000.8333333333333,18.2,0.0
2025-10-30 15:00:00,2054.1666666666665,18.5,0.1
2025-10-30 16:00:00,2129.1666666666665,18.3,0.0
2025-10-30 17:00:00,2176.6666666666665,17.3,0.0
2025-10-30 18:00:00,2235.8333333333335,15.6,0.0
2025-10-30 19:00:00,2340.0,14.3,0.0
2025-10-30 20:00:00,2475.8333333333335,13.9,0.0
2025-10-30 21:00:00,2555.0,12.7,0.0
2025-10-30 22:00:00,2609.1666666666665,11.8,0.0
2025-10-30 23:00:00,2630.0,11.5,0.0
2025-10-31 00:00:00,2642.5,11.5,0.0
2025-10-31 01:00:00,2675.8333333333335,11.2,0.0
2025-10-31 02:00:00,2684.1666666666665,10.5,0.0
2025-10-31 03:00:00,2713.3333333333335,10.7,0.0
2025-10-31 04:00:00,2700.8333333333335,10.7,0.0
2025-10-31 05:00:00,2675.8333333333335,10.2,0.0
2025-10-31 06:00:00,2642.5,9.8,0.0
2025-10-31 07:00:00,2630.0,9.7,0.0
2025-10-31 08:00:00,2557.2727272727275,10.2,0.0
2025-10-31 09:00:00,2500.0,11.0,0.0
2025-10-31 10:00:00,2500.0,11.9,0.0
2025-10-31 11:00:00,2467.5,12.9,0.0
2025-10-31 12:00:00,2461.818181818182,13.2,0.0
2025-10-31 13:00:00,2448.75,13.8,0.0
2025-10-31 14:00:00,2401.4285714285716,14.9,0.0
2025-10-31 15:00:00,2430.0,15.3,0.0
2025-10-31 16:00:00,2355.0,14.8,0.0
2025-10-31 17:00:00,2436.25,13.3,0.0
2025-10-31 18:00:00,2442.5,12.3,0.0
2025-10-31 19:00:00,2470.0,11.6,0.0
2025-10-31 20:00:00,2473.75,11.7,0.0
2025-10-31 21:00:00,2472.8571428571427,11.5,0.0
2025-10-31 22:00:00,2550.0,11.2,0.0
2025-10-31 23:00:00,2580.0,11.4,0.0
2025-11-01 00:00:00,2625.8333333333335,10.7,0.0
2025-11-01 01:00:00,2642.5,10.1,0.0
2025-11-01 02:00:00,2638.3333333333335,8.4,0.0
2025-11-01 03:00:00,2642.5,8.1,0.0
2025-11-01 04:00:00,2600.8333333333335,7.8,0.0
2025-11-01 05:00:00,2538.3333333333335,7.6,0.0
2025-11-01 06:00:00,2463.3333333333335,7.2,0.0
2025-11-01 07:00:00,2388.3333333333335,6.9,0.0
2025-11-01 08:00:00,2334.1666666666665,6.7,0.0
2025-11-01 09:00:00,2305.0,7.7,0.0
2025-11-01 10:00:00,2313.3333333333335,9.8,0.0
2025-11-01 11:00:00,2330.0,12.2,0.0
2025-11-01 12:00:00,2375.8333333333335,13.8,0.0
2025-11-01 13:00:00,2388.3333333333335,14.7,0.0
2025-11-01 14:00:00,2434.1666666666665,16.2,0.0
2025-11-01 15:00:00,2480.0,16.0,0.0
2025-11-01 16:00:00,2442.5,16.0,0.0
2025-11-01 17:00:00,2484.1666666666665,15.6,0.0
2025-11-01 18:00:00,2484.1666666666665,13.2,0.0
2025-11-01 19:00:00,2550.8333333333335,12.3,0.0
2025-11-01 20:00:00,2575.8333333333335,10.7,0.0
2025-11-01 21:00:00,2621.6666666666665,9.9,0.0
2025-11-01 22:00:00,2663.3333333333335,9.4,0.0
2025-11-01 23:00:00,2717.5,9.2,0.0
2025-11-02 00:00:00,2759.1666666666665,8.8,0.0
2025-11-02 01:00:00,2780.0,8.4,0.0
2025-11-02 02:00:00,2809.1666666666665,7.4,0.0
2025-11-02 03:00:00,2830.0,7.5,0.0
2025-11-02 04:00:00,2830.0,7.2,0.0
2025-11-02 05:00:00,2834.1666666666665,6.2,0.0
2025-11-02 06:00:00,2875.8333333333335,5.7,0.0
2025-11-02 07:00:00,2880.0,5.2,0.0
2025-11-02 08:00:00,2880.0,5.6,0.0
2025-11-02 09:00:00,2910.0,7.3,0.0
2025-11-02 10:00:00,2940.0,9.8,0.0
2025-11-02 11:00:00,2977.5,12.2,0.0
2025-11-02 12:00:00,2990.0,14.3,0.0
2025-11-02 13:00:00,3027.5,15.9,0.0
2025-11-02 14:00:00,3045.0,17.2,0.0
2025-11-02 15:00:00,3100.0,17.4,0.0
2025-11-02 16:00:00,3125.0,17.2,0.0
2025-11-02 17:00:00,3150.0,16.2,0.0
2025-11-02 18:00:00,3150.0,14.0,0.0
2025-11-02 19:00:00,3150.0,12.8,0.0
2025-11-02 20:00:00,3150.0,11.8,0.0
2025-11-02 21:00:00,3125.0,11.5,0.0
2025-11-02 22:00:00,3145.8333333333335,10.8,0.0
2025-11-02 23:00:00,3112.5,10.3,0.0
2025-11-03 00:00:00,3100.0,9.9,0.0
2025-11-03 01:00:00,3100.0,10.0,0.0
2025-11-03 02:00:00,3100.0,9.7,0.0
2025-11-03 03:00:00,3100.0,9.6,0.0
2025-11-03 04:00:00,3100.0,9.7,0.1
2025-11-03 05:00:00,3075.0,9.4,0.3
2025-11-03 06:00:00,3045.0,9.2,0.2
2025-11-03 07:00:00,3040.0,9.7,0.4
2025-11-03 08:00:00,3040.0,9.9,0.1
2025-11-03 09:00:00,3040.0,10.2,0.2
2025-11-03 10:00:00,3027.5,11.1,0.1
2025-11-03 11:00:00,3002.5,12.9,0.0
2025-11-03 12:00:00,2985.0,14.0,0.0
2025-11-03 13:00:00,2950.0,15.5,0.0
2025-11-03 14:00:00,2930.0,16.8,0.0
2025-11-03 15:00:00,2921.6666666666665,17.6,0.0
2025-11-03 16:00:00,2921.6666666666665,17.7,0.0
2025-11-03 17:00:00,2930.0,17.0,0.0
2025-11-03 18:00:00,2917.5,15.0,0.0
2025-11-03 19:00:00,2821.6666666666665,14.5,0.0
2025-11-03 20:00:00,2809.1666666666665,14.2,0.0
2025-11-03 21:00:00,2830.0,13.3,0.0
2025-11-03 22:00:00,2834.1666666666665,12.5,0.0
2025-11-03 23:00:00,2813.3333333333335,11.7,0.0
2025-11-04 00:00:00,2846.6666666666665,11.4,0.0
2025-11-04 01:00:00,2821.6666666666665,11.2,0.0
2025-11-04 02:00:00,2830.0,11.2,0.0
2025-11-04 03:00:00,2842.5,10.8,0.0
2025-11-04 04:00:00,2880.0,10.1,0.0
2025-11-04 05:00:00,2880.0,9.0,0.0
2025-11-04 06:00:00,2896.6666666666665,8.1,0.0
2025-11-04 07:00:00,2987.5,7.5,0.0
2025-11-04 08:00:00,3031.6666666666665,7.5,0.0
2025-11-04 09:00:00,3019.1666666666665,9.2,0.0
2025-11-04 10:00:00,2990.0,11.5,0.0
2025-11-04 11:00:00,2975.0,13.0,0.0
2025-11-04 12:00:00,2935.0,13.9,0.0
2025-11-04 13:00:00,2921.6666666666665,14.6,0.0
2025-11-04 14:00:00,2830.0,16.0,0.0
2025-11-04 15:00:00,2779.1666666666665,16.3,0.0
2025-11-04 16:00:00,2741.6666666666665,16.5,0.0
2025-11-04 17:00:00,2730.0,15.8,0.0
2025-11-04 18:00:00,2731.6666666666665,13.6,0.0
2025-11-04 19:00:00,2763.3333333333335,12.3,0.0
2025-11-04 20:00:00,2791.6666666666665,11.8,0.0
2025-11-04 21:00:00,2830.0,11.4,0.0
2025-11-04 22:00:00,2863.3333333333335,10.6,0.0
2025-11-04 23:00:00,2920.8333333333335,9.7,0.0
2025-11-05 00:00:00,3019.1666666666665,9.0,0.0
2025-11-05 01:00:00,3040.0,8.2,0.0
2025-11-05 02:00:00,3040.0,7.0,0.0
2025-11-05 03:00:00,3040.0,6.6,0.0
2025-11-05 04:00:00,3040.0,5.6,0.0
2025-11-05 05:00:00,3010.0,4.9,0.0
2025-11-05 06:00:00,2980.0,4.6,0.0
2025-11-05 07:00:00,2971.6666666666665,4.7,0.0
2025-11-05 08:00:00,2930.0,5.3,0.0
2025-11-05 09:00:00,2930.0,6.4,0.0
2025-11-05 10:00:00,2840.8333333333335,8.1,0.0
2025-11-05 11:00:00,2740.8333333333335,10.8,0.0
2025-11-05 12:00:00,2690.8333333333335,13.8,0.0
2025-11-05 13:00:00,2653.3333333333335,16.2,0.0
2025-11-05 14:00:00,2603.3333333333335,19.2,0.0
2025-11-05 15:00:00,2565.8333333333335,20.1,0.0
2025-11-05 16:00:00,2620.0,20.3,0.0
2025-11-05 17:00:00,2603.3333333333335,19.9,0.0
2025-11-05 18:00:00,2586.6666666666665,18.9,0.0
2025-11-05 19:00:00,2528.3333333333335,17.8,0.0
2025-11-05 20:00:00,2503.3333333333335,17.4,0.0
2025-11-05 21:00:00,2376.6666666666665,16.6,0.0
2025-11-05 22:00:00,2320.8333333333335,17.0,0.0
2025-11-05 23:00:00,2288.3333333333335,17.2,0.0
2025-11-06 00:00:00,2368.3333333333335,16.9,0.0
2025-11-06 01:00:00,2411.6666666666665,14.0,0.0
2025-11-06 02:00:00,2440.8333333333335,13.6,0.0
2025-11-06 03:00:00,2425.8333333333335,12.0,0.0
2025-11-06 04:00:00,2146.6666666666665,10.6,0.0
2025-11-06 05:00:00,2146.3636363636365,9.5,0.0
2025-11-06 06:00:00,2229.1666666666665,8.6,0.0
2025-11-06 07:00:00,2280.8333333333335,7.9,0.0
2025-11-06 08:00:00,2325.0,7.4,0.0
2025-11-06 09:00:00,2360.0,8.9,0.0
2025-11-06 10:00:00,2391.6666666666665,10.3,0.0
2025-11-06 11:00:00,2374.1666666666665,11.2,0.0
2025-11-06 12:00:00,2363.3333333333335,12.0,0.0
2025-11-06 13:00:00,2350.0,12.8,0.0
2025-11-06 14:00:00,2262.7272727272725,14.2,0.0
2025-11-06 15:00:00,2237.2727272727275,14.5,0.0
2025-11-06 16:00:00,2199.1666666666665,14.5,0.0
2025-11-06 17:00:00,2202.5,13.8,0.0
2025-11-06 18:00:00,2175.8333333333335,11.5,0.0
2025-11-06 19:00:00,2130.0,10.1,0.0
2025-11-06 20:00:00,2123.3333333333335,9.2,0.0
2025-11-06 21:00:00,2076.6666666666665,7.8,0.0
2025-11-06 22:00:00,2050.0,6.7,0.0
2025-11-06 23:00:00,2083.3333333333335,6.4,0.0
2025-11-07 00:00:00,2090.0,6.2,0.0
2025-11-07 01:00:00,2090.0,6.1,0.0
2025-11-07 02:00:00,2070.0,5.2,0.0
2025-11-07 03:00:00,2050.0,3.9,0.0
2025-11-07 04:00:00,2050.0,3.4,0.0
2025-11-07 05:00:00,2015.0,3.0,0.0
2025-11-07 06:00:00,1930.0,3.0,0.0
2025-11-07 07:00:00,1890.8333333333333,2.9,0.0
2025-11-07 08:00:00,1882.5,3.2,0.0
2025-11-07 09:00:00,1886.6666666666667,4.0,0.0
2025-11-07 10:00:00,1914.1666666666667,6.2,0.0
2025-11-07 11:00:00,1910.0,8.8,0.0
2025-11-07 12:00:00,1910.0,11.4,0.0
2025-11-07 13:00:00,1930.8333333333333,13.5,0.0
2025-11-07 14:00:00,2005.8333333333333,15.9,0.0
2025-11-07 15:00:00,2029.1666666666667,16.4,0.0
2025-11-07 16:00:00,2045.0,16.6,0.0
2025-11-07 17:00:00,2040.8333333333333,16.0,0.0
2025-11-07 18:00:00,2033.3333333333333,15.2,0.0
2025-11-07 19:00:00,2016.6666666666667,15.0,0.0
2025-11-07 20:00:00,1986.6666666666667,15.2,0.0
2025-11-07 21:00:00,1966.6666666666667,15.2,0.0
2025-11-07 22:00:00,1930.8333333333333,15.4,0.0
2025-11-07 23:00:00,1903.3333333333333,15.1,0.0
2025-11-08 00:00:00,1880.0,14.6,0.3
2025-11-08 01:00:00,1870.0,13.9,1.7
2025-11-08 02:00:00,1850.0,13.6,2.8
2025-11-08 03:00:00,1830.0,13.6,1.5
2025-11-08 04:00:00,1830.0,13.4,0.6
2025-11-08 05:00:00,1840.0,12.9,0.0
2025-11-08 06:00:00,1850.0,12.5,0.0
2025-11-08 07:00:00,1863.3333333333333,12.6,0.0
2025-11-08 08:00:00,1870.0,12.1,0.0
2025-11-08 09:00:00,1903.3333333333333,13.3,0.0
2025-11-08 10:00:00,1926.6666666666667,14.9,0.0
2025-11-08 11:00:00,1960.0,16.3,0.0
2025-11-08 12:00:00,1960.0,17.5,0.0
2025-11-08 13:00:00,1990.0,18.4,0.0
2025-11-08 14:00:00,2000.0,19.5,0.0
2025-11-08 15:00:00,1996.6666666666667,19.9,0.0
2025-11-08 16:00:00,1983.3333333333333,20.0,0.0
2025-11-08 17:00:00,1973.3333333333333,19.3,0.0
2025-11-08 18:00:00,1980.0,16.7,0.0
2025-11-08 19:00:00,1960.0,15.6,0.0
2025-11-08 20:00:00,1960.0,14.7,0.0
2025-11-08 21:00:00,1960.0,13.6,0.0
2025-11-08 22:00:00,1943.3333333333333,12.8,0.0
2025-11-08 23:00:00,1922.5,12.4,0.0
2025-11-09 00:00:00,1914.1666666666667,12.0,0.0
2025-11-09 01:00:00,1910.0,11.7,0.0
2025-11-09 02:00:00,1910.0,11.4,0.0
2025-11-09 03:00:00,1900.0,10.7,0.0
2025-11-09 04:00:00,1870.0,10.4,0.0
2025-11-09 05:00:00,1870.0,9.8,0.0
2025-11-09 06:00:00,1870.0,9.6,0.0
2025-11-09 07:00:00,1843.3333333333333,9.9,0.0
2025-11-09 08:00:00,1830.0,11.2,0.0
2025-11-09 09:00:00,1830.0,12.3,0.0
2025-11-09 10:00:00,1825.8333333333333,13.1,9.7
2025-11-09 11:00:00,1830.0,14.9,4.2
2025-11-09 12:00:00,1830.0,17.0,0.0
2025-11-09 13:00:00,1830.0,18.9,0.0
2025-11-09 14:00:00,1843.3333333333333,19.1,0.0
2025-11-09 15:00:00,1863.3333333333333,20.2,0.0
2025-11-09 16:00:00,1860.0,20.4,0.0
2025-11-09 17:00:00,1873.3333333333333,19.8,0.0
2025-11-09 18:00:00,1903.3333333333333,18.0,0.0
2025-11-09 19:00:00,1910.0,16.3,0.0
2025-11-09 20:00:00,1910.0,15.2,0.2
2025-11-09 21:00:00,1890.0,14.5,0.8
2025-11-09 22:00:00,1870.0,14.1,0.4
2025-11-09 23:00:00,1843.3333333333333,13.1,0.1
2025-11-10 00:00:00,1830.0,12.2,0.1
2025-11-10 01:00:00,1809.1666666666667,11.2,0.0
2025-11-10 02:00:00,1788.3333333333333,11.6,0.0
2025-11-10 03:00:00,1780.0,10.9,0.0
2025-11-10 04:00:00,1750.0,9.6,0.0
2025-11-10 05:00:00,1736.6666666666667,8.1,0.0
2025-11-10 06:00:00,1720.0,6.8,0.0
2025-11-10 07:00:00,1703.3333333333333,6.5,0.0
2025-11-10 08:00:00,1680.0,6.6,0.0
2025-11-10 09:00:00,1677.7777777777778,6.5,0.0
2025-11-10 10:00:00,1690.0,6.6,0.0
2025-11-10 11:00:00,1690.0,6.7,0.0
2025-11-10 12:00:00,1710.909090909091,7.3,0.0
2025-11-10 13:00:00,1700.0,8.5,0.0
2025-11-10 14:00:00,1671.4285714285713,9.2,0.0
2025-11-10 15:00:00,1666.6666666666667,9.1,0.0
2025-11-10 16:00:00,1700.0,8.3,0.0
2025-11-10 17:00:00,1730.0,6.7,0.0
2025-11-10 18:00:00,1730.0,5.2,0.0
2025-11-10 19:00:00,1748.888888888889,4.3,0.0
2025-11-10 20:00:00,1752.0,3.9,0.0
2025-11-10 21:00:00,1714.5454545454545,3.1,0.0
2025-11-10 22:00:00,1716.6666666666667,2.6,0.0
2025-11-10 23:00:00,1703.6363636363637,2.1,0.0
2025-11-11 00:00:00,1713.3333333333333,1.6,0.0
2025-11-11 01:00:00,1726.6666666666667,1.1,0.0
2025-11-11 02:00:00,1733.3333333333333,1.2,0.0
2025-11-11 03:00:00,1723.3333333333333,0.9,0.0
2025-11-11 04:00:00,1676.6666666666667,0.1,0.0
2025-11-11 05:00:00,1688.0,-0.7,0.0
2025-11-11 06:00:00,1680.0,-1.3,0.0
2025-11-11 07:00:00,1649.090909090909,-1.8,0.0
2025-11-11 08:00:00,1634.5454545454545,-1.2,0.0
2025-11-11 09:00:00,1624.0,-0.3,0.0
2025-11-11 10:00:00,1626.6666666666667,1.0,0.0
2025-11-11 11:00:00,1626.6666666666667,2.0,0.0
2025-11-11 12:00:00,1624.0,3.0,0.0
2025-11-11 13:00:00,1605.0,4.2,0.0
2025-11-11 14:00:00,1591.4285714285713,5.9,0.0
2025-11-11 15:00:00,1640.0,6.2,0.0
2025-11-11 16:00:00,1633.3333333333333,6.0,0.0
2025-11-11 17:00:00,1637.142857142857,5.5,0.0
2025-11-11 18:00:00,1673.3333333333333,4.6,0.0
2025-11-11 19:00:00,1633.3333333333333,3.7,0.0
2025-11-11 20:00:00,1720.0,2.9,0.0
2025-11-11 21:00:00,1758.1818181818182,2.2,0.0
2025-11-11 22:00:00,1803.3333333333333,1.6,0.0
2025-11-11 23:00:00,1820.0,1.7,0.0
2025-11-12 00:00:00,1820.0,2.5,0.0
2025-11-12 01:00:00,1813.3333333333333,3.5,0.0
2025-11-12 02:00:00,1773.3333333333333,4.1,0.0
2025-11-12 03:00:00,1743.3333333333333,4.2,0.0
2025-11-12 04:00:00,1713.3333333333333,4.0,0.0
2025-11-12 05:00:00,1673.3333333333333,3.7,0.0
2025-11-12 06:00:00,1630.0,3.5,0.0
2025-11-12 07:00:00,1596.6666666666667,3.3,0.0
2025-11-12 08:00:00,1553.3333333333333,2.9,0.0
2025-11-12 09:00:00,1510.0,4.0,0.0
2025-11-12 10:00:00,1466.6666666666667,5.8,0.0
2025-11-12 11:00:00,1460.0,8.1,0.0
2025-11-12 12:00:00,1460.0,10.4,0.0
2025-11-12 13:00:00,1473.3333333333333,12.1,0.0
2025-11-12 14:00:00,1503.3333333333333,13.4,0.0
2025-11-12 15:00:00,1523.3333333333333,13.9,0.0
2025-11-12 16:00:00,1553.3333333333333,14.1,0.0
2025-11-12 17:00:00,1593.3333333333333,13.8,0.0
2025-11-12 18:00:00,1613.3333333333333,11.6,0.0
2025-11-12 19:00:00,1623.3333333333333,12.1,0.0
2025-11-12 20:00:00,1653.3333333333333,10.3,0.0
2025-11-12 21:00:00,1620.0,10.2,0.0
2025-11-12 22:00:00,1616.6666666666667,10.1,0.0
2025-11-12 23:00:00,1620.0,11.0,0.0
2025-11-13 00:00:00,1620.0,10.3,0.0
2025-11-13 01:00:00,1620.0,9.1,0.0
2025-11-13 02:00:00,1623.3333333333333,8.1,0.0
2025-11-13 03:00:00,1623.3333333333333,8.2,0.0
2025-11-13 04:00:00,1590.0,7.9,0.0
2025-11-13 05:00:00,1580.0,7.3,0.0
2025-11-13 06:00:00,1580.0,6.5,0.0
2025-11-13 07:00:00,1573.3333333333333,5.8,0.0
2025-11-13 08:00:00,1560.0,5.4,0.0
2025-11-13 09:00:00,1516.6666666666667,6.7,0.0
2025-11-13 10:00:00,1500.0,8.8,0.0
2025-11-13 11:00:00,1476.6666666666667,11.3,0.0
2025-11-13 12:00:00,1453.3333333333333,11.9,0.0
2025-11-13 13:00:00,1390.0,12.7,0.0
2025-11-13 14:00:00,1358.3333333333333,13.6,0.0
2025-11-13 15:00:00,1313.6363636363637,14.3,0.0
2025-11-13 16:00:00,1300.8333333333333,13.8,0.0
2025-11-13 17:00:00,1320.0,12.9,0.0
2025-11-13 18:00:00,1388.1818181818182,11.0,0.0
2025-11-13 19:00:00,1449.090909090909,9.4,0.0
2025-11-13 20:00:00,1520.0,7.8,0.0
2025-11-13 21:00:00,1545.0,7.3,0.0
2025-11-13 22:00:00,1565.0,6.9,0.0
2025-11-13 23:00:00,1586.6666666666667,6.7,0.0
2025-11-14 00:00:00,1610.0,6.4,0.0
2025-11-14 01:00:00,1610.0,6.0,0.0
2025-11-14 02:00:00,1626.6666666666667,4.9,0.0
2025-11-14 03:00:00,1610.0,3.7,0.0
2025-11-14 04:00:00,1610.0,3.1,0.0
2025-11-14 05:00:00,1583.3333333333333,2.9,0.0
2025-11-14 06:00:00,1563.3333333333333,2.9,0.0
2025-11-14 07:00:00,1530.0,2.7,0.0
2025-11-14 08:00:00,1507.5,1.7,0.0
2025-11-14 09:00:00,1500.0,3.0,0.0
2025-11-14 10:00:00,1466.6666666666667,5.9,0.0
2025-11-14 11:00:00,1460.0,9.1,0.0
2025-11-14 12:00:00,1460.0,10.9,0.0
2025-11-14 13:00:00,1460.0,11.8,0.0
2025-11-14 14:00:00,1460.0,11.6,0.0
2025-11-14 15:00:00,1473.3333333333333,11.8,0.0
2025-11-14 16:00:00,1505.0,12.7,0.0
2025-11-14 17:00:00,1509.1666666666667,12.0,0.0
2025-11-14 18:00:00,1553.3333333333333,10.9,0.0
2025-11-14 19:00:00,1590.0,9.9,0.0
2025-11-14 20:00:00,1603.3333333333333,10.3,0.0
2025-11-14 21:00:00,1610.0,9.8,0.0
2025-11-14 22:00:00,1610.0,9.5,0.0
2025-11-14 23:00:00,1610.0,9.3,0.0
2025-11-15 00:00:00,1610.0,9.2,0.0
2025-11-15 01:00:00,1603.3333333333333,9.0,0.0
2025-11-15 02:00:00,1573.3333333333333,8.7,0.0
2025-11-15 03:00:00,1546.6666666666667,9.0,0.0
2025-11-15 04:00:00,1530.0,8.4,0.0
2025-11-15 05:00:00,1523.3333333333333,8.6,0.0
2025-11-15 06:00:00,1500.0,8.6,0.0
2025-11-15 07:00:00,1490.0,8.5,0.0
2025-11-15 08:00:00,1493.3333333333333,7.5,0.0
2025-11-15 09:00:00,1487.5,8.1,0.0
2025-11-15 10:00:00,1485.0,8.5,0.0
2025-11-15 11:00:00,1460.0,9.3,0.0
2025-11-15 12:00:00,1460.0,11.1,0.0
2025-11-15 13:00:00,1460.0,12.5,0.0
2025-11-15 14:00:00,1462.5,12.0,0.0
2025-11-15 15:00:00,1462.5,13.6,0.0
2025-11-15 16:00:00,1475.0,14.4,0.0
2025-11-15 17:00:00,1485.0,14.3,0.0
2025-11-15 18:00:00,1490.0,14.0,0.0
2025-11-15 19:00:00,1520.0,14.6,0.0
2025-11-15 20:00:00,1536.6666666666667,16.3,0.1
2025-11-15 21:00:00,1570.0,17.1,0.0
2025-11-15 22:00:00,1570.0,17.3,0.0
2025-11-15 23:00:00,1570.0,17.1,0.0
2025-11-16 00:00:00,1560.0,17.2,0.0
2025-11-16 01:00:00,1530.0,17.4,0.0
2025-11-16 02:00:00,1520.0,18.2,0.0
2025-11-16 03:00:00,1490.0,17.2,0.0
2025-11-16 04:00:00,1485.0,15.1,0.1
2025-11-16 05:00:00,1475.0,15.8,0.0
2025-11-16 06:00:00,1459.1666666666667,15.8,0.0
2025-11-16 07:00:00,1455.0,14.8,0.0
2025-11-16 08:00:00,1461.6666666666667,16.2,0.0
2025-11-16 09:00:00,1459.1666666666667,15.9,0.0
2025-11-16 10:00:00,1450.0,15.0,0.0
2025-11-16 11:00:00,1455.8333333333333,14.7,0.0
2025-11-16 12:00:00,1450.8333333333333,14.4,0.0
2025-11-16 13:00:00,1387.0,14.6,0.0
2025-11-16 14:00:00,1380.0,15.1,0.0
2025-11-16 15:00:00,1330.0,14.3,0.0
2025-11-16 16:00:00,1237.142857142857,13.5,0.0
2025-11-16 17:00:00,1294.4444444444443,11.7,0.0
2025-11-16 18:00:00,1344.5454545454545,10.3,0.0
2025-11-16 19:00:00,1335.7142857142858,9.5,0.0
2025-11-16 20:00:00,1347.142857142857,9.2,0.0
2025-11-16 21:00:00,1406.3636363636363,8.2,0.0
2025-11-16 22:00:00,1485.8333333333333,7.5,0.0
2025-11-16 23:00:00,1563.3333333333333,7.1,0.0
2025-11-17 00:00:00,1610.0,7.1,0.0
2025-11-17 01:00:00,1646.6666666666667,6.7,0.0
2025-11-17 02:00:00,1650.0,7.0,0.0
2025-11-17 03:00:00,1640.0,6.8,0.0
2025-11-17 04:00:00,1610.0,6.6,0.0
2025-11-17 05:00:00,1576.6666666666667,6.2,0.0
2025-11-17 06:00:00,1543.3333333333333,5.9,0.0
2025-11-17 07:00:00,1526.6666666666667,5.6,0.0
2025-11-17 08:00:00,1483.3333333333333,6.0,0.0
2025-11-17 09:00:00,1449.1666666666667,6.2,0.0
2025-11-17 10:00:00,1416.6666666666667,6.7,0.0
2025-11-17 11:00:00,1380.0,7.5,0.0
2025-11-17 12:00:00,1350.0,7.8,0.0
2025-11-17 13:00:00,1326.6666666666667,8.7,0.0
2025-11-17 14:00:00,1320.8333333333333,10.0,0.0
2025-11-17 15:00:00,1255.8333333333333,10.3,0.0
2025-11-17 16:00:00,1282.7272727272727,10.1,0.0
2025-11-17 17:00:00,1312.0,9.6,0.0
2025-11-17 18:00:00,1363.3333333333333,8.6,0.0
2025-11-17 19:00:00,1371.8181818181818,7.6,0.0
2025-11-17 20:00:00,1425.8333333333333,6.4,0.0
2025-11-17 21:00:00,1442.5,5.9,0.0
2025-11-17 22:00:00,1466.6666666666667,5.3,0.0
2025-11-17 23:00:00,1490.0,4.5,0.0
2025-11-18 00:00:00,1490.0,4.2,0.0
2025-11-18 01:00:00,1490.0,3.8,0.0
2025-11-18 02:00:00,1490.0,2.6,0.0
2025-11-18 03:00:00,1483.3333333333333,2.1,0.0
2025-11-18 04:00:00,1450.0,1.8,0.0
2025-11-18 05:00:00,1440.0,1.4,0.0
2025-11-18 06:00:00,1422.5,1.0,0.0
2025-11-18 07:00:00,1420.0,0.7,0.0
2025-11-18 08:00:00,1420.0,0.3,0.0
2025-11-18 09:00:00,1418.3333333333333,1.3,0.0
2025-11-18 10:00:00,1395.0,3.5,0.0
2025-11-18 11:00:00,1385.0,5.4,0.0
2025-11-18 12:00:00,1397.5,8.1,0.0
2025-11-18 13:00:00,1400.0,9.7,0.0
2025-11-18 14:00:00,1410.0,9.7,0.0
2025-11-18 15:00:00,1410.0,9.6,0.0
2025-11-18 16:00:00,1410.0,9.4,0.0
2025-11-18 17:00:00,1416.6666666666667,9.2,0.0
2025-11-18 18:00:00,1450.0,6.9,0.3
2025-11-18 19:00:00,1446.6666666666667,6.4,0.4
2025-11-18 20:00:00,1450.0,5.6,1.1
2025-11-18 21:00:00,1450.0,5.5,1.2
2025-11-18 22:00:00,1450.0,5.6,0.6
2025-11-18 23:00:00,1483.3333333333333,5.5,1.0
2025-11-19 00:00:00,1490.0,5.6,1.4
2025-11-19 01:00:00,1490.0,5.8,1.8
2025-11-19 02:00:00,1490.0,6.0,0.2
2025-11-19 03:00:00,1490.0,6.1,0.4
2025-11-19 04:00:00,1473.3333333333333,6.4,1.4
2025-11-19 05:00:00,1490.0,6.6,0.0
2025-11-19 06:00:00,1490.0,6.6,0.0
2025-11-19 07:00:00,1496.6666666666667,6.4,0.3
2025-11-19 08:00:00,1490.0,6.1,0.0
2025-11-19 09:00:00,1490.0,6.3,0.0
2025-11-19 10:00:00,1490.0,6.9,0.0
2025-11-19 11:00:00,1490.0,7.7,0.0
2025-11-19 12:00:00,1490.0,8.4,0.0
2025-11-19 13:00:00,1490.0,9.4,0.0
2025-11-19 14:00:00,1490.0,9.1,0.0
2025-11-19 15:00:00,1490.0,8.9,0.0
2025-11-19 16:00:00,1470.0,8.6,0.0
2025-11-19 17:00:00,1490.0,8.4,0.0
2025-11-19 18:00:00,1510.0,7.6,0.0
2025-11-19 19:00:00,1530.0,7.0,0.0
2025-11-19 20:00:00,1560.0,6.5,0.0
2025-11-19 21:00:00,1570.0,5.8,0.0
2025-11-19 22:00:00,1603.3333333333333,5.4,0.0
2025-11-19 23:00:00,1620.0,4.9,0.0
2025-11-20 00:00:00,1650.0,4.4,0.0
2025-11-20 01:00:00,1670.0,4.1,0.0
2025-11-20 02:00:00,1683.3333333333333,5.2,0.0
2025-11-20 03:00:00,1660.0,5.1,0.0
2025-11-20 04:00:00,1650.0,5.2,0.0
2025-11-20 05:00:00,1646.6666666666667,5.1,0.0
2025-11-20 06:00:00,1616.6666666666667,5.1,0.0
2025-11-20 07:00:00,1610.0,5.1,0.0
2025-11-20 08:00:00,1603.3333333333333,4.5,0.0
2025-11-20 09:00:00,1570.0,4.9,0.0
2025-11-20 10:00:00,1570.0,5.5,0.0
2025-11-20 11:00:00,1546.6666666666667,6.1,0.0
2025-11-20 12:00:00,1530.0,6.8,0.0
2025-11-20 13:00:00,1530.0,7.5,0.0
2025-11-20 14:00:00,1530.0,7.3,0.0
2025-11-20 15:00:00,1530.0,7.8,0.2
2025-11-20 16:00:00,1530.0,8.1,0.1
2025-11-20 17:00:00,1560.0,8.2,0.0
2025-11-20 18:00:00,1570.0,7.7,0.0
2025-11-20 19:00:00,1593.3333333333333,7.5,0.0
2025-11-20 20:00:00,1606.6666666666667,7.9,0.0
2025-11-20 21:00:00,1610.0,7.6,0.0
2025-11-20 22:00:00,1610.0,7.3,0.0
2025-11-20 23:00:00,1610.0,6.4,0.0
2025-11-21 00:00:00,1620.0,6.0,0.0
2025-11-21 01:00:00,1650.0,5.8,0.0
2025-11-21 02:00:00,1650.0,5.7,0.0
2025-11-21 03:00:00,1653.3333333333333,5.9,0.0
2025-11-21 04:00:00,1653.3333333333333,5.8,0.0
2025-11-21 05:00:00,1650.0,6.5,0.0
2025-11-21 06:00:00,1643.3333333333333,6.1,0.0
2025-11-21 07:00:00,1616.6666666666667,5.9,0.0
2025-11-21 08:00:00,1586.6666666666667,5.2,0.0
2025-11-21 09:00:00,1556.6666666666667,6.5,0.0
2025-11-21 10:00:00,1530.0,8.2,0.0
2025-11-21 11:00:00,1530.0,10.1,0.0
2025-11-21 12:00:00,1510.0,11.0,0.0
2025-11-21 13:00:00,1510.0,11.6,0.0
2025-11-21 14:00:00,1510.0,12.0,0.0
2025-11-21 15:00:00,1526.6666666666667,12.5,0.0
2025-11-21 16:00:00,1530.0,12.2,0.0
2025-11-21 17:00:00,1566.6666666666667,11.8,0.0
2025-11-21 18:00:00,1570.0,10.7,0.0
2025-11-21 19:00:00,1610.0,10.3,0.0
2025-11-21 20:00:00,1610.0,11.1,0.0
2025-11-21 21:00:00,1626.6666666666667,10.8,0.0
2025-11-21 22:00:00,1643.3333333333333,10.4,0.0
2025-11-21 23:00:00,1646.6666666666667,10.3,0.6
2025-11-22 00:00:00,1650.0,10.0,0.4
2025-11-22 01:00:00,1650.0,10.0,0.5
2025-11-22 02:00:00,1650.0,10.0,0.9
2025-11-22 03:00:00,1646.6666666666667,10.2,1.4
2025-11-22 04:00:00,1640.0,10.3,0.5
2025-11-22 05:00:00,1633.3333333333333,10.2,0.1
2025-11-22 06:00:00,1626.6666666666667,10.3,0.0
2025-11-22 07:00:00,1610.0,10.3,0.0
2025-11-22 08:00:00,1610.0,10.3,0.0
2025-11-22 09:00:00,1610.0,10.2,0.3
2025-11-22 10:00:00,1610.0,10.7,3.9
2025-11-22 11:00:00,1610.0,10.7,0.5
2025-11-22 12:00:00,1640.0,11.2,0.0
2025-11-22 13:00:00,1650.0,11.4,0.0
2025-11-22 14:00:00,1673.3333333333333,12.6,0.0
2025-11-22 15:00:00,1673.3333333333333,13.0,0.0
2025-11-22 16:00:00,1690.0,13.5,0.0
2025-11-22 17:00:00,1703.3333333333333,12.6,0.0
2025-11-22 18:00:00,1726.6666666666667,11.0,0.0
2025-11-22 19:00:00,1746.6666666666667,9.6,0.0
2025-11-22 20:00:00,1766.6666666666667,8.7,0.0
2025-11-22 21:00:00,1770.0,7.8,0.0
2025-11-22 22:00:00,1770.0,7.0,0.0
2025-11-22 23:00:00,1780.0,6.8,0.0
2025-11-23 00:00:00,1773.3333333333333,6.2,0.0
2025-11-23 01:00:00,1776.6666666666667,5.1,0.0
2025-11-23 02:00:00,1793.3333333333333,4.2,0.0
2025-11-23 03:00:00,1806.6666666666667,3.7,0.0
2025-11-23 04:00:00,1814.1666666666667,3.2,0.0
2025-11-23 05:00:00,1814.1666666666667,2.8,0.0
2025-11-23 06:00:00,1814.1666666666667,2.6,0.0
2025-11-23 07:00:00,1810.0,2.1,0.0
2025-11-23 08:00:00,1810.0,2.0,0.0
2025-11-23 09:00:00,1810.0,2.8,0.0
2025-11-23 10:00:00,1810.0,4.9,0.0
2025-11-23 11:00:00,1810.0,7.7,0.0
2025-11-23 12:00:00,1810.0,10.7,0.0
2025-11-23 13:00:00,1810.0,12.8,0.0
2025-11-23 14:00:00,1813.3333333333333,15.1,0.0
2025-11-23 15:00:00,1820.0,15.2,0.0
2025-11-23 16:00:00,1840.8333333333333,15.6,0.0
2025-11-23 17:00:00,1854.1666666666667,14.2,0.0
2025-11-23 18:00:00,1858.3333333333333,12.0,0.0
2025-11-23 19:00:00,1834.1666666666667,10.4,0.0
2025-11-23 20:00:00,1813.3333333333333,9.7,0.0
2025-11-23 21:00:00,1813.3333333333333,8.9,0.0
2025-11-23 22:00:00,1810.0,8.1,0.0
2025-11-23 23:00:00,1810.0,7.6,0.0
2025-11-24 00:00:00,1813.3333333333333,7.0,0.0
2025-11-24 01:00:00,1813.3333333333333,7.2,0.0
2025-11-24 02:00:00,1816.6666666666667,6.7,0.0
2025-11-24 03:00:00,1836.6666666666667,6.4,0.0
2025-11-24 04:00:00,1850.0,6.0,0.0
2025-11-24 05:00:00,1850.0,5.5,0.0
2025-11-24 06:00:00,1816.6666666666667,5.2,0.0
2025-11-24 07:00:00,1790.0,5.0,0.0
2025-11-24 08:00:00,1770.0,4.7,0.0
2025-11-24 09:00:00,1740.0,5.4,0.0
2025-11-24 10:00:00,1730.0,7.5,0.0
2025-11-24 11:00:00,1730.0,9.5,0.0
2025-11-24 12:00:00,1740.0,11.1,0.0
2025-11-24 13:00:00,1776.6666666666667,12.0,0.0
2025-11-24 14:00:00,1810.0,13.4,0.0
2025-11-24 15:00:00,1820.0,13.9,0.0
2025-11-24 16:00:00,1836.6666666666667,13.8,0.0
2025-11-24 17:00:00,1850.0,12.6,0.0
2025-11-24 18:00:00,1850.0,9.9,0.0
2025-11-24 19:00:00,1850.0,9.1,0.0
2025-11-24 20:00:00,1862.5,8.6,0.0
2025-11-24 21:00:00,1850.0,7.4,0.0
2025-11-24 22:00:00,1858.3333333333333,6.3,0.0
2025-11-24 23:00:00,1895.8333333333333,5.6,0.0
2025-11-25 00:00:00,1900.0,5.4,0.0
2025-11-25 01:00:00,1900.0,5.4,0.0
2025-11-25 02:00:00,1900.0,5.4,0.0
2025-11-25 03:00:00,1900.0,5.3,0.0
2025-11-25 04:00:00,1883.3333333333333,4.8,0.0
2025-11-25 05:00:00,1854.1666666666667,4.8,0.0
2025-11-25 06:00:00,1850.0,4.7,0.0
2025-11-25 07:00:00,1833.3333333333333,4.2,0.0
2025-11-25 08:00:00,1810.0,5.7,0.0
2025-11-25 09:00:00,1810.0,6.0,0.0
2025-11-25 10:00:00,1810.0,7.1,0.0
2025-11-25 11:00:00,1816.6666666666667,9.1,0.0
2025-11-25 12:00:00,1846.6666666666667,9.3,0.0
2025-11-25 13:00:00,1850.0,9.3,0.1
2025-11-25 14:00:00,1883.3333333333333,10.0,0.2
2025-11-25 15:00:00,1900.0,11.0,0.1
2025-11-25 16:00:00,1900.0,11.2,0.0
2025-11-25 17:00:00,1900.0,11.7,0.0
2025-11-25 18:00:00,1900.0,11.1,1.3
2025-11-25 19:00:00,1910.0,10.9,2.3
2025-11-25 20:00:00,1903.3333333333333,9.8,0.1
2025-11-25 21:00:00,1916.6666666666667,9.8,0.0
2025-11-25 22:00:00,1940.0,10.2,0.0
2025-11-25 23:00:00,1940.0,10.3,0.0
2025-11-26 00:00:00,1940.0,10.3,0.0
2025-11-26 01:00:00,1940.0,10.3,0.0
2025-11-26 02:00:00,1956.6666666666667,10.5,0.0
2025-11-26 03:00:00,1973.3333333333333,11.3,0.0
2025-11-26 04:00:00,1984.1666666666667,12.2,1.1
2025-11-26 05:00:00,1988.3333333333333,12.5,0.0
2025-11-26 06:00:00,1996.6666666666667,12.9,0.0
2025-11-26 07:00:00,1996.6666666666667,12.6,0.0
2025-11-26 08:00:00,2009.1666666666667,12.6,0.0
2025-11-26 09:00:00,2021.6666666666667,13.0,0.0
2025-11-26 10:00:00,2066.6666666666665,14.7,0.0
2025-11-26 11:00:00,2082.5,15.6,0.0
2025-11-26 12:00:00,2120.0,16.9,0.0
2025-11-26 13:00:00,2156.6666666666665,18.9,0.0
2025-11-26 14:00:00,2160.0,19.6,0.0
2025-11-26 15:00:00,2168.3333333333335,20.1,0.2
2025-11-26 16:00:00,2164.1666666666665,19.9,0.0
2025-11-26 17:00:00,2176.6666666666665,19.1,0.0
2025-11-26 18:00:00,2193.3333333333335,17.2,0.0
2025-11-26 19:00:00,2193.3333333333335,14.7,0.1
2025-11-26 20:00:00,2205.8333333333335,13.9,0.0
2025-11-26 21:00:00,2193.3333333333335,12.9,0.0
2025-11-26 22:00:00,2160.0,11.4,0.0
2025-11-26 23:00:00,2155.8333333333335,9.3,0.0
2025-11-27 00:00:00,2106.6666666666665,8.1,0.0
2025-11-27 01:00:00,2080.0,7.3,0.0
2025-11-27 02:00:00,1938.1818181818182,6.7,0.0
2025-11-27 03:00:00,1978.3333333333333,6.0,0.0
2025-11-27 04:00:00,1996.6666666666667,5.3,0.0
2025-11-27 05:00:00,2012.5,4.8,0.0
2025-11-27 06:00:00,2025.8333333333333,4.4,0.0
2025-11-27 07:00:00,2066.6666666666665,3.9,0.0
2025-11-27 08:00:00,2070.0,4.0,0.0
2025-11-27 09:00:00,2102.5,4.2,0.0
2025-11-27 10:00:00,2120.0,5.6,0.0
2025-11-27 11:00:00,2136.6666666666665,6.5,0.0
2025-11-27 12:00:00,2130.0,6.3,0.0
2025-11-27 13:00:00,2143.3333333333335,6.3,0.0
2025-11-27 14:00:00,2128.3333333333335,5.6,0.0
2025-11-27 15:00:00,2110.0,5.3,0.0
2025-11-27 16:00:00,2080.0,5.1,0.0
2025-11-27 17:00:00,2069.1666666666665,5.0,0.0
2025-11-27 18:00:00,2046.6666666666667,3.9,0.0
2025-11-27 19:00:00,2042.5,2.9,0.0
2025-11-27 20:00:00,2056.6666666666665,2.7,0.0
2025-11-27 21:00:00,2110.8333333333335,2.5,0.0
2025-11-27 22:00:00,2125.8333333333335,2.1,0.0
2025-11-27 23:00:00,2140.0,1.9,0.0
2025-11-28 00:00:00,2172.5,1.0,0.0
2025-11-28 01:00:00,2193.3333333333335,0.5,0.0
2025-11-28 02:00:00,2175.0,0.9,0.0
2025-11-28 03:00:00,2182.5,0.7,0.0
2025-11-28 04:00:00,2205.8333333333335,0.5,0.0
2025-11-28 05:00:00,2197.5,-0.1,0.0
2025-11-28 06:00:00,2210.0,-0.3,0.0
2025-11-28 07:00:00,2218.3333333333335,-0.3,0.0
2025-11-28 08:00:00,2226.6666666666665,-0.2,0.0
2025-11-28 09:00:00,2260.0,0.6,0.0
2025-11-28 10:00:00,2280.0,1.9,0.0
2025-11-28 11:00:00,2300.8333333333335,2.7,0.0
2025-11-28 12:00:00,2309.1666666666665,3.8,0.0
2025-11-28 13:00:00,2313.3333333333335,4.5,0.0
2025-11-28 14:00:00,2291.6666666666665,3.8,0.0
2025-11-28 15:00:00,2270.0,4.0,0.0
2025-11-28 16:00:00,2158.8888888888887,3.7,0.0
2025-11-28 17:00:00,2122.0,3.1,0.0
2025-11-28 18:00:00,2093.3333333333335,2.7,0.0
2025-11-28 19:00:00,2041.0,2.3,0.0
2025-11-28 20:00:00,2155.8333333333335,2.0,0.0
2025-11-28 21:00:00,2205.8333333333335,1.7,0.0
2025-11-28 22:00:00,2222.5,1.2,0.0
2025-11-28 23:00:00,2273.3333333333335,0.7,0.0
2025-11-29 00:00:00,2276.6666666666665,0.4,0.0
2025-11-29 01:00:00,2260.0,-0.1,0.0
2025-11-29 02:00:00,2222.5,-0.6,0.0
2025-11-29 03:00:00,2190.0,-0.6,0.0
2025-11-29 04:00:00,2160.0,-0.8,0.0
2025-11-29 05:00:00,2153.3333333333335,-0.9,0.0
2025-11-29 06:00:00,2150.0,-1.0,0.0
2025-11-29 07:00:00,2146.6666666666665,-1.3,0.0
2025-11-29 08:00:00,2133.3333333333335,-2.0,0.0
2025-11-29 09:00:00,2156.6666666666665,-1.2,0.0
2025-11-29 10:00:00,2160.0,0.6,0.0
2025-11-29 11:00:00,2210.0,2.3,0.0
2025-11-29 12:00:00,2210.0,3.4,0.0
2025-11-29 13:00:00,2239.1666666666665,4.1,0.0
2025-11-29 14:00:00,2255.8333333333335,4.8,0.0
2025-11-29 15:00:00,2260.0,5.4,0.0
2025-11-29 16:00:00,2260.0,5.4,0.0
2025-11-29 17:00:00,2261.6666666666665,4.8,0.0
2025-11-29 18:00:00,2260.0,2.9,0.0
2025-11-29 19:00:00,2260.0,2.1,0.0
2025-11-29 20:00:00,2260.0,2.0,0.0
2025-11-29 21:00:00,2260.0,1.7,0.0
2025-11-29 22:00:00,2260.0,1.7,0.0
2025-11-29 23:00:00,2260.0,1.4,0.0
2025-11-30 00:00:00,2235.0,1.1,0.0
2025-11-30 01:00:00,2210.0,1.0,0.0
2025-11-30 02:00:00,2210.0,1.4,0.0
2025-11-30 03:00:00,2210.0,1.4,0.0
2025-11-30 04:00:00,2210.0,1.4,0.0
2025-11-30 05:00:00,2214.1666666666665,1.1,0.0
2025-11-30 06:00:00,2222.5,1.0,0.0
2025-11-30 07:00:00,2260.0,1.4,0.0
2025-11-30 08:00:00,2260.0,1.9,0.0
2025-11-30 09:00:00,2290.0,1.7,0.5
2025-11-30 10:00:00,2300.0,1.8,0.9
2025-11-30 11:00:00,2325.0,1.6,0.6
2025-11-30 12:00:00,2350.0,2.2,0.0
2025-11-30 13:00:00,2354.1666666666665,3.1,0.0
2025-11-30 14:00:00,2366.6666666666665,2.9,0.0
2025-11-30 15:00:00,2379.1666666666665,3.3,0.1
2025-11-30 16:00:00,2350.0,3.8,0.3
2025-11-30 17:00:00,2354.1666666666665,4.7,0.0
2025-11-30 18:00:00,2341.6666666666665,5.1,0.0
2025-11-30 19:00:00,2304.1666666666665,5.4,0.0
2025-11-30 20:00:00,2290.0,4.2,0.0
2025-11-30 21:00:00,2260.0,3.9,0.0
2025-11-30 22:00:00,2260.0,3.8,0.0
2025-11-30 23:00:00,2210.0,5.3,0.0
2025-12-01 00:00:00,2210.0,4.6,0.0
2025-12-01 01:00:00,2197.5,2.9,0.0
2025-12-01 02:00:00,2164.1666666666665,2.9,0.0
2025-12-01 03:00:00,2160.8333333333335,2.4,0.0
2025-12-01 04:00:00,2154.1666666666665,1.8,0.0
2025-12-01 05:00:00,2070.0,1.3,0.0
2025-12-01 06:00:00,2113.3333333333335,0.9,0.0
2025-12-01 07:00:00,2150.0,0.5,0.0
2025-12-01 08:00:00,2153.3333333333335,0.6,0.0
2025-12-01 09:00:00,2153.3333333333335,1.1,0.0
2025-12-01 10:00:00,2160.0,2.5,0.0
2025-12-01 11:00:00,2176.6666666666665,4.0,0.0
2025-12-01 12:00:00,2210.0,4.9,0.0
2025-12-01 13:00:00,2218.3333333333335,5.6,0.0
2025-12-01 14:00:00,2198.3333333333335,6.3,0.0
2025-12-01 15:00:00,2166.6666666666665,6.6,0.0
2025-12-01 16:00:00,2165.8333333333335,6.5,0.0
2025-12-01 17:00:00,2165.0,5.9,0.0
2025-12-01 18:00:00,2164.1666666666665,4.0,0.0
2025-12-01 19:00:00,2146.6666666666665,3.5,0.0
2025-12-01 20:00:00,2120.0,2.3,0.0
2025-12-01 21:00:00,2086.6666666666665,1.5,0.0
2025-12-01 22:00:00,2070.0,1.2,0.0
2025-12-01 23:00:00,2066.6666666666665,0.6,0.0
2025-12-02 00:00:00,2036.6666666666667,0.3,0.0
2025-12-02 01:00:00,2030.0,0.1,0.0
2025-12-02 02:00:00,2013.3333333333333,-0.3,0.0
2025-12-02 03:00:00,1984.1666666666667,-0.4,0.0
2025-12-02 04:00:00,1980.0,-0.3,0.0
2025-12-02 05:00:00,1980.0,0.3,0.0
2025-12-02 06:00:00,1980.0,0.6,0.3
2025-12-02 07:00:00,1980.0,0.8,1.1
2025-12-02 08:00:00,1980.0,0.6,1.8
2025-12-02 09:00:00,1980.0,0.7,2.1
2025-12-02 10:00:00,2021.6666666666667,0.8,2.4
2025-12-02 11:00:00,2056.6666666666665,1.1,3.3
2025-12-02 12:00:00,2086.6666666666665,1.4,3.1
2025-12-02 13:00:00,2143.3333333333335,1.7,2.3
2025-12-02 14:00:00,2197.5,2.3,1.5
2025-12-02 15:00:00,2265.8333333333335,2.7,0.8
2025-12-02 16:00:00,2350.0,3.9,0.0
2025-12-02 17:00:00,2483.3333333333335,3.9,0.0
2025-12-02 18:00:00,2591.6666666666665,3.5,0.0
2025-12-02 19:00:00,2675.0,3.0,0.0
2025-12-02 20:00:00,2658.3333333333335,2.8,0.0
2025-12-02 21:00:00,2600.0,2.9,0.0
2025-12-02 22:00:00,2566.6666666666665,2.8,0.0
2025-12-02 23:00:00,2579.1666666666665,2.4,0.0
2025-12-03 00:00:00,2562.5,1.8,0.0
2025-12-03 01:00:00,2554.1666666666665,1.2,0.0
2025-12-03 02:00:00,2587.5,1.3,0.0
2025-12-03 03:00:00,2566.6666666666665,0.5,0.0
2025-12-03 04:00:00,2612.5,-0.1,0.0
2025-12-03 05:00:00,2633.3333333333335,-0.4,0.0
2025-12-03 06:00:00,2654.1666666666665,-0.7,0.0
2025-12-03 07:00:00,2708.3333333333335,-1.1,0.0
2025-12-03 08:00:00,2750.0,-0.9,0.0
2025-12-03 09:00:00,2783.3333333333335,-0.3,0.0
2025-12-03 10:00:00,2812.5,1.4,0.0
2025-12-03 11:00:00,2837.5,3.0,0.0
2025-12-03 12:00:00,2850.0,3.9,0.0
2025-12-03 13:00:00,2812.5,4.5,0.0
2025-12-03 14:00:00,2791.6666666666665,5.5,0.0
2025-12-03 15:00:00,2733.3333333333335,5.8,0.0
2025-12-03 16:00:00,2704.1666666666665,5.9,0.0
2025-12-03 17:00:00,2708.3333333333335,5.7,0.0
2025-12-03 18:00:00,2695.8333333333335,3.7,0.0
2025-12-03 19:00:00,2666.6666666666665,2.6,0.0
2025-12-03 20:00:00,2650.0,2.0,0.0
2025-12-03 21:00:00,2608.3333333333335,1.5,0.0
2025-12-03 22:00:00,2600.0,0.7,0.0
2025-12-03 23:00:00,2579.1666666666665,0.0,0.0
2025-12-04 00:00:00,2575.0,-0.1,0.0
2025-12-04 01:00:00,2579.1666666666665,-0.1,0.0
2025-12-04 02:00:00,2587.5,-1.1,0.0
2025-12-04 03:00:00,2600.0,-1.4,0.0
2025-12-04 04:00:00,2604.1666666666665,-1.4,0.0
2025-12-04 05:00:00,2645.8333333333335,-1.6,0.0
2025-12-04 06:00:00,2654.1666666666665,-1.4,0.0
2025-12-04 07:00:00,2695.8333333333335,-1.1,0.0
2025-12-04 08:00:00,2700.0,-1.2,0.0
2025-12-04 09:00:00,2737.5,-0.1,0.0
2025-12-04 10:00:00,2750.0,2.0,0.0
2025-12-04 11:00:00,2779.1666666666665,4.1,0.0
2025-12-04 12:00:00,2800.0,5.7,0.0
2025-12-04 13:00:00,2800.0,5.3,0.0
2025-12-04 14:00:00,2800.0,5.9,0.0
2025-12-04 15:00:00,2783.3333333333335,5.9,0.0
2025-12-04 16:00:00,2766.6666666666665,4.9,0.0
2025-12-04 17:00:00,2691.6666666666665,3.6,0.0
2025-12-04 18:00:00,2608.3333333333335,2.1,0.0
2025-12-04 19:00:00,2559.090909090909,0.9,0.0
2025-12-04 20:00:00,2591.6666666666665,0.7,0.0
2025-12-04 21:00:00,2616.6666666666665,0.5,0.0
2025-12-04 22:00:00,2595.8333333333335,0.2,0.0
2025-12-04 23:00:00,2604.1666666666665,0.0,0.0
2025-12-05 00:00:00,2600.0,-0.3,0.0
2025-12-05 01:00:00,2604.1666666666665,-0.8,0.0
2025-12-05 02:00:00,2604.1666666666665,-0.6,0.0
2025-12-05 03:00:00,2600.0,-0.9,0.0
2025-12-05 04:00:00,2600.0,-1.1,0.0
2025-12-05 05:00:00,2595.8333333333335,-1.5,0.1
2025-12-05 06:00:00,2579.1666666666665,-2.0,0.3
2025-12-05 07:00:00,2570.8333333333335,-2.3,0.4
2025-12-05 08:00:00,2579.1666666666665,-2.4,0.4
2025-12-05 09:00:00,2600.0,-2.6,0.5
2025-12-05 10:00:00,2600.0,-2.7,0.5
2025-12-05 11:00:00,2600.0,-2.5,0.3
2025-12-05 12:00:00,2600.0,-2.4,0.2
2025-12-05 13:00:00,2625.0,-2.2,0.2
2025-12-05 14:00:00,2612.5,-1.7,0.1
2025-12-05 15:00:00,2600.0,-1.6,0.0
2025-12-05 16:00:00,2600.0,-1.3,0.0
2025-12-05 17:00:00,2600.0,-1.4,0.0
2025-12-05 18:00:00,2579.1666666666665,-1.5,0.0
2025-12-05 19:00:00,2554.1666666666665,-1.6,0.0
2025-12-05 20:00:00,2550.0,-1.6,0.0
2025-12-05 21:00:00,2550.0,-1.6,0.0
2025-12-05 22:00:00,2550.0,-1.5,0.0
2025-12-05 23:00:00,2529.1666666666665,-1.3,0.0
2025-12-06 00:00:00,2516.6666666666665,-1.2,0.0
2025-12-06 01:00:00,2500.0,-1.1,0.0
2025-12-06 02:00:00,2500.0,-0.9,0.0
2025-12-06 03:00:00,2500.0,-0.9,0.0
2025-12-06 04:00:00,2500.0,-0.8,0.0
2025-12-06 05:00:00,2500.0,-0.7,0.0
2025-12-06 06:00:00,2504.1666666666665,-0.8,0.0
2025-12-06 07:00:00,2533.3333333333335,-1.1,0.0
2025-12-06 08:00:00,2550.0,-1.3,0.0
2025-12-06 09:00:00,2550.0,-1.1,0.0
2025-12-06 10:00:00,2550.0,-0.9,0.0
2025-12-06 11:00:00,2550.0,-0.3,0.0
2025-12-06 12:00:00,2529.1666666666665,0.3,0.0
2025-12-06 13:00:00,2500.0,0.9,0.0
2025-12-06 14:00:00,2500.0,2.2,0.0
2025-12-06 15:00:00,2500.0,2.4,0.0
2025-12-06 16:00:00,2500.0,3.5,0.0
2025-12-06 17:00:00,2500.0,3.4,0.0
2025-12-06 18:00:00,2466.6666666666665,2.1,0.0
2025-12-06 19:00:00,2450.0,1.7,0.0
2025-12-06 20:00:00,2441.6666666666665,1.9,0.0
2025-12-06 21:00:00,2400.0,0.8,0.0
2025-12-06 22:00:00,2395.8333333333335,0.5,0.0
2025-12-06 23:00:00,2362.5,0.6,0.0
2025-12-07 00:00:00,2350.0,0.3,0.0
2025-12-07 01:00:00,2341.6666666666665,0.1,0.0
2025-12-07 02:00:00,2308.3333333333335,0.6,0.0
2025-12-07 03:00:00,2293.3333333333335,0.4,0.0
2025-12-07 04:00:00,2273.3333333333335,-0.2,0.0
2025-12-07 05:00:00,2260.0,-0.7,0.0
2025-12-07 06:00:00,2260.0,-1.1,0.0
2025-12-07 07:00:00,2266.6666666666665,-1.2,0.0
2025-12-07 08:00:00,2293.3333333333335,-2.1,0.0
2025-12-07 09:00:00,2300.0,-0.6,0.0
2025-12-07 10:00:00,2308.3333333333335,0.8,0.0
2025-12-07 11:00:00,2341.6666666666665,2.0,0.0
2025-12-07 12:00:00,2350.0,3.0,0.0
2025-12-07 13:00:00,2350.0,3.6,0.0
2025-12-07 14:00:00,2383.3333333333335,4.1,0.0
2025-12-07 15:00:00,2400.0,5.1,0.0
2025-12-07 16:00:00,2400.0,5.3,0.0
2025-12-07 17:00:00,2400.0,5.0,0.0
2025-12-07 18:00:00,2395.8333333333335,2.6,0.0
2025-12-07 19:00:00,2383.3333333333335,2.4,0.0
2025-12-07 20:00:00,2350.0,1.2,0.0
2025-12-07 21:00:00,2297.5,0.8,0.0
2025-12-07 22:00:00,2266.6666666666665,0.3,0.0
2025-12-07 23:00:00,2222.5,0.1,0.0
2025-12-08 00:00:00,2180.8333333333335,-0.4,0.0
2025-12-08 01:00:00,2156.6666666666665,0.2,0.0
2025-12-08 02:00:00,2136.6666666666665,-0.5,0.0
2025-12-08 03:00:00,2120.0,-0.6,0.0
2025-12-08 04:00:00,2120.0,0.4,0.0
2025-12-08 05:00:00,2086.6666666666665,0.8,0.0
2025-12-08 06:00:00,2070.0,1.7,0.0
2025-12-08 07:00:00,2070.0,1.0,0.0
2025-12-08 08:00:00,2070.0,1.5,0.0
2025-12-08 09:00:00,2066.6666666666665,1.0,0.0
2025-12-08 10:00:00,2070.0,0.5,0.0
2025-12-08 11:00:00,2078.3333333333335,0.1,0.0
2025-12-08 12:00:00,2059.1666666666665,0.5,0.0
2025-12-08 13:00:00,2075.0,0.6,0.0
2025-12-08 14:00:00,2118.3333333333335,0.7,0.0
2025-12-08 15:00:00,2132.5,0.4,0.0
2025-12-08 16:00:00,2143.3333333333335,-0.2,0.0
2025-12-08 17:00:00,2154.1666666666665,-0.8,0.0
2025-12-08 18:00:00,2160.8333333333335,-1.7,0.0
2025-12-08 19:00:00,2156.6666666666665,-2.2,0.0
2025-12-08 20:00:00,2153.3333333333335,-2.3,0.0
2025-12-08 21:00:00,2150.0,-2.5,0.0
2025-12-08 22:00:00,2153.3333333333335,-2.8,0.0
2025-12-08 23:00:00,2153.3333333333335,-3.1,0.0
2025-12-09 00:00:00,2140.0,-3.4,0.0
2025-12-09 01:00:00,2123.3333333333335,-3.6,0.0
2025-12-09 02:00:00,2120.0,-4.2,0.0
2025-12-09 03:00:00,2120.0,-4.9,0.0
2025-12-09 04:00:00,2120.0,-5.2,0.0
2025-12-09 05:00:00,2120.0,-5.4,0.0
2025-12-09 06:00:00,2115.8333333333335,-5.7,0.0
2025-12-09 07:00:00,2120.0,-5.9,0.0
2025-12-09 08:00:00,2120.0,-6.4,0.0
2025-12-09 09:00:00,2120.0,-6.5,0.0
2025-12-09 10:00:00,2120.0,-5.1,0.0
2025-12-09 11:00:00,2120.0,-3.7,0.0
2025-12-09 12:00:00,2150.0,-2.1,0.0
2025-12-09 13:00:00,2160.0,-0.6,0.0
2025-12-09 14:00:00,2172.5,-0.5,0.0
2025-12-09 15:00:00,2201.6666666666665,0.2,0.0
2025-12-09 16:00:00,2210.0,0.5,0.0
2025-12-09 17:00:00,2205.8333333333335,0.1,0.0
2025-12-09 18:00:00,2197.5,-1.2,0.0
2025-12-09 19:00:00,2164.1666666666665,-1.4,0.0
2025-12-09 20:00:00,2150.0,-1.2,0.0
2025-12-09 21:00:00,2123.3333333333335,-1.2,0.0
2025-12-09 22:00:00,2099.1666666666665,-1.3,0.0
2025-12-09 23:00:00,2070.0,-1.4,0.0
2025-12-10 00:00:00,2063.3333333333335,-1.5,0.0
2025-12-10 01:00:00,2070.8333333333335,-1.3,0.0
2025-12-10 02:00:00,2056.6666666666665,-0.6,0.0
2025-12-10 03:00:00,2056.6666666666665,-0.3,0.0
2025-12-10 04:00:00,2070.0,-0.2,0.0
2025-12-10 05:00:00,2078.3333333333335,-0.3,0.0
2025-12-10 06:00:00,2103.3333333333335,-0.4,0.0
2025-12-10 07:00:00,2111.6666666666665,-0.2,0.0
2025-12-10 08:00:00,2099.1666666666665,-0.1,0.0
2025-12-10 09:00:00,2090.8333333333335,0.5,0.0
2025-12-10 10:00:00,2070.0,1.6,0.0
2025-12-10 11:00:00,2095.0,3.2,0.0
2025-12-10 12:00:00,2090.8333333333335,4.4,0.0
2025-12-10 13:00:00,2107.5,4.7,0.0
2025-12-10 14:00:00,2091.6666666666665,5.5,0.0
2025-12-10 15:00:00,2086.6666666666665,5.9,0.0
2025-12-10 16:00:00,2086.6666666666665,6.1,0.0
2025-12-10 17:00:00,2095.0,6.0,0.0
2025-12-10 18:00:00,2101.818181818182,5.8,0.0
2025-12-10 19:00:00,2094.1666666666665,5.7,0.0
2025-12-10 20:00:00,2070.0,6.4,0.0
2025-12-10 21:00:00,2070.0,7.0,0.0
2025-12-10 22:00:00,2053.3333333333335,6.3,0.0
2025-12-10 23:00:00,2030.0,6.0,0.0
2025-12-11 00:00:00,2017.5,4.4,0.0
2025-12-11 01:00:00,1980.0,3.4,0.0
2025-12-11 02:00:00,1980.0,5.3,0.0
2025-12-11 03:00:00,1976.6666666666667,4.5,0.0
2025-12-11 04:00:00,1966.6666666666667,2.9,0.0
2025-12-11 05:00:00,1956.6666666666667,1.9,0.0
2025-12-11 06:00:00,1965.4545454545455,1.0,0.0
2025-12-11 07:00:00,1930.0,0.4,0.0
2025-12-11 08:00:00,1906.6666666666667,0.9,0.0
2025-12-11 09:00:00,1908.0,1.1,0.0
2025-12-11 10:00:00,1842.0,1.5,0.0
2025-12-11 11:00:00,1903.3333333333333,1.3,0.0
2025-12-11 12:00:00,1927.5,1.5,0.0
2025-12-11 13:00:00,1970.8333333333333,1.6,0.0
2025-12-11 14:00:00,2007.2727272727273,2.7,0.0
2025-12-11 15:00:00,1996.6666666666667,2.5,0.0
2025-12-11 16:00:00,1891.111111111111,2.4,0.0
2025-12-11 17:00:00,1885.4545454545455,1.8,0.0
2025-12-11 18:00:00,1909.090909090909,0.5,0.0
2025-12-11 19:00:00,1922.7272727272727,-0.2,0.0
2025-12-11 20:00:00,1895.5555555555557,0.5,0.0
2025-12-11 21:00:00,1927.5,0.1,0.0
2025-12-11 22:00:00,1956.6666666666667,-0.7,0.0
2025-12-11 23:00:00,1981.6666666666667,-1.6,0.0
2025-12-12 00:00:00,1934.1666666666667,-1.2,0.0
2025-12-12 01:00:00,1955.8333333333333,-0.2,0.0
2025-12-12 02:00:00,1960.0,0.0,0.0
2025-12-12 03:00:00,1942.5,-0.1,0.0
2025-12-12 04:00:00,1945.4545454545455,-0.7,0.0
2025-12-12 05:00:00,1870.0,-1.4,0.0
2025-12-12 06:00:00,1886.6666666666667,-1.8,0.0
2025-12-12 07:00:00,1853.3333333333333,-1.9,0.0
2025-12-12 08:00:00,1850.0,-1.5,0.0
2025-12-12 09:00:00,1836.6666666666667,-1.2,0.0
2025-12-12 10:00:00,1843.3333333333333,-0.3,0.0
2025-12-12 11:00:00,1846.6666666666667,0.6,0.0
2025-12-12 12:00:00,1850.0,1.2,0.0
2025-12-12 13:00:00,1870.0,1.7,0.0
2025-12-12 14:00:00,1863.3333333333333,2.3,0.0
2025-12-12 15:00:00,1863.3333333333333,2.6,0.0
2025-12-12 16:00:00,1870.8333333333333,2.6,0.0
2025-12-12 17:00:00,1870.8333333333333,2.1,0.0
2025-12-12 18:00:00,1870.8333333333333,0.1,0.0
2025-12-12 19:00:00,1876.6666666666667,-0.7,0.0
2025-12-12 20:00:00,1860.0,-1.5,0.0
2025-12-12 21:00:00,1856.6666666666667,-1.8,0.0
2025-12-12 22:00:00,1850.0,-2.0,0.0
2025-12-12 23:00:00,1850.0,-2.2,0.0
2025-12-13 00:00:00,1850.0,-2.3,0.0
2025-12-13 01:00:00,1850.0,-2.4,0.0
2025-12-13 02:00:00,1853.3333333333333,-3.2,0.0
2025-12-13 03:00:00,1880.0,-3.4,0.0
2025-12-13 04:00:00,1883.3333333333333,-3.3,0.0
2025-12-13 05:00:00,1870.0,-3.5,0.0
2025-12-13 06:00:00,1856.6666666666667,-3.4,0.0
2025-12-13 07:00:00,1850.0,-2.7,0.0
2025-12-13 08:00:00,1846.6666666666667,-1.9,0.0
2025-12-13 09:00:00,1813.3333333333333,-2.2,0.0
2025-12-13 10:00:00,1810.0,-0.3,0.0
2025-12-13 11:00:00,1810.0,2.2,0.0
2025-12-13 12:00:00,1810.0,3.9,0.0
2025-12-13 13:00:00,1810.0,5.1,0.0
2025-12-13 14:00:00,1813.3333333333333,5.8,0.0
2025-12-13 15:00:00,1823.3333333333333,6.1,0.0
2025-12-13 16:00:00,1820.0,6.1,0.0
2025-12-13 17:00:00,1850.0,4.9,0.0
2025-12-13 18:00:00,1850.0,3.6,0.0
2025-12-13 19:00:00,1826.6666666666667,2.8,0.0
2025-12-13 20:00:00,1836.6666666666667,2.3,0.0
2025-12-13 21:00:00,1833.3333333333333,2.6,0.0
2025-12-13 22:00:00,1836.6666666666667,2.7,0.0
2025-12-13 23:00:00,1816.6666666666667,2.4,0.0
2025-12-14 00:00:00,1810.0,2.0,0.0
2025-12-14 01:00:00,1810.0,1.7,0.0
2025-12-14 02:00:00,1783.3333333333333,1.7,0.1
2025-12-14 03:00:00,1770.0,1.5,0.2
2025-12-14 04:00:00,1770.0,1.0,0.6
2025-12-14 05:00:00,1740.0,0.9,1.2
2025-12-14 06:00:00,1730.0,1.0,1.2
2025-12-14 07:00:00,1705.0,-0.6,1.3
2025-12-14 08:00:00,1680.0,-0.3,1.3
2025-12-14 09:00:00,1692.5,-1.0,0.3
2025-12-14 10:00:00,1721.6666666666667,-1.9,0.0
2025-12-14 11:00:00,1680.8333333333333,-3.1,0.0
2025-12-14 12:00:00,1693.3333333333333,-3.1,0.0
2025-12-14 13:00:00,1709.1666666666667,-3.5,0.0
2025-12-14 14:00:00,1714.5454545454545,-3.1,0.0
2025-12-14 15:00:00,1719.0,-4.5,0.0
2025-12-14 16:00:00,1709.1666666666667,-4.9,0.0
2025-12-14 17:00:00,1555.5555555555557,-6.2,0.1
2025-12-14 18:00:00,1698.3333333333333,-7.1,0.0
2025-12-14 19:00:00,1705.0,-7.9,0.0
2025-12-14 20:00:00,1735.4545454545455,-7.8,0.0
2025-12-14 21:00:00,1647.5,-8.2,0.0
2025-12-14 22:00:00,1528.3333333333333,-8.3,0.0
2025-12-14 23:00:00,1656.3636363636363,-8.5,0.0
2025-12-15 00:00:00,1655.4545454545455,-8.6,0.0
2025-12-15 01:00:00,1705.8333333333333,-9.0,0.0
2025-12-15 02:00:00,1716.6666666666667,-8.7,0.0
2025-12-15 03:00:00,1727.5,-8.9,0.0
2025-12-15 04:00:00,1727.5,-8.8,0.0
2025-12-15 05:00:00,1736.6666666666667,-8.8,0.0
2025-12-15 06:00:00,1616.6666666666667,-9.0,0.0
2025-12-15 07:00:00,1506.6666666666667,-9.3,0.0
2025-12-15 08:00:00,1424.0,-9.1,0.0
2025-12-15 10:00:00,1360.0,-7.9,0.0
2025-12-15 12:00:00,1330.0,-6.2,0.0
2025-12-15 14:00:00,1330.0,-3.8,0.0
2025-12-15 16:00:00,1340.0,-3.7,0.0
2025-12-15 18:00:00,1410.0,-4.0,0.0
2025-12-15 20:00:00,1600.0,-5.2,0.0
2025-12-15 22:00:00,1780.0,-5.9,0.0
2025-12-16 00:00:00,1870.0,-4.2,0.0
2025-12-16 02:00:00,1820.0,-5.0,0.0
2025-12-16 04:00:00,1610.0,-7.0,0.0
2025-12-16 05:00:00,1560.0,-7.0,0.0
2025-12-16 06:00:00,1560.0,-7.2,0.0
2025-12-16 07:00:00,1543.3333333333333,-7.4,0.0
2025-12-16 08:00:00,1506.6666666666667,-7.8,0.0
2025-12-16 09:00:00,1467.5,-8.8,0.0
2025-12-16 10:00:00,1423.3333333333333,-5.8,0.0
2025-12-16 11:00:00,1370.0,-2.5,0.0
2025-12-16 12:00:00,1333.3333333333333,-0.1,0.0
2025-12-16 13:00:00,1296.6666666666667,0.9,0.0
2025-12-16 14:00:00,1260.0,2.5,0.0
2025-12-16 15:00:00,1256.6666666666667,2.0,0.0
2025-12-16 16:00:00,1226.6666666666667,1.5,0.0
2025-12-16 17:00:00,1220.0,0.7,0.0
2025-12-16 18:00:00,1233.3333333333333,-1.4,0.0
2025-12-16 19:00:00,1260.0,-1.4,0.0
2025-12-16 20:00:00,1297.5,-1.0,0.0
2025-12-16 21:00:00,1366.6666666666667,-1.1,0.0
2025-12-16 22:00:00,1468.3333333333333,-1.4,0.0
2025-12-16 23:00:00,1570.0,-1.5,0.0
2025-12-17 00:00:00,1636.6666666666667,-1.5,0.0
2025-12-17 01:00:00,1643.3333333333333,-1.5,0.0
2025-12-17 02:00:00,1613.3333333333333,-2.3,0.0
2025-12-17 03:00:00,1543.3333333333333,-2.8,0.0
2025-12-17 04:00:00,1468.3333333333333,-3.2,0.0
2025-12-17 05:00:00,1390.0,-3.2,0.0
2025-12-17 06:00:00,1337.5,-2.7,0.0
2025-12-17 07:00:00,1302.5,-2.1,0.0
2025-12-17 08:00:00,1300.0,-1.4,0.0
2025-12-17 09:00:00,1322.5,0.5,0.0
2025-12-17 10:00:00,1356.6666666666667,3.0,0.0
2025-12-17 11:00:00,1416.6666666666667,5.8,0.0
2025-12-17 12:00:00,1460.0,9.0,0.0
2025-12-17 13:00:00,1503.3333333333333,10.9,0.0
2025-12-17 14:00:00,1536.6666666666667,10.2,0.0
2025-12-17 15:00:00,1560.0,11.0,0.0
2025-12-17 16:00:00,1583.3333333333333,10.9,0.0
2025-12-17 17:00:00,1586.6666666666667,9.1,0.0
2025-12-17 18:00:00,1566.6666666666667,6.8,0.0
2025-12-17 19:00:00,1573.3333333333333,6.4,0.0
2025-12-17 20:00:00,1586.6666666666667,5.4,0.0
2025-12-17 21:00:00,1560.0,5.9,0.0
2025-12-17 22:00:00,1556.6666666666667,4.3,0.0
2025-12-17 23:00:00,1530.0,3.5,0.0
2025-12-18 00:00:00,1486.6666666666667,2.7,0.0
2025-12-18 01:00:00,1470.0,1.3,0.0
2025-12-18 02:00:00,1452.5,-0.2,0.0
2025-12-18 03:00:00,1450.0,0.7,0.0
2025-12-18 04:00:00,1467.5,1.4,0.0
2025-12-18 05:00:00,1480.0,0.8,0.0
2025-12-18 06:00:00,1486.6666666666667,0.6,0.0
2025-12-18 07:00:00,1510.0,0.6,0.0
2025-12-18 08:00:00,1493.3333333333333,-0.3,0.0
2025-12-18 09:00:00,1480.0,-0.6,0.0
2025-12-18 10:00:00,1475.0,1.7,0.0
2025-12-18 11:00:00,1455.0,4.0,0.0
2025-12-18 12:00:00,1440.0,6.3,0.0
2025-12-18 13:00:00,1400.0,7.9,0.0
2025-12-18 14:00:00,1363.3333333333333,10.6,0.0
2025-12-18 15:00:00,1322.5,11.4,0.0
2025-12-18 16:00:00,1300.0,10.9,0.0
2025-12-18 17:00:00,1266.6666666666667,9.1,0.0
2025-12-18 18:00:00,1260.0,7.7,0.0
2025-12-18 19:00:00,1260.0,7.2,0.0
2025-12-18 20:00:00,1293.3333333333333,8.0,0.7
2025-12-18 21:00:00,1346.6666666666667,6.2,2.3
2025-12-18 22:00:00,1416.6666666666667,6.2,1.5
2025-12-18 23:00:00,1462.5,7.0,0.5
2025-12-19 00:00:00,1480.0,7.7,0.6
2025-12-19 01:00:00,1465.0,10.3,0.3
2025-12-19 02:00:00,1446.6666666666667,12.3,0.5
2025-12-19 03:00:00,1416.6666666666667,12.9,0.9
2025-12-19 04:00:00,1410.0,13.5,1.7
2025-12-19 05:00:00,1410.0,13.7,1.7
2025-12-19 06:00:00,1400.0,13.5,0.7
2025-12-19 07:00:00,1416.6666666666667,13.9,0.6
2025-12-19 08:00:00,1467.5,14.3,1.8
2025-12-19 09:00:00,1513.3333333333333,13.9,2.0
2025-12-19 10:00:00,1556.6666666666667,12.8,1.0
2025-12-19 11:00:00,1630.0,12.3,0.1
2025-12-19 12:00:00,1723.3333333333333,12.9,0.3
2025-12-19 13:00:00,1780.0,13.3,0.0
2025-12-19 14:00:00,1836.6666666666667,12.9,0.0
2025-12-19 15:00:00,1870.8333333333333,11.4,0.1
2025-12-19 16:00:00,1922.5,9.3,0.0
2025-12-19 17:00:00,1960.0,8.0,0.0
2025-12-19 18:00:00,1959.090909090909,5.1,0.0
2025-12-19 19:00:00,1972.5,2.8,0.0
2025-12-19 20:00:00,1976.6666666666667,3.5,0.0
2025-12-19 21:00:00,1997.5,2.9,0.0
2025-12-19 22:00:00,2028.3333333333333,2.2,0.0
2025-12-19 23:00:00,2091.6666666666665,1.5,0.0
2025-12-20 00:00:00,2175.8333333333335,0.4,0.0
2025-12-20 01:00:00,2260.8333333333335,-1.3,0.0
2025-12-20 02:00:00,2330.0,0.1,0.0
2025-12-20 03:00:00,2257.5,-0.7,0.0
2025-12-20 04:00:00,2370.8333333333335,-1.4,0.0
2025-12-20 05:00:00,2379.1666666666665,-2.1,0.0
2025-12-20 06:00:00,2358.3333333333335,-2.6,0.0
2025-12-20 07:00:00,2325.0,-2.8,0.0
2025-12-20 08:00:00,2296.6666666666665,-2.9,0.0
2025-12-20 09:00:00,2266.6666666666665,-2.5,0.0
2025-12-20 10:00:00,2247.5,-1.2,0.0
2025-12-20 11:00:00,2193.3333333333335,0.4,0.0
2025-12-20 12:00:00,2153.3333333333335,1.7,0.0
2025-12-20 13:00:00,2123.3333333333335,3.1,0.0
2025-12-20 14:00:00,2120.0,4.8,0.0
2025-12-20 15:00:00,2099.1666666666665,5.9,0.0
2025-12-20 16:00:00,2115.8333333333335,6.2,0.0
2025-12-20 17:00:00,2120.0,5.3,0.0
2025-12-20 18:00:00,2153.3333333333335,3.9,0.0
2025-12-20 19:00:00,2164.1666666666665,3.9,0.0
2025-12-20 20:00:00,2205.8333333333335,3.8,0.0
2025-12-20 21:00:00,2214.1666666666665,4.0,0.0
2025-12-20 22:00:00,2251.6666666666665,4.3,0.0
2025-12-20 23:00:00,2260.0,4.3,0.0
2025-12-21 00:00:00,2260.0,4.4,0.0
2025-12-21 01:00:00,2273.3333333333335,4.6,0.0
2025-12-21 02:00:00,2276.6666666666665,4.7,0.0
2025-12-21 03:00:00,2283.3333333333335,4.6,0.0
2025-12-21 04:00:00,2263.3333333333335,4.4,0.0
2025-12-21 05:00:00,2259.1666666666665,3.8,0.0
2025-12-21 06:00:00,2255.8333333333335,3.3,0.0
2025-12-21 07:00:00,2260.0,3.7,0.0
2025-12-21 08:00:00,2243.3333333333335,3.2,0.0
2025-12-21 09:00:00,2239.1666666666665,3.8,0.0
2025-12-21 10:00:00,2243.3333333333335,6.1,0.0
2025-12-21 11:00:00,2247.5,7.9,0.0
2025-12-21 12:00:00,2247.5,8.4,0.0
2025-12-21 13:00:00,2259.1666666666665,7.4,0.0
2025-12-21 14:00:00,2290.8333333333335,8.6,0.0
2025-12-21 15:00:00,2237.5,8.7,0.0
2025-12-21 16:00:00,2253.6363636363635,9.4,0.0
2025-12-21 17:00:00,2261.818181818182,7.9,0.0
2025-12-21 18:00:00,2294.1666666666665,6.1,0.0
2025-12-21 19:00:00,2345.8333333333335,4.5,0.0
2025-12-21 20:00:00,2362.5,4.0,0.0
2025-12-21 21:00:00,2404.1666666666665,3.1,0.0
2025-12-21 22:00:00,2462.5,2.4,0.0
2025-12-21 23:00:00,2475.0,1.6,0.0
2025-12-22 00:00:00,2495.8333333333335,0.8,0.0
2025-12-22 01:00:00,2454.1666666666665,-0.2,0.0
2025-12-22 02:00:00,2450.0,-1.3,0.0
2025-12-22 03:00:00,2429.1666666666665,-1.6,0.0
2025-12-22 04:00:00,2400.0,-1.8,0.0
2025-12-22 05:00:00,2400.0,-2.1,0.0
2025-12-22 06:00:00,2400.0,-2.5,0.0
2025-12-22 07:00:00,2400.0,-2.8,0.0
2025-12-22 08:00:00,2400.0,-3.0,0.0
2025-12-22 09:00:00,2400.0,-3.0,0.0
2025-12-22 10:00:00,2400.0,-1.1,0.0
2025-12-22 11:00:00,2433.3333333333335,1.5,0.0
2025-12-22 12:00:00,2450.0,3.7,0.0
2025-12-22 13:00:00,2454.1666666666665,5.1,0.0
2025-12-22 14:00:00,2495.8333333333335,6.5,0.0
2025-12-22 15:00:00,2533.3333333333335,6.7,0.0
2025-12-22 16:00:00,2583.3333333333335,6.6,0.0
2025-12-22 17:00:00,2600.0,5.2,0.0
2025-12-22 18:00:00,2620.8333333333335,2.6,0.0
2025-12-22 19:00:00,2645.8333333333335,1.7,0.0
2025-12-22 20:00:00,2650.0,2.3,0.0
2025-12-22 21:00:00,2616.6666666666665,2.0,0.0
2025-12-22 22:00:00,2600.0,2.7,0.0
2025-12-22 23:00:00,2600.0,2.9,0.0
2025-12-23 00:00:00,2600.0,2.8,0.0
2025-12-23 01:00:00,2575.0,2.8,0.0
2025-12-23 02:00:00,2583.3333333333335,2.6,0.0
2025-12-23 03:00:00,2554.1666666666665,3.1,0.6
2025-12-23 04:00:00,2550.0,3.3,0.2
2025-12-23 05:00:00,2550.0,3.4,0.0
2025-12-23 06:00:00,2545.8333333333335,3.2,0.3
2025-12-23 07:00:00,2512.5,3.1,0.3
2025-12-23 08:00:00,2508.3333333333335,2.8,0.4
2025-12-23 09:00:00,2500.0,2.7,0.7
2025-12-23 10:00:00,2504.1666666666665,3.1,0.0
2025-12-23 11:00:00,2500.0,3.8,0.0
2025-12-23 12:00:00,2500.0,5.3,0.0
2025-12-23 13:00:00,2500.0,6.4,0.0
2025-12-23 14:00:00,2500.0,6.4,0.0
2025-12-23 15:00:00,2500.0,7.3,0.0
2025-12-23 16:00:00,2491.6666666666665,7.5,0.0
2025-12-23 17:00:00,2500.0,7.3,0.0
2025-12-23 18:00:00,2508.3333333333335,6.0,0.0
2025-12-23 19:00:00,2495.8333333333335,6.3,0.0
2025-12-23 20:00:00,2508.3333333333335,5.3,0.0
2025-12-23 21:00:00,2504.1666666666665,5.6,0.0
2025-12-23 22:00:00,2516.6666666666665,6.1,0.0
2025-12-23 23:00:00,2500.0,6.6,0.0
2025-12-24 00:00:00,2529.1666666666665,6.5,0.0
2025-12-24 01:00:00,2550.0,6.9,0.0
2025-12-24 02:00:00,2545.8333333333335,6.0,0.0
2025-12-24 03:00:00,2545.8333333333335,7.3,0.0
2025-12-24 04:00:00,2512.5,8.7,0.0
2025-12-24 05:00:00,2500.0,8.2,0.0
2025-12-24 06:00:00,2470.8333333333335,8.6,0.0
2025-12-24 07:00:00,2470.8333333333335,7.9,0.0
2025-12-24 08:00:00,2450.0,8.4,0.0
2025-12-24 09:00:00,2454.1666666666665,8.9,0.0
2025-12-24 10:00:00,2450.0,9.0,0.0
2025-12-24 11:00:00,2450.0,9.2,0.0
2025-12-24 12:00:00,2504.1666666666665,9.4,0.0
2025-12-24 13:00:00,2433.3333333333335,9.5,0.0
2025-12-24 14:00:00,2420.8333333333335,12.3,0.0
2025-12-24 15:00:00,2387.5,12.3,0.0
2025-12-24 16:00:00,2429.1666666666665,11.8,0.0
2025-12-24 17:00:00,2466.6666666666665,10.5,0.0
2025-12-24 18:00:00,2545.8333333333335,8.1,0.0
2025-12-24 19:00:00,2608.3333333333335,6.8,0.0
2025-12-24 20:00:00,2666.6666666666665,5.4,0.0
2025-12-24 21:00:00,2700.0,5.4,0.0
2025-12-24 22:00:00,2745.8333333333335,5.4,0.0
2025-12-24 23:00:00,2762.5,4.9,0.0
2025-12-25 00:00:00,2791.6666666666665,3.7,0.0
2025-12-25 01:00:00,2804.1666666666665,3.7,0.0
2025-12-25 02:00:00,2841.6666666666665,3.1,0.0
2025-12-25 03:00:00,2850.0,3.4,0.0
2025-12-25 04:00:00,2895.8333333333335,3.3,0.0
2025-12-25 05:00:00,2930.0,2.9,0.0
2025-12-25 06:00:00,2960.0,2.6,0.0
2025-12-25 07:00:00,3005.8333333333335,2.3,0.0
2025-12-25 08:00:00,3010.0,3.3,0.0
2025-12-25 09:00:00,3018.3333333333335,3.2,0.0
2025-12-25 10:00:00,3055.8333333333335,4.6,0.0
2025-12-25 11:00:00,3085.0,6.7,0.0
2025-12-25 12:00:00,3110.0,8.3,0.1
2025-12-25 13:00:00,3120.0,8.1,0.0
2025-12-25 14:00:00,3128.3333333333335,11.2,0.0
2025-12-25 15:00:00,3153.3333333333335,12.9,0.0
2025-12-25 16:00:00,3170.0,13.2,0.0
2025-12-25 17:00:00,3185.0,12.7,0.0
2025-12-25 18:00:00,3228.3333333333335,11.3,0.0
2025-12-25 19:00:00,3215.0,10.0,0.0
2025-12-25 20:00:00,3255.0,9.1,0.0
2025-12-25 21:00:00,3280.8333333333335,7.9,0.0
2025-12-25 22:00:00,3267.5,6.5,0.0
2025-12-25 23:00:00,3259.1666666666665,5.3,0.0
2025-12-26 00:00:00,3238.3333333333335,4.1,0.0
2025-12-26 01:00:00,3242.5,2.9,0.0
2025-12-26 02:00:00,3259.1666666666665,2.6,0.0
2025-12-26 03:00:00,3234.1666666666665,1.6,0.0
2025-12-26 04:00:00,3230.0,0.7,0.0
2025-12-26 05:00:00,3205.0,0.0,0.0
2025-12-26 06:00:00,3153.3333333333335,-0.7,0.0
2025-12-26 07:00:00,3119.1666666666665,-1.4,0.0
2025-12-26 08:00:00,3085.0,-1.1,0.0
2025-12-26 09:00:00,3060.0,-0.7,0.0
2025-12-26 10:00:00,3060.0,-0.4,0.0
2025-12-26 11:00:00,3060.0,0.3,0.0
2025-12-26 12:00:00,3065.0,0.9,0.0
2025-12-26 13:00:00,3085.0,0.9,0.1
2025-12-26 14:00:00,3115.0,0.7,0.0
2025-12-26 15:00:00,3120.0,0.7,0.0
2025-12-26 16:00:00,3132.5,0.9,0.1
2025-12-26 17:00:00,3170.0,1.4,0.0
2025-12-26 18:00:00,3170.0,1.1,0.9
2025-12-26 19:00:00,3157.5,1.4,0.0
2025-12-26 20:00:00,3161.6666666666665,1.1,0.1
2025-12-26 21:00:00,3153.3333333333335,1.2,4.0
2025-12-26 22:00:00,3124.1666666666665,1.2,0.0
2025-12-26 23:00:00,3080.0,1.5,0.0
2025-12-27 00:00:00,3051.6666666666665,2.0,0.0
2025-12-27 01:00:00,3026.6666666666665,3.0,0.0
2025-12-27 02:00:00,3010.0,1.2,0.0
2025-12-27 03:00:00,2980.8333333333335,2.3,0.0
2025-12-27 04:00:00,2950.0,2.5,0.0
2025-12-27 05:00:00,2915.0,1.8,0.0
2025-12-27 06:00:00,2875.0,2.7,0.0
2025-12-27 07:00:00,2850.0,3.2,0.0
2025-12-27 08:00:00,2841.6666666666665,3.1,0.0
2025-12-27 09:00:00,2804.1666666666665,3.3,0.0
2025-12-27 10:00:00,2800.0,4.1,0.0
2025-12-27 11:00:00,2800.0,4.3,0.0
2025-12-27 12:00:00,2800.0,4.6,0.0
2025-12-27 13:00:00,2800.0,4.9,0.0
2025-12-27 14:00:00,2800.0,4.9,0.0
2025-12-27 15:00:00,2800.0,5.5,0.0
2025-12-27 16:00:00,2795.8333333333335,5.6,0.0
2025-12-27 17:00:00,2800.0,5.2,0.0
2025-12-27 18:00:00,2800.0,3.9,0.0
2025-12-27 19:00:00,2791.6666666666665,3.1,0.0
2025-12-27 20:00:00,2758.3333333333335,3.0,0.0
2025-12-27 21:00:00,2750.0,2.9,0.0
2025-12-27 22:00:00,2750.0,2.5,0.0
2025-12-27 23:00:00,2712.5,1.6,0.0
2025-12-28 00:00:00,2691.6666666666665,0.9,0.0
2025-12-28 01:00:00,2654.1666666666665,0.4,0.0
2025-12-28 02:00:00,2650.0,0.8,0.0
2025-12-28 03:00:00,2650.0,1.0,0.0
2025-12-28 04:00:00,2637.5,0.8,0.0
2025-12-28 05:00:00,2604.1666666666665,0.8,0.0
2025-12-28 06:00:00,2600.0,0.8,0.0
2025-12-28 07:00:00,2600.0,0.8,0.0
2025-12-28 08:00:00,2583.3333333333335,0.6,0.0
2025-12-28 09:00:00,2554.1666666666665,0.7,0.0
2025-12-28 10:00:00,2541.6666666666665,1.4,0.0
2025-12-28 11:00:00,2500.0,2.1,0.0
2025-12-28 12:00:00,2504.1666666666665,2.7,0.0
2025-12-28 13:00:00,2500.0,3.8,0.0
2025-12-28 14:00:00,2529.1666666666665,4.2,0.0
2025-12-28 15:00:00,2550.0,5.7,0.0
2025-12-28 16:00:00,2570.8333333333335,6.2,0.0
2025-12-28 17:00:00,2583.3333333333335,5.6,0.0
2025-12-28 18:00:00,2579.1666666666665,5.3,0.0
2025-12-28 19:00:00,2554.1666666666665,5.5,0.0
2025-12-28 20:00:00,2520.8333333333335,5.1,0.0
2025-12-28 21:00:00,2495.8333333333335,5.4,0.0
2025-12-28 22:00:00,2458.3333333333335,6.0,0.0
2025-12-28 23:00:00,2441.6666666666665,6.7,0.0
2025-12-29 00:00:00,2416.6666666666665,7.4,0.0
2025-12-29 01:00:00,2404.1666666666665,8.2,0.0
2025-12-29 02:00:00,2412.5,8.0,0.0
2025-12-29 03:00:00,2429.1666666666665,8.8,0.0
2025-12-29 04:00:00,2433.3333333333335,9.5,0.0
2025-12-29 05:00:00,2437.5,10.1,0.0
2025-12-29 06:00:00,2425.0,10.6,0.0
2025-12-29 07:00:00,2412.5,11.4,0.0
2025-12-29 08:00:00,2400.0,11.8,0.0
2025-12-29 09:00:00,2383.3333333333335,12.1,0.0
2025-12-29 10:00:00,2354.1666666666665,12.8,0.0
2025-12-29 11:00:00,2354.1666666666665,13.1,0.0
2025-12-29 12:00:00,2358.3333333333335,13.5,0.1
2025-12-29 13:00:00,2358.3333333333335,14.4,0.3
2025-12-29 14:00:00,2362.5,12.4,0.1
2025-12-29 15:00:00,2395.8333333333335,10.0,0.0
2025-12-29 16:00:00,2437.5,9.2,0.0
2025-12-29 17:00:00,2466.6666666666665,7.8,0.0
2025-12-29 18:00:00,2338.75,4.5,0.0
2025-12-29 19:00:00,2241.4285714285716,1.5,0.0
2025-12-29 20:00:00,2280.0,2.0,0.0
2025-12-29 21:00:00,2314.4444444444443,0.7,0.0
2025-12-29 22:00:00,2242.5,0.1,0.0
2025-12-29 23:00:00,2226.6666666666665,-0.6,0.0
2025-12-30 00:00:00,2276.6666666666665,-1.4,0.0
2025-12-30 01:00:00,2372.7272727272725,-1.9,0.0
2025-12-30 02:00:00,2470.8333333333335,-0.7,0.0
2025-12-30 03:00:00,2562.5,-1.3,0.0
2025-12-30 04:00:00,2631.25,-1.9,0.0
2025-12-30 05:00:00,2577.777777777778,-2.3,0.0
2025-12-30 06:00:00,2455.5555555555557,-2.6,0.0
2025-12-30 07:00:00,2495.8333333333335,-2.3,0.0
2025-12-30 08:00:00,2438.8888888888887,-1.4,0.0
2025-12-30 09:00:00,2342.0,-1.6,0.0
2025-12-30 10:00:00,2297.777777777778,-1.1,0.0
2025-12-30 11:00:00,2209.0,-0.6,0.0
2025-12-30 12:00:00,2190.0,-0.4,0.0
2025-12-30 13:00:00,2230.0,-0.3,0.0
2025-12-30 14:00:00,2223.6363636363635,0.2,0.0
2025-12-30 15:00:00,2185.8333333333335,0.4,0.0
2025-12-30 16:00:00,2164.1666666666665,0.2,0.0
2025-12-30 17:00:00,2191.0,-0.4,0.0
2025-12-30 18:00:00,2170.909090909091,-1.3,0.0
2025-12-30 19:00:00,2210.0,-2.2,0.0
2025-12-30 20:00:00,2249.090909090909,-2.6,0.0
2025-12-30 21:00:00,2258.0,-2.8,0.0
2025-12-30 22:00:00,2297.5,-3.0,0.0
2025-12-30 23:00:00,2300.0,-3.2,0.0
2025-12-31 00:00:00,2345.8333333333335,-3.4,0.0
2025-12-31 01:00:00,2370.8333333333335,-3.5,0.0
2025-12-31 02:00:00,2395.8333333333335,-3.5,0.0
2025-12-31 03:00:00,2408.3333333333335,-3.2,0.0
2025-12-31 04:00:00,2375.0,-3.0,0.0
2025-12-31 05:00:00,2293.3333333333335,-3.1,0.2
2025-12-31 06:00:00,2260.0,-3.1,0.1
2025-12-31 07:00:00,2214.1666666666665,-2.9,0.0
2025-12-31 08:00:00,2160.0,-3.0,0.0
2025-12-31 09:00:00,2146.6666666666665,-2.9,0.0
2025-12-31 10:00:00,2120.0,-2.0,0.0
2025-12-31 11:00:00,2095.0,-0.7,0.0
2025-12-31 12:00:00,2070.0,0.5,0.0
2025-12-31 13:00:00,2078.3333333333335,1.7,0.0
2025-12-31 14:00:00,2115.8333333333335,1.4,0.0
2025-12-31 15:00:00,2120.0,1.7,0.0
2025-12-31 16:00:00,2153.3333333333335,2.6,0.0
2025-12-31 17:00:00,2185.0,2.6,0.0
2025-12-31 18:00:00,2205.8333333333335,1.3,0.0
2025-12-31 19:00:00,2222.5,0.6,0.0
2025-12-31 20:00:00,2239.1666666666665,0.1,0.0
2025-12-31 21:00:00,2260.0,0.4,0.0
2025-12-31 22:00:00,2260.0,0.8,0.0
2025-12-31 23:00:00,2260.0,1.2,0.0
2026-01-01 00:00:00,2260.0,1.6,0.0
2026-01-01 01:00:00,2273.3333333333335,1.9,0.0
2026-01-01 02:00:00,2283.3333333333335,1.1,0.0
2026-01-01 03:00:00,2276.6666666666665,1.5,0.0
2026-01-01 04:00:00,2260.0,1.2,0.0
2026-01-01 05:00:00,2260.0,1.4,0.0
2026-01-01 06:00:00,2226.6666666666665,1.9,0.0
2026-01-01 07:00:00,2214.1666666666665,0.1,0.2
2026-01-01 08:00:00,2210.0,-1.1,0.0
2026-01-01 09:00:00,2210.0,-1.7,0.0
2026-01-01 10:00:00,2190.0,-3.1,0.0
2026-01-01 11:00:00,2155.0,-3.1,0.0
2026-01-01 12:00:00,2118.181818181818,-2.7,0.0
2026-01-01 13:00:00,2084.0,-2.5,0.0
2026-01-01 14:00:00,2097.2727272727275,-1.5,0.0
2026-01-01 15:00:00,2182.0,-1.1,0.0
2026-01-01 16:00:00,2236.3636363636365,-1.3,0.0
2026-01-01 17:00:00,2252.7272727272725,-1.8,0.0
2026-01-01 18:00:00,2299.1666666666665,-2.7,0.0
2026-01-01 19:00:00,2317.5,-3.5,0.0
2026-01-01 20:00:00,2350.0,-3.8,0.0
2026-01-01 21:00:00,2383.3333333333335,-3.7,0.0
2026-01-01 22:00:00,2408.3333333333335,-3.0,0.0
2026-01-01 23:00:00,2387.5,-2.7,0.0
2026-01-02 00:00:00,2387.5,-2.7,0.0
2026-01-02 01:00:00,2383.3333333333335,-2.6,0.0
2026-01-02 02:00:00,2354.1666666666665,-2.8,0.0
2026-01-02 03:00:00,2350.0,-2.8,0.0
2026-01-02 04:00:00,2333.3333333333335,-2.7,0.0
2026-01-02 05:00:00,2304.1666666666665,-2.7,0.0
2026-01-02 06:00:00,2293.3333333333335,-2.6,0.0
2026-01-02 07:00:00,2263.3333333333335,-2.5,0.0
2026-01-02 08:00:00,2251.6666666666665,-1.9,0.0
2026-01-02 09:00:00,2214.1666666666665,-1.8,0.0
2026-01-02 10:00:00,2205.8333333333335,-1.4,0.0
2026-01-02 11:00:00,2201.6666666666665,-0.9,0.0
2026-01-02 12:00:00,2185.0,0.1,0.0
2026-01-02 13:00:00,2172.5,1.0,0.0
2026-01-02 14:00:00,2180.8333333333335,0.7,0.0
2026-01-02 15:00:00,2210.0,1.6,0.0
2026-01-02 16:00:00,2210.0,1.8,0.0
2026-01-02 17:00:00,2235.0,1.5,0.0
2026-01-02 18:00:00,2260.0,0.7,0.0
2026-01-02 19:00:00,2260.0,-0.1,0.0
2026-01-02 20:00:00,2293.3333333333335,-0.6,0.0
2026-01-02 21:00:00,2290.0,-0.9,0.0
2026-01-02 22:00:00,2300.0,-1.4,0.0
2026-01-02 23:00:00,2296.6666666666665,-1.6,0.0
2026-01-03 00:00:00,2300.0,-1.8,0.0
2026-01-03 01:00:00,2300.0,-2.0,0.0
2026-01-03 02:00:00,2300.0,-2.3,0.0
2026-01-03 03:00:00,2293.3333333333335,-2.3,0.0
2026-01-03 04:00:00,2263.3333333333335,-2.4,0.0
2026-01-03 05:00:00,2260.0,-2.8,0.0
2026-01-03 06:00:00,2255.8333333333335,-3.1,0.0
2026-01-03 07:00:00,2260.0,-3.2,0.0
2026-01-03 08:00:00,2214.1666666666665,-3.0,0.0
2026-01-03 09:00:00,2176.6666666666665,-2.9,0.0
2026-01-03 10:00:00,2110.0,-2.2,0.0
2026-01-03 11:00:00,2056.6666666666665,-1.2,0.0
2026-01-03 12:00:00,2005.0,-0.3,0.0
2026-01-03 13:00:00,1980.0,0.4,0.0
2026-01-03 14:00:00,1960.0,0.9,0.0
2026-01-03 15:00:00,1940.0,1.7,0.0
2026-01-03 16:00:00,1940.0,1.4,0.0
2026-01-03 17:00:00,1940.0,1.3,0.0
2026-01-03 18:00:00,1956.6666666666667,0.1,0.0
2026-01-03 19:00:00,2023.3333333333333,-0.2,0.0
2026-01-03 20:00:00,2132.5,-0.1,0.0
2026-01-03 21:00:00,2235.0,-0.2,0.0
2026-01-03 22:00:00,2296.6666666666665,-0.5,0.0
2026-01-03 23:00:00,2260.0,-0.8,0.0
2026-01-04 00:00:00,2205.8333333333335,-1.3,0.0
2026-01-04 01:00:00,2125.0,-1.9,0.0
2026-01-04 02:00:00,2060.0,-0.5,0.0
2026-01-04 03:00:00,2017.5,-0.9,0.0
2026-01-04 04:00:00,1980.0,-0.7,0.0
2026-01-04 05:00:00,1980.0,-0.7,0.0
2026-01-04 06:00:00,1980.0,-0.6,0.0
2026-01-04 07:00:00,1980.0,-0.7,0.0
2026-01-04 08:00:00,1976.6666666666667,-0.9,0.0
2026-01-04 09:00:00,1980.0,-0.7,0.0
2026-01-04 10:00:00,1980.0,0.4,0.0
2026-01-04 11:00:00,1980.0,1.5,0.0
2026-01-04 12:00:00,1980.0,3.0,0.0
2026-01-04 13:00:00,1980.0,3.7,0.0
2026-01-04 14:00:00,1980.0,4.3,0.0
2026-01-04 15:00:00,1980.0,4.4,0.0
2026-01-04 16:00:00,1970.0,4.1,0.0
2026-01-04 17:00:00,1950.0,3.2,0.0
2026-01-04 18:00:00,1940.8333333333333,1.2,0.0
2026-01-04 19:00:00,1899.1666666666667,0.4,0.0
2026-01-04 20:00:00,1870.8333333333333,-0.3,0.0
2026-01-04 21:00:00,1883.3333333333333,-1.0,0.0
2026-01-04 22:00:00,1890.0,-1.4,0.0
2026-01-04 23:00:00,1894.1666666666667,-1.8,0.0
2026-01-05 00:00:00,1931.6666666666667,-2.2,0.0
2026-01-05 01:00:00,1923.3333333333333,-2.1,0.0
2026-01-05 02:00:00,1919.1666666666667,-2.7,0.0
2026-01-05 03:00:00,1898.3333333333333,-2.8,0.0
2026-01-05 04:00:00,1894.1666666666667,-2.5,0.0
2026-01-05 05:00:00,1898.3333333333333,-3.0,0.0
2026-01-05 06:00:00,1890.0,-2.9,0.0
2026-01-05 07:00:00,1886.6666666666667,-2.8,0.0
2026-01-05 08:00:00,1856.6666666666667,-3.0,0.0
2026-01-05 09:00:00,1850.0,-2.7,0.0
2026-01-05 10:00:00,1850.0,-1.5,0.0
2026-01-05 11:00:00,1843.3333333333333,0.4,0.0
2026-01-05 12:00:00,1820.0,2.4,0.0
2026-01-05 13:00:00,1810.0,4.0,0.0
2026-01-05 14:00:00,1810.0,4.4,0.0
2026-01-05 15:00:00,1810.0,4.4,0.0
2026-01-05 16:00:00,1810.0,4.4,0.0
2026-01-05 17:00:00,1840.0,4.4,0.0
2026-01-05 18:00:00,1830.0,4.2,0.0
2026-01-05 19:00:00,1846.6666666666667,3.9,0.0
2026-01-05 20:00:00,1850.0,2.7,0.0
2026-01-05 21:00:00,1850.0,2.9,0.0
2026-01-05 22:00:00,1846.6666666666667,2.8,0.0
2026-01-05 23:00:00,1843.3333333333333,2.5,0.0
2026-01-06 00:00:00,1833.3333333333333,2.6,0.0
2026-01-06 01:00:00,1823.3333333333333,2.7,0.0
2026-01-06 02:00:00,1810.0,1.3,0.0
2026-01-06 03:00:00,1810.0,1.0,0.0
2026-01-06 04:00:00,1810.0,0.9,0.0
2026-01-06 05:00:00,1810.0,0.8,0.0
2026-01-06 06:00:00,1803.3333333333333,0.6,0.0
2026-01-06 07:00:00,1786.6666666666667,0.4,0.0
2026-01-06 08:00:00,1770.0,-0.4,0.0
2026-01-06 09:00:00,1770.0,-0.2,0.0
2026-01-06 10:00:00,1770.0,1.3,0.0
2026-01-06 11:00:00,1770.0,3.0,0.0
2026-01-06 12:00:00,1770.0,4.5,0.0
2026-01-06 13:00:00,1770.0,5.4,0.0
2026-01-06 14:00:00,1770.0,5.9,0.0
2026-01-06 15:00:00,1786.6666666666667,6.7,0.0
2026-01-06 16:00:00,1810.0,7.2,0.0
2026-01-06 17:00:00,1826.6666666666667,5.8,0.0
2026-01-06 18:00:00,1853.3333333333333,3.7,0.0
2026-01-06 19:00:00,1894.1666666666667,3.7,0.0
2026-01-06 20:00:00,1935.8333333333333,2.3,0.0
2026-01-06 21:00:00,1940.0,3.3,0.0
2026-01-06 22:00:00,1946.6666666666667,3.8,0.0
2026-01-06 23:00:00,1960.0,5.4,0.0
2026-01-07 00:00:00,1963.3333333333333,6.4,0.0
2026-01-07 01:00:00,1960.0,7.2,0.0
2026-01-07 02:00:00,1966.6666666666667,5.4,0.0
2026-01-07 03:00:00,1943.3333333333333,5.3,0.0
2026-01-07 04:00:00,1940.0,5.6,0.0
2026-01-07 05:00:00,1940.0,6.2,0.0
2026-01-07 06:00:00,1927.5,6.5,0.0
2026-01-07 07:00:00,1919.1666666666667,6.3,0.0
2026-01-07 08:00:00,1935.8333333333333,4.8,0.0
2026-01-07 09:00:00,1956.6666666666667,4.9,0.0
2026-01-07 10:00:00,1980.8333333333333,7.1,0.0
2026-01-07 11:00:00,1992.5,9.9,0.0
2026-01-07 12:00:00,2030.0,10.4,0.0
2026-01-07 13:00:00,2033.3333333333333,12.7,0.0
2026-01-07 14:00:00,2033.3333333333333,15.0,0.0
2026-01-07 15:00:00,2036.6666666666667,15.8,0.0
2026-01-07 16:00:00,2033.3333333333333,15.2,0.0
2026-01-07 17:00:00,2046.6666666666667,14.2,0.0
2026-01-07 18:00:00,2043.3333333333333,11.6,0.0
2026-01-07 19:00:00,2011.6666666666667,9.7,0.0
2026-01-07 20:00:00,2005.8333333333333,9.8,0.0
2026-01-07 21:00:00,2016.6666666666667,9.4,0.0
2026-01-07 22:00:00,2030.0,8.6,0.0
2026-01-07 23:00:00,2030.0,8.0,0.0
2026-01-08 00:00:00,2030.0,7.5,0.0
2026-01-08 01:00:00,2036.6666666666667,6.0,0.0
2026-01-08 02:00:00,2030.0,3.9,0.0
2026-01-08 03:00:00,2030.0,3.7,0.0
2026-01-08 04:00:00,2030.0,3.5,0.0
2026-01-08 05:00:00,2013.3333333333333,3.4,0.0
2026-01-08 06:00:00,1988.3333333333333,2.9,0.0
2026-01-08 07:00:00,1984.1666666666667,2.7,0.0
2026-01-08 08:00:00,1984.1666666666667,0.9,0.0
2026-01-08 09:00:00,1992.5,1.1,0.0
2026-01-08 10:00:00,1988.3333333333333,3.1,0.0
2026-01-08 11:00:00,1980.0,6.2,0.0
2026-01-08 12:00:00,1980.0,8.4,0.0
2026-01-08 13:00:00,1980.0,9.9,0.0
2026-01-08 14:00:00,1973.3333333333333,11.9,0.0
2026-01-08 15:00:00,1940.0,12.3,0.0
2026-01-08 16:00:00,1940.0,12.2,0.0
2026-01-08 17:00:00,1940.0,11.2,0.0
2026-01-08 18:00:00,1963.3333333333333,9.2,0.0
2026-01-08 19:00:00,1980.0,7.7,0.0
2026-01-08 20:00:00,1984.1666666666667,7.5,0.0
2026-01-08 21:00:00,2000.8333333333333,6.5,0.0
2026-01-08 22:00:00,2005.0,5.7,0.0
2026-01-08 23:00:00,2009.1666666666667,5.1,0.0
2026-01-09 00:00:00,1996.6666666666667,5.0,0.0
2026-01-09 01:00:00,1984.1666666666667,5.0,0.0
2026-01-09 02:00:00,1980.0,5.3,0.0
2026-01-09 03:00:00,1960.0,4.7,0.0
2026-01-09 04:00:00,1940.0,4.3,0.0
2026-01-09 05:00:00,1915.0,3.5,0.0
2026-01-09 06:00:00,1890.0,3.1,0.0
2026-01-09 07:00:00,1890.0,2.8,0.0
2026-01-09 08:00:00,1890.0,2.8,0.0
2026-01-09 09:00:00,1880.0,3.3,0.0
2026-01-09 10:00:00,1856.6666666666667,4.6,0.0
2026-01-09 11:00:00,1853.3333333333333,5.7,0.0
2026-01-09 12:00:00,1850.0,6.6,0.0
2026-01-09 13:00:00,1850.0,8.3,0.0
2026-01-09 14:00:00,1823.3333333333333,8.9,0.0
2026-01-09 15:00:00,1790.0,10.2,0.0
2026-01-09 16:00:00,1810.0,10.3,2.2
2026-01-09 17:00:00,1816.6666666666667,11.2,0.7
2026-01-09 18:00:00,1806.6666666666667,11.6,0.3
2026-01-09 19:00:00,1800.0,12.0,0.1
2026-01-09 20:00:00,1780.0,11.6,0.1
2026-01-09 21:00:00,1796.6666666666667,11.9,0.0
2026-01-09 22:00:00,1810.0,12.2,0.0
2026-01-09 23:00:00,1830.0,12.2,0.0
2026-01-10 00:00:00,1850.0,11.7,0.0
2026-01-10 01:00:00,1850.0,11.4,0.0
2026-01-10 02:00:00,1850.0,10.3,0.0
2026-01-10 03:00:00,1863.3333333333333,9.2,0.0
2026-01-10 04:00:00,1853.3333333333333,9.1,0.0
2026-01-10 05:00:00,1850.0,9.5,0.0
2026-01-10 06:00:00,1850.0,9.1,0.0
2026-01-10 07:00:00,1850.0,8.6,0.0
2026-01-10 08:00:00,1850.0,8.9,0.1
2026-01-10 09:00:00,1850.0,8.7,0.6
2026-01-10 10:00:00,1830.0,8.6,0.8
2026-01-10 11:00:00,1810.0,8.5,0.9
2026-01-10 12:00:00,1806.6666666666667,8.5,1.1
2026-01-10 13:00:00,1800.0,8.4,1.8
2026-01-10 14:00:00,1803.3333333333333,8.0,2.5
2026-01-10 15:00:00,1810.0,7.7,4.0
2026-01-10 16:00:00,1826.6666666666667,7.6,3.8
2026-01-10 17:00:00,1850.0,7.5,3.4
2026-01-10 18:00:00,1890.8333333333333,7.2,2.6
2026-01-10 19:00:00,1979.1666666666667,7.2,0.9
2026-01-10 20:00:00,2105.8333333333335,6.9,0.1
2026-01-10 21:00:00,2280.0,6.9,1.1
2026-01-10 22:00:00,2458.3333333333335,7.5,0.0
2026-01-10 23:00:00,2712.5,7.5,6.1
2026-01-11 00:00:00,2716.6666666666665,7.3,0.0
2026-01-11 01:00:00,2650.0,8.0,0.0
2026-01-11 02:00:00,2658.3333333333335,7.6,0.0
2026-01-11 03:00:00,2741.6666666666665,7.9,0.0
2026-01-11 04:00:00,2812.5,8.5,0.0
2026-01-11 05:00:00,2875.0,8.2,0.0
2026-01-11 06:00:00,2971.6666666666665,7.7,0.1
2026-01-11 07:00:00,3043.3333333333335,6.6,0.1
2026-01-11 08:00:00,3095.0,7.1,0.0
2026-01-11 09:00:00,3096.6666666666665,5.9,0.0
2026-01-11 10:00:00,3043.3333333333335,5.7,0.0
2026-01-11 11:00:00,3039.1666666666665,6.5,0.0
2026-01-11 12:00:00,3039.1666666666665,7.4,0.0
2026-01-11 13:00:00,3030.8333333333335,8.2,0.0
2026-01-11 14:00:00,3065.0,7.8,0.1
2026-01-11 15:00:00,3099.1666666666665,7.1,0.0
2026-01-11 16:00:00,3124.4444444444443,6.2,0.0
2026-01-11 17:00:00,3120.0,4.4,0.0
2026-01-11 18:00:00,3072.0,2.6,0.0
2026-01-11 19:00:00,3010.0,1.4,0.0
2026-01-11 20:00:00,2918.3333333333335,2.0,0.0
2026-01-11 21:00:00,2850.0,1.4,0.0
2026-01-11 22:00:00,2857.1428571428573,1.0,0.0
2026-01-11 23:00:00,2822.222222222222,0.6,0.0
2026-01-12 00:00:00,2860.0,0.4,0.0
2026-01-12 01:00:00,2820.0,0.3,0.0
2026-01-12 02:00:00,2800.0,0.5,0.0
2026-01-12 03:00:00,2765.0,0.1,0.0
2026-01-12 04:00:00,2772.222222222222,-0.1,0.0
2026-01-12 05:00:00,2754.1666666666665,-0.5,0.0
2026-01-12 06:00:00,2695.8333333333335,-0.6,0.0
2026-01-12 07:00:00,2612.5,-0.4,0.0
2026-01-12 08:00:00,2525.0,0.1,0.0
2026-01-12 09:00:00,2458.3333333333335,0.4,0.0
2026-01-12 10:00:00,2408.3333333333335,1.4,0.0
2026-01-12 11:00:00,2383.3333333333335,2.8,0.0
2026-01-12 12:00:00,2345.8333333333335,3.8,0.0
2026-01-12 13:00:00,2350.0,4.9,0.0
2026-01-12 14:00:00,2354.1666666666665,6.4,0.0
2026-01-12 15:00:00,2354.1666666666665,7.1,0.0
2026-01-12 16:00:00,2370.8333333333335,7.4,0.0
2026-01-12 17:00:00,2375.0,7.2,0.0
2026-01-12 18:00:00,2400.0,5.2,0.0
2026-01-12 19:00:00,2400.0,4.7,0.0
2026-01-12 20:00:00,2441.6666666666665,4.1,0.0
2026-01-12 21:00:00,2450.0,3.6,0.0
2026-01-12 22:00:00,2450.0,3.0,0.0
2026-01-12 23:00:00,2458.3333333333335,2.0,0.0
2026-01-13 00:00:00,2500.0,0.9,0.0
2026-01-13 01:00:00,2504.1666666666665,0.1,0.0
2026-01-13 02:00:00,2529.1666666666665,-0.4,0.0
2026-01-13 03:00:00,2550.0,-1.3,0.0
2026-01-13 04:00:00,2570.8333333333335,-1.7,0.0
2026-01-13 05:00:00,2595.8333333333335,-1.8,0.0
2026-01-13 06:00:00,2600.0,-1.9,0.0
2026-01-13 07:00:00,2600.0,-2.3,0.0
2026-01-13 08:00:00,2600.0,-2.5,0.0
2026-01-13 09:00:00,2600.0,-2.1,0.0
2026-01-13 10:00:00,2600.0,0.2,0.0
2026-01-13 11:00:00,2600.0,2.8,0.0
2026-01-13 12:00:00,2600.0,5.6,0.0
2026-01-13 13:00:00,2600.0,7.5,0.0
2026-01-13 14:00:00,2616.6666666666665,9.1,0.0
2026-01-13 15:00:00,2650.0,9.9,0.0
2026-01-13 16:00:00,2654.1666666666665,9.9,0.0
2026-01-13 17:00:00,2687.5,8.8,0.0
2026-01-13 18:00:00,2700.0,7.7,0.0
2026-01-13 19:00:00,2695.8333333333335,7.2,0.0
2026-01-13 20:00:00,2700.0,8.4,0.0
2026-01-13 21:00:00,2704.1666666666665,8.8,0.0
2026-01-13 22:00:00,2700.0,8.8,0.0
2026-01-13 23:00:00,2712.5,8.7,0.0
2026-01-14 00:00:00,2737.5,8.8,0.0
2026-01-14 01:00:00,2745.8333333333335,8.7,0.0
2026-01-14 02:00:00,2745.8333333333335,9.3,0.0
2026-01-14 03:00:00,2750.0,8.9,0.0
2026-01-14 04:00:00,2750.0,8.5,0.0
2026-01-14 05:00:00,2754.1666666666665,7.8,0.0
2026-01-14 06:00:00,2750.0,7.1,0.0
2026-01-14 07:00:00,2750.0,6.7,0.0
2026-01-14 08:00:00,2750.0,6.9,0.0
2026-01-14 09:00:00,2762.5,6.6,0.0
2026-01-14 10:00:00,2800.0,7.1,0.0
2026-01-14 11:00:00,2800.0,7.7,0.0
2026-01-14 12:00:00,2800.0,9.0,0.0
2026-01-14 13:00:00,2795.8333333333335,10.1,0.0
2026-01-14 14:00:00,2754.1666666666665,9.7,0.0
2026-01-14 15:00:00,2750.0,9.7,0.0
2026-01-14 16:00:00,2750.0,9.5,0.0
2026-01-14 17:00:00,2750.0,9.1,0.0
2026-01-14 18:00:00,2758.3333333333335,8.2,0.0
2026-01-14 19:00:00,2791.6666666666665,7.3,0.0
2026-01-14 20:00:00,2791.6666666666665,6.9,0.0
2026-01-14 21:00:00,2762.5,6.9,0.0
2026-01-14 22:00:00,2800.0,6.5,0.0
2026-01-14 23:00:00,2783.3333333333335,6.6,0.0
2026-01-15 00:00:00,2770.8333333333335,6.4,0.1
2026-01-15 01:00:00,2787.5,6.1,0.0
2026-01-15 02:00:00,2758.3333333333335,6.2,0.2
2026-01-15 03:00:00,2750.0,5.8,0.6
2026-01-15 04:00:00,2754.1666666666665,4.9,0.1
2026-01-15 05:00:00,2775.0,3.5,0.0
2026-01-15 06:00:00,2795.8333333333335,1.3,0.0
2026-01-15 07:00:00,2800.0,-0.4,0.0
2026-01-15 08:00:00,2709.090909090909,-0.9,0.0
2026-01-15 09:00:00,2708.3333333333335,-1.4,0.0
2026-01-15 10:00:00,2663.6363636363635,-0.8,0.0
2026-01-15 11:00:00,2670.8333333333335,-0.4,0.0
2026-01-15 12:00:00,2713.6363636363635,-0.3,0.0
2026-01-15 13:00:00,2691.6666666666665,-0.8,0.0
2026-01-15 14:00:00,2650.0,-1.0,0.0
2026-01-15 15:00:00,2710.0,-0.6,0.0
2026-01-15 16:00:00,2711.1111111111113,-0.8,0.0
2026-01-15 17:00:00,2786.3636363636365,-1.7,0.0
2026-01-15 18:00:00,2873.6363636363635,-3.1,0.0
2026-01-15 19:00:00,2981.1111111111113,-4.1,0.0
2026-01-15 20:00:00,3010.0,-4.5,0.0
2026-01-15 21:00:00,3062.7272727272725,-4.9,0.0
2026-01-15 22:00:00,3118.181818181818,-5.3,0.0
2026-01-15 23:00:00,3179.0,-5.6,0.0
2026-01-16 00:00:00,3288.3333333333335,-5.6,0.0
2026-01-16 01:00:00,3443.3333333333335,-5.4,0.0
2026-01-16 02:00:00,3600.0,-5.3,0.0
2026-01-16 03:00:00,3710.0,-5.6,0.0
2026-01-16 04:00:00,3751.6666666666665,-5.7,0.0
2026-01-16 05:00:00,3815.0,-5.6,0.0
2026-01-16 06:00:00,3870.0,-5.5,0.0
2026-01-16 07:00:00,3870.0,-5.4,0.0
2026-01-16 08:00:00,3855.0,-5.0,0.0
2026-01-16 09:00:00,3850.0,-4.8,0.0
2026-01-16 10:00:00,3870.0,-3.6,0.0
2026-01-16 11:00:00,3860.0,-2.1,0.0
2026-01-16 12:00:00,3845.0,-1.0,0.0
2026-01-16 13:00:00,3850.0,0.4,0.0
2026-01-16 14:00:00,3820.0,-0.1,0.0
2026-01-16 15:00:00,3800.0,1.0,0.0
2026-01-16 16:00:00,3800.0,1.1,0.0
2026-01-16 17:00:00,3820.0,1.1,0.0
2026-01-16 18:00:00,3850.0,1.0,0.0
2026-01-16 19:00:00,3845.0,1.1,0.0
2026-01-16 20:00:00,3820.0,0.2,0.0
2026-01-16 21:00:00,3805.0,0.5,0.0
2026-01-16 22:00:00,3800.0,1.3,0.0
2026-01-16 23:00:00,3760.0,1.6,0.0
2026-01-17 00:00:00,3740.0,1.5,0.0
2026-01-17 01:00:00,3727.5,1.1,0.1
2026-01-17 02:00:00,3690.0,1.8,0.2
2026-01-17 03:00:00,3690.0,1.6,0.0
2026-01-17 04:00:00,3640.0,1.5,0.0
2026-01-17 05:00:00,3630.0,1.6,0.0
2026-01-17 06:00:00,3610.0,1.7,0.0
2026-01-17 07:00:00,3605.0,1.8,0.0
2026-01-17 08:00:00,3630.0,1.9,0.0
2026-01-17 09:00:00,3630.0,1.8,0.0
2026-01-17 10:00:00,3640.0,2.2,0.0
2026-01-17 11:00:00,3690.0,2.5,0.4
2026-01-17 12:00:00,3690.0,2.1,0.9
2026-01-17 13:00:00,3690.0,3.5,0.1
2026-01-17 14:00:00,3727.5,3.2,0.0
2026-01-17 15:00:00,3745.0,4.6,0.0
2026-01-17 16:00:00,3750.0,5.8,0.0
2026-01-17 17:00:00,3740.0,5.9,0.0
2026-01-17 18:00:00,3755.0,3.5,0.0
2026-01-17 19:00:00,3740.0,2.4,0.0
2026-01-17 20:00:00,3740.0,1.8,0.0
2026-01-17 21:00:00,3723.3333333333335,1.0,0.0
2026-01-17 22:00:00,3690.0,0.5,0.0
2026-01-17 23:00:00,3655.0,0.4,0.0
2026-01-18 00:00:00,3610.0,0.1,0.0
2026-01-18 01:00:00,3530.0,1.1,0.0
2026-01-18 02:00:00,3475.0,1.3,0.0
2026-01-18 03:00:00,3429.1666666666665,1.4,0.1
2026-01-18 04:00:00,3390.0,1.4,0.2
2026-01-18 05:00:00,3340.0,1.2,0.3
2026-01-18 06:00:00,3310.0,1.3,0.8
2026-01-18 07:00:00,3280.0,1.0,1.0
2026-01-18 08:00:00,3242.5,1.2,0.7
2026-01-18 09:00:00,3238.3333333333335,1.3,0.4
2026-01-18 10:00:00,3210.0,1.9,0.1
2026-01-18 11:00:00,3220.0,2.3,0.0
2026-01-18 12:00:00,3185.0,2.7,0.0
2026-01-18 13:00:00,3200.0,2.4,0.0
2026-01-18 14:00:00,3210.0,2.2,0.1
2026-01-18 15:00:00,3170.0,2.0,0.2
2026-01-18 16:00:00,3170.0,1.7,0.4
2026-01-18 17:00:00,3180.0,0.9,0.4
2026-01-18 18:00:00,3161.6666666666665,-0.2,0.3
2026-01-18 19:00:00,3149.1666666666665,-0.9,0.1
2026-01-18 20:00:00,3122.5,-1.2,0.0
2026-01-18 21:00:00,3107.5,-1.4,0.0
2026-01-18 22:00:00,3094.1666666666665,-2.2,0.0
2026-01-18 23:00:00,3120.0,-3.2,0.0
2026-01-19 00:00:00,3120.0,-3.8,0.0
2026-01-19 01:00:00,3100.0,-4.0,0.0
2026-01-19 02:00:00,3060.0,-4.4,0.0
2026-01-19 03:00:00,3060.0,-4.4,0.0
2026-01-19 04:00:00,3060.0,-4.3,0.0
2026-01-19 05:00:00,3026.6666666666665,-4.5,0.0
2026-01-19 06:00:00,3010.0,-4.7,0.0
2026-01-19 07:00:00,2997.5,-4.8,0.0
2026-01-19 08:00:00,2968.3333333333335,-4.5,0.0
2026-01-19 09:00:00,2950.0,-4.6,0.0
2026-01-19 10:00:00,2920.0,-2.8,0.0
2026-01-19 11:00:00,2910.0,0.0,0.0
2026-01-19 12:00:00,2900.0,2.6,0.0
2026-01-19 13:00:00,2905.0,3.4,0.0
2026-01-19 14:00:00,2940.0,3.8,0.0
2026-01-19 15:00:00,2968.3333333333335,4.8,0.0
2026-01-19 16:00:00,2972.5,5.0,0.0
2026-01-19 17:00:00,2968.3333333333335,4.9,0.0
2026-01-19 18:00:00,3001.6666666666665,2.5,0.0
2026-01-19 19:00:00,3001.6666666666665,1.0,0.0
2026-01-19 20:00:00,3014.1666666666665,0.2,0.0
2026-01-19 21:00:00,3010.0,-0.5,0.0
2026-01-19 22:00:00,3035.0,-0.4,0.0
2026-01-19 23:00:00,3055.8333333333335,-0.5,0.0
2026-01-20 00:00:00,3060.0,-1.7,0.0
2026-01-20 01:00:00,3060.0,-3.2,0.0
2026-01-20 02:00:00,3060.0,-2.6,0.0
2026-01-20 03:00:00,3026.6666666666665,-3.7,0.0
2026-01-20 04:00:00,2944.1666666666665,-5.2,0.0
2026-01-20 05:00:00,2875.8333333333335,-6.4,0.0
2026-01-20 06:00:00,2837.5,-6.9,0.0
2026-01-20 07:00:00,2808.3333333333335,-7.3,0.0
2026-01-20 08:00:00,2795.8333333333335,-6.9,0.0
2026-01-20 09:00:00,2791.6666666666665,-7.1,0.0
2026-01-20 10:00:00,2787.5,-6.2,0.0
2026-01-20 11:00:00,2770.8333333333335,-5.2,0.0
2026-01-20 12:00:00,2750.0,-4.2,0.0
2026-01-20 13:00:00,2683.3333333333335,-3.4,0.0
2026-01-20 14:00:00,2629.1666666666665,-1.8,0.0
2026-01-20 15:00:00,2516.6666666666665,-1.1,0.0
2026-01-20 16:00:00,2470.8333333333335,-0.7,0.0
2026-01-20 17:00:00,2433.3333333333335,-1.2,0.0
2026-01-20 18:00:00,2429.1666666666665,-2.4,0.0
2026-01-20 19:00:00,2583.3333333333335,-3.7,0.0
2026-01-20 20:00:00,2783.3333333333335,-4.1,0.0
2026-01-20 21:00:00,2866.6666666666665,-4.6,0.0
2026-01-20 22:00:00,2825.0,-5.0,0.0
2026-01-20 23:00:00,2754.1666666666665,-5.2,0.0
2026-01-21 00:00:00,2708.3333333333335,-5.2,0.0
2026-01-21 01:00:00,2691.6666666666665,-5.1,0.0
2026-01-21 02:00:00,2679.1666666666665,-6.4,0.0
2026-01-21 03:00:00,2683.3333333333335,-7.1,0.0
2026-01-21 04:00:00,2654.1666666666665,-7.3,0.0
2026-01-21 05:00:00,2645.8333333333335,-7.6,0.0
2026-01-21 06:00:00,2595.8333333333335,-7.6,0.0
2026-01-21 07:00:00,2525.0,-7.8,0.0
2026-01-21 08:00:00,2420.8333333333335,-7.6,0.0
2026-01-21 09:00:00,2306.6666666666665,-7.5,0.0
2026-01-21 10:00:00,2189.1666666666665,-5.3,0.0
2026-01-21 11:00:00,2065.8333333333335,-2.7,0.0
2026-01-21 12:00:00,1945.0,-0.2,0.0
2026-01-21 13:00:00,1843.3333333333333,2.0,0.0
2026-01-21 14:00:00,1786.6666666666667,3.3,0.0
2026-01-21 15:00:00,1770.0,4.2,0.0
2026-01-21 16:00:00,1806.6666666666667,4.9,0.0
2026-01-21 17:00:00,1907.5,4.8,0.0
2026-01-21 18:00:00,1922.5,3.6,0.0
2026-01-21 19:00:00,1956.6666666666667,2.8,0.0
2026-01-21 20:00:00,2054.1666666666665,2.3,0.0
2026-01-21 21:00:00,2251.6666666666665,2.3,0.0
2026-01-21 22:00:00,2441.6666666666665,2.4,0.0
2026-01-21 23:00:00,2500.0,2.8,0.0
2026-01-22 00:00:00,2462.5,3.2,0.0
2026-01-22 01:00:00,2337.5,3.4,0.0
2026-01-22 02:00:00,2221.6666666666665,4.5,0.0
2026-01-22 03:00:00,2121.6666666666665,4.3,0.0
2026-01-22 04:00:00,2043.3333333333333,4.0,0.0
2026-01-22 05:00:00,2009.1666666666667,4.1,0.0
2026-01-22 06:00:00,1992.5,4.0,0.0
2026-01-22 07:00:00,2009.1666666666667,3.9,0.0
2026-01-22 08:00:00,2040.0,3.1,0.0
2026-01-22 09:00:00,2078.3333333333335,2.9,0.0
2026-01-22 10:00:00,2133.3333333333335,4.2,0.0
2026-01-22 11:00:00,2176.6666666666665,6.1,0.0
2026-01-22 12:00:00,2201.6666666666665,8.2,0.0
2026-01-22 13:00:00,2222.5,9.8,0.0
2026-01-22 14:00:00,2259.1666666666665,11.8,0.0
2026-01-22 15:00:00,2273.3333333333335,12.1,0.0
2026-01-22 16:00:00,2312.5,11.7,0.0
2026-01-22 17:00:00,2320.8333333333335,10.8,0.0
2026-01-22 18:00:00,2325.0,8.1,0.0
2026-01-22 19:00:00,2302.5,5.7,0.0
2026-01-22 20:00:00,2260.0,4.6,0.0
2026-01-22 21:00:00,2235.0,4.5,0.0
2026-01-22 22:00:00,2210.0,4.0,0.0
2026-01-22 23:00:00,2201.6666666666665,3.2,0.0
2026-01-23 00:00:00,2201.6666666666665,2.3,0.0
2026-01-23 01:00:00,2218.3333333333335,1.7,0.0
2026-01-23 02:00:00,2247.5,1.4,0.0
2026-01-23 03:00:00,2260.0,1.1,0.0
2026-01-23 04:00:00,2260.0,1.3,0.0
2026-01-23 05:00:00,2263.3333333333335,0.9,0.0
2026-01-23 06:00:00,2260.0,-0.1,0.0
2026-01-23 07:00:00,2251.6666666666665,0.0,0.0
2026-01-23 08:00:00,2214.1666666666665,-0.5,0.0
2026-01-23 09:00:00,2201.6666666666665,0.2,0.0
2026-01-23 10:00:00,2172.5,1.8,0.0
2026-01-23 11:00:00,2160.0,3.7,0.0
2026-01-23 12:00:00,2146.6666666666665,4.6,0.0
2026-01-23 13:00:00,2130.0,4.8,0.0
2026-01-23 14:00:00,2111.6666666666665,5.8,0.0
2026-01-23 15:00:00,2078.3333333333335,6.8,0.0
2026-01-23 16:00:00,2043.3333333333333,7.2,0.0
2026-01-23 17:00:00,2040.0,7.1,0.0
2026-01-23 18:00:00,2070.0,5.0,0.0
2026-01-23 19:00:00,2114.1666666666665,2.4,0.0
2026-01-23 20:00:00,2156.6666666666665,2.5,0.0
2026-01-23 21:00:00,2160.0,0.5,0.0
2026-01-23 22:00:00,2160.8333333333335,-1.1,0.0
2026-01-23 23:00:00,2158.3333333333335,-4.2,0.0
2026-01-24 00:00:00,2069.090909090909,-6.4,0.0
2026-01-24 01:00:00,1978.3333333333333,-8.1,0.0
2026-01-24 02:00:00,1906.0,-8.4,0.0
2026-01-24 03:00:00,1937.7777777777778,-10.0,0.0
2026-01-24 04:00:00,1924.5454545454545,-11.1,0.0
2026-01-24 05:00:00,1933.3333333333333,-11.8,0.0
2026-01-24 06:00:00,1959.0,-12.1,0.0
2026-01-24 07:00:00,1958.1818181818182,-12.1,0.0
2026-01-24 08:00:00,1971.6666666666667,-12.1,0.0
2026-01-24 09:00:00,1907.5,-11.8,0.0
2026-01-24 10:00:00,1785.8333333333333,-10.9,0.0
2026-01-24 11:00:00,1630.8333333333333,-9.9,0.0
2026-01-24 12:00:00,1475.0,-8.7,0.0
2026-01-24 13:00:00,1309.1666666666667,-7.5,0.0
2026-01-24 14:00:00,1150.8333333333333,-7.1,0.0
2026-01-24 15:00:00,1030.5833333333333,-6.5,0.0
2026-01-24 16:00:00,965.6666666666666,-6.4,0.0
2026-01-24 17:00:00,973.6666666666666,-6.4,0.0
2026-01-24 18:00:00,1064.1666666666667,-6.6,0.0
2026-01-24 19:00:00,1112.5,-6.6,0.0
2026-01-24 20:00:00,1117.5,-7.1,0.0
2026-01-24 21:00:00,1079.1666666666667,-7.2,0.1
2026-01-24 22:00:00,1080.0,-7.2,0.0
2026-01-24 23:00:00,1140.0,-7.4,0.0
2026-01-25 00:00:00,1312.5,-7.4,0.0
2026-01-25 01:00:00,1595.8333333333333,-7.4,0.0
2026-01-25 02:00:00,1895.0,-8.0,0.1
2026-01-25 03:00:00,2061.6666666666665,-8.3,0.4
2026-01-25 04:00:00,2078.3333333333335,-8.8,0.8
2026-01-25 05:00:00,2024.1666666666667,-9.1,1.4
2026-01-25 06:00:00,1940.8333333333333,-9.2,1.9
2026-01-25 07:00:00,1843.3333333333333,-9.1,2.8
2026-01-25 08:00:00,1763.3333333333333,-9.8,2.9
2026-01-25 09:00:00,1696.6666666666667,-9.7,2.9
2026-01-25 10:00:00,1630.0,-9.3,2.2
2026-01-25 11:00:00,1580.0,-8.1,2.6
2026-01-25 12:00:00,1536.6666666666667,-7.7,2.4
2026-01-25 13:00:00,1483.3333333333333,-7.1,3.5
2026-01-25 14:00:00,1442.5,-7.2,2.3
2026-01-25 15:00:00,1383.3333333333333,-6.6,2.9
2026-01-25 16:00:00,1331.6666666666667,-6.1,2.0
2026-01-25 17:00:00,1283.3333333333333,-5.3,2.9
2026-01-25 18:00:00,1234.1666666666667,-4.6,3.0
2026-01-25 19:00:00,1172.5,-4.1,1.7
2026-01-25 20:00:00,1112.5,-4.6,1.6
2026-01-25 21:00:00,1079.1666666666667,-4.2,0.4
2026-01-25 22:00:00,1045.0,-4.1,0.1
2026-01-25 23:00:00,1040.0,-4.8,0.0
2026-01-26 00:00:00,1035.0,-5.2,0.0
2026-01-26 01:00:00,1035.0,-6.2,0.0
2026-01-26 02:00:00,1040.0,-7.4,0.0
2026-01-26 03:00:00,1020.0,-8.1,0.0
2026-01-26 04:00:00,1020.0,-8.7,0.0
2026-01-26 08:00:00,1020.0,-5.2,0.0
2026-01-26 12:00:00,1030.0,-5.7,0.0
2026-01-26 16:00:00,1090.0,-4.7,0.0
2026-01-26 20:00:00,1150.0,-7.2,0.0
2026-01-27 00:00:00,1130.0,-8.8,0.0
2026-01-27 04:00:00,1060.0,-10.1,0.0
2026-01-27 08:00:00,949.0,-13.8,0.0
2026-01-27 12:00:00,806.0,-9.9,0.0
2026-01-27 16:00:00,769.0,-4.0,0.0
2026-01-27 20:00:00,847.0,-6.8,0.0
2026-01-28 00:00:00,778.0,-6.8,0.1
2026-01-28 04:00:00,750.0,-9.2,0.0
2026-01-28 08:00:00,807.0,-12.4,0.0
2026-01-28 12:00:00,898.0,-8.3,0.0
2026-01-28 16:00:00,1100.0,-5.2,0.0
2026-01-28 20:00:00,1370.0,-8.4,0.0
2026-01-29 00:00:00,1340.0,-11.1,0.0
2026-01-29 04:00:00,1260.0,-11.9,0.0
2026-01-29 08:00:00,1200.0,-13.5,0.0
2026-01-29 12:00:00,1340.0,-8.5,0.0
2026-01-29 16:00:00,1710.0,-7.8,0.0
2026-01-29 20:00:00,1760.0,-10.0,0.0
2026-01-30 00:00:00,1610.0,-11.3,0.0
2026-01-30 04:00:00,1510.0,-12.8,0.0
2026-01-30 08:00:00,1370.0,-13.6,0.0
2026-01-30 12:00:00,1320.0,-9.9,0.0
2026-01-30 16:00:00,1690.0,-7.8,0.0
2026-01-30 20:00:00,1920.0,-13.7,0.0
2026-01-31 00:00:00,1810.0,-13.4,0.0
2026-01-31 04:00:00,1750.0,-13.8,0.0
2026-01-31 08:00:00,1630.0,-13.9,0.0
2026-01-31 12:00:00,1570.0,-9.6,0.0
2026-01-31 16:00:00,1610.0,-7.1,0.0
2026-01-31 20:00:00,1910.0,-8.4,0.0
2026-02-01 00:00:00,2020.0,-9.3,0.0
2026-02-01 04:00:00,1910.0,-10.7,0.0
2026-02-01 08:00:00,1790.0,-11.5,0.0
2026-02-01 12:00:00,1680.0,-9.6,0.0
2026-02-01 16:00:00,1830.0,-5.1,0.0
2026-02-01 20:00:00,2010.0,-6.0,0.0
